target_date,origin_date,horizon_days,geoglows_m3s,forecast_m3s,forecast_low_m3s,forecast_high_m3s,no_rain_forecast_m3s,forecast_low_cal_m3s,forecast_high_cal_m3s
2024-03-02,2024-03-01,1,1.2800,1.3226,1.3183,1.3600,1.2512,1.3173,1.3610
2024-03-03,2024-03-02,1,1.5400,1.5228,1.3660,2.3560,1.2317,1.3650,2.3574
2024-03-04,2024-03-03,1,1.7100,1.5238,1.3489,1.6339,1.7429,1.3479,1.6350
2024-03-05,2024-03-04,1,3.1800,2.1532,2.0144,3.4135,2.8074,2.0131,3.4154
2024-03-06,2024-03-05,1,3.8800,3.2951,2.4772,3.6896,3.2586,2.4757,3.6916
2024-03-07,2024-03-06,1,1.4800,1.5060,1.1994,3.2448,1.5344,1.1985,3.2466
2024-03-08,2024-03-07,1,1.1800,1.1477,1.0356,1.4209,1.1809,1.0347,1.4219
2024-03-09,2024-03-08,1,1.1600,1.1570,1.1479,1.1817,1.1484,1.1470,1.1826
2024-03-10,2024-03-09,1,1.1600,1.1571,1.1212,1.1646,1.1523,1.1203,1.1655
2024-03-11,2024-03-10,1,1.1400,1.1578,1.1223,1.1629,1.1507,1.1214,1.1638
2024-03-12,2024-03-11,1,1.1200,1.1380,1.1205,1.1492,1.1377,1.1196,1.1501
2024-03-13,2024-03-12,1,1.1100,1.0943,1.0873,1.1096,1.0930,1.0864,1.1105
2024-03-14,2024-03-13,1,1.0900,1.0949,1.0873,1.1101,1.0936,1.0864,1.1110
2024-03-15,2024-03-14,1,1.0800,1.0841,1.0267,1.0897,1.0949,1.0258,1.0906
2024-03-16,2024-03-15,1,1.0800,1.0490,1.0151,1.0725,1.0516,1.0143,1.0734
2024-03-17,2024-03-16,1,1.0600,1.0477,1.0146,1.0720,1.0508,1.0138,1.0729
2024-03-18,2024-03-17,1,1.0400,1.0454,1.0152,1.0607,1.0504,1.0144,1.0616
2024-03-19,2024-03-18,1,1.0400,1.0364,0.9946,1.0443,1.0121,0.9938,1.0452
2024-03-20,2024-03-19,1,1.0200,1.0362,0.9803,1.0434,1.0124,0.9795,1.0443
2024-03-21,2024-03-20,1,1.0000,1.0056,0.9533,1.0082,1.0101,0.9525,1.0090
2024-03-22,2024-03-21,1,0.9900,0.9779,0.9446,1.0066,0.9751,0.9438,1.0074
2024-03-23,2024-03-22,1,0.9700,0.9747,0.9371,0.9974,0.9752,0.9363,0.9982
2024-03-24,2024-03-23,1,0.9500,0.9681,0.9353,0.9687,0.9729,0.9345,0.9695
2024-03-25,2024-03-24,1,0.9400,0.9353,0.9114,0.9425,0.9318,0.9106,0.9433
2024-03-26,2024-03-25,1,0.9300,0.9361,0.9108,0.9390,0.9350,0.9100,0.9398
2024-03-27,2024-03-26,1,0.9200,0.9092,0.9088,0.9372,0.9047,0.9080,0.9380
2024-03-28,2024-03-27,1,0.9100,0.9087,0.8918,0.9173,0.9135,0.8910,0.9181
2024-03-29,2024-03-28,1,0.9000,0.8819,0.8817,0.9030,0.8861,0.8809,0.9038
2024-03-30,2024-03-29,1,0.9100,0.8950,0.8852,0.9157,0.8854,0.8844,0.9165
2024-03-31,2024-03-30,1,0.8900,0.8803,0.8789,0.9020,0.8922,0.8781,0.9028
2024-04-01,2024-03-31,1,0.8800,0.8728,0.8722,0.9009,0.8871,0.8714,0.9017
2024-04-02,2024-04-01,1,0.8600,0.8719,0.8327,0.8754,0.8558,0.8319,0.8762
2024-04-03,2024-04-02,1,0.8500,0.8485,0.8200,0.8560,0.8551,0.8192,0.8568
2024-04-04,2024-04-03,1,0.8300,0.8485,0.8201,0.8488,0.8280,0.8193,0.8496
2024-04-05,2024-04-04,1,0.8200,0.8201,0.8059,0.8210,0.8227,0.8051,0.8218
2024-04-06,2024-04-05,1,0.8200,0.8197,0.7987,0.8206,0.8198,0.7979,0.8214
2024-04-07,2024-04-06,1,0.8100,0.8197,0.7987,0.8201,0.8186,0.7979,0.8209
2024-04-08,2024-04-07,1,0.8000,0.7930,0.7832,0.8069,0.7958,0.7825,0.8077
2024-04-09,2024-04-08,1,0.7700,0.7923,0.7535,0.7930,0.7752,0.7528,0.7938
2024-04-10,2024-04-09,1,0.7700,0.7678,0.7360,0.7695,0.7506,0.7353,0.7702
2024-04-11,2024-04-10,1,0.7600,0.7678,0.7360,0.7688,0.7501,0.7353,0.7695
2024-04-12,2024-04-11,1,0.7400,0.7448,0.7269,0.7735,0.7494,0.7262,0.7742
2024-04-13,2024-04-12,1,0.7300,0.7209,0.7112,0.7352,0.7241,0.7105,0.7359
2024-04-14,2024-04-13,1,0.7300,0.7240,0.7116,0.7247,0.7254,0.7109,0.7254
2024-04-15,2024-04-14,1,0.7300,0.7219,0.7113,0.7237,0.7297,0.7106,0.7244
2024-04-16,2024-04-15,1,0.7200,0.7212,0.7078,0.7244,0.7294,0.7071,0.7251
2024-04-17,2024-04-16,1,0.7000,0.7004,0.6981,0.7209,0.7026,0.6974,0.7216
2024-04-18,2024-04-17,1,0.6900,0.6984,0.6794,0.7144,0.6999,0.6787,0.7151
2024-04-19,2024-04-18,1,0.6800,0.6777,0.6654,0.6861,0.6808,0.6647,0.6868
2024-04-20,2024-04-19,1,0.6700,0.6762,0.6622,0.6777,0.6792,0.6615,0.6784
2024-04-21,2024-04-20,1,0.6600,0.6561,0.6399,0.6703,0.6593,0.6392,0.6710
2024-04-22,2024-04-21,1,0.6400,0.6559,0.6402,0.6570,0.6405,0.6395,0.6577
2024-04-23,2024-04-22,1,0.6400,0.6382,0.6287,0.6474,0.6410,0.6280,0.6481
2024-04-24,2024-04-23,1,0.6400,0.6392,0.6283,0.6455,0.6415,0.6276,0.6462
2024-04-25,2024-04-24,1,0.6400,0.6384,0.6276,0.6438,0.6393,0.6269,0.6445
2024-04-26,2024-04-25,1,0.6300,0.6380,0.6240,0.6437,0.6394,0.6233,0.6444
2024-04-27,2024-04-26,1,0.6300,0.6199,0.6167,0.6270,0.6118,0.6160,0.6277
2024-04-28,2024-04-27,1,0.6100,0.6209,0.6174,0.6270,0.6125,0.6167,0.6277
2024-04-29,2024-04-28,1,0.6000,0.6046,0.5921,0.6092,0.6070,0.5914,0.6099
2024-04-30,2024-04-29,1,0.5900,0.5883,0.5826,0.6068,0.5913,0.5819,0.6075
2024-05-01,2024-04-30,1,0.5800,0.5869,0.5671,0.5887,0.5756,0.5664,0.5894
2024-05-02,2024-05-01,1,0.5700,0.5727,0.5627,0.5838,0.5745,0.5620,0.5845
2024-05-03,2024-05-02,1,0.5700,0.5575,0.5563,0.5804,0.5589,0.5556,0.5811
2024-05-04,2024-05-03,1,0.5600,0.5564,0.5475,0.5776,0.5578,0.5469,0.5783
2024-05-05,2024-05-04,1,0.5500,0.5562,0.5383,0.5609,0.5581,0.5377,0.5616
2024-05-06,2024-05-05,1,0.5500,0.5417,0.5360,0.5487,0.5422,0.5354,0.5494
2024-05-07,2024-05-06,1,0.5600,0.5451,0.5359,0.5508,0.5423,0.5353,0.5515
2024-05-08,2024-05-07,1,0.5500,0.5568,0.5361,0.5655,0.5620,0.5355,0.5662
2024-05-09,2024-05-08,1,0.5400,0.5417,0.5337,0.5484,0.5365,0.5331,0.5490
2024-05-10,2024-05-09,1,0.5400,0.5261,0.5227,0.5379,0.5301,0.5221,0.5385
2024-05-11,2024-05-10,1,0.5300,0.5298,0.5069,0.5375,0.5308,0.5063,0.5381
2024-05-12,2024-05-11,1,0.5200,0.5270,0.5035,0.5286,0.5288,0.5029,0.5292
2024-05-13,2024-05-12,1,0.5100,0.5144,0.4966,0.5251,0.5193,0.4960,0.5257
2024-05-14,2024-05-13,1,0.5000,0.5016,0.4846,0.5122,0.5032,0.4840,0.5128
2024-05-15,2024-05-14,1,0.4900,0.4894,0.4845,0.5015,0.4897,0.4839,0.5021
2024-05-16,2024-05-15,1,0.4900,0.4895,0.4830,0.4895,0.4900,0.4824,0.4901
2024-05-17,2024-05-16,1,0.4800,0.4886,0.4826,0.4889,0.4890,0.4820,0.4895
2024-05-18,2024-05-17,1,0.4800,0.4763,0.4642,0.4811,0.4766,0.4636,0.4817
2024-05-19,2024-05-18,1,0.4800,0.4756,0.4640,0.4810,0.4765,0.4634,0.4816
2024-05-20,2024-05-19,1,0.4700,0.4811,0.4556,0.4891,0.4765,0.4550,0.4897
2024-05-21,2024-05-20,1,0.4600,0.4642,0.4577,0.4700,0.4677,0.4571,0.4706
2024-05-22,2024-05-21,1,0.4500,0.4534,0.4419,0.4617,0.4538,0.4413,0.4623
2024-05-23,2024-05-22,1,0.4400,0.4435,0.4261,0.4526,0.4442,0.4255,0.4532
2024-05-24,2024-05-23,1,0.4400,0.4341,0.4262,0.4404,0.4364,0.4256,0.4410
2024-05-25,2024-05-24,1,0.4400,0.4323,0.4256,0.4402,0.4326,0.4250,0.4408
2024-05-26,2024-05-25,1,0.4400,0.4317,0.4253,0.4401,0.4319,0.4247,0.4407
2024-05-27,2024-05-26,1,0.4200,0.4315,0.4253,0.4400,0.4312,0.4247,0.4406
2024-05-28,2024-05-27,1,0.4300,0.4126,0.4081,0.4219,0.4124,0.4075,0.4225
2024-05-29,2024-05-28,1,0.4300,0.4219,0.4162,0.4294,0.4218,0.4156,0.4300
2024-05-30,2024-05-29,1,0.4200,0.4219,0.4162,0.4293,0.4218,0.4156,0.4299
2024-05-31,2024-05-30,1,0.4000,0.4114,0.4076,0.4217,0.4143,0.4070,0.4223
2024-06-01,2024-05-31,1,0.4000,0.3961,0.3922,0.4065,0.3959,0.2678,0.5445
2024-06-02,2024-06-01,1,0.4000,0.3963,0.3923,0.4062,0.3984,0.2679,0.5442
2024-06-03,2024-06-02,1,0.4000,0.3953,0.3941,0.4061,0.3976,0.2695,0.5441
2024-06-04,2024-06-03,1,0.3900,0.3941,0.3910,0.4060,0.3933,0.2667,0.5440
2024-06-05,2024-06-04,1,0.3900,0.3856,0.3717,0.3902,0.3863,0.2491,0.5266
2024-06-06,2024-06-05,1,0.3800,0.3922,0.3785,0.3944,0.3879,0.2553,0.5313
2024-06-07,2024-06-06,1,0.3700,0.3778,0.3597,0.3823,0.3776,0.2382,0.5180
2024-06-08,2024-06-07,1,0.3700,0.3696,0.3567,0.3756,0.3694,0.2354,0.5106
2024-06-09,2024-06-08,1,0.3700,0.3702,0.3565,0.3758,0.3694,0.2353,0.5108
2024-06-10,2024-06-09,1,0.3600,0.3688,0.3560,0.3761,0.3685,0.2348,0.5112
2024-06-11,2024-06-10,1,0.3600,0.3533,0.3500,0.3609,0.3533,0.2293,0.4945
2024-06-12,2024-06-11,1,0.3500,0.3533,0.3500,0.3604,0.3533,0.2293,0.4939
2024-06-13,2024-06-12,1,0.3500,0.3472,0.3428,0.3524,0.3467,0.2228,0.4851
2024-06-14,2024-06-13,1,0.3500,0.3458,0.3423,0.3521,0.3458,0.2223,0.4848
2024-06-15,2024-06-14,1,0.3400,0.3458,0.3423,0.3521,0.3458,0.2223,0.4848
2024-06-16,2024-06-15,1,0.3300,0.3370,0.3207,0.3416,0.3387,0.2027,0.4733
2024-06-17,2024-06-16,1,0.3300,0.3264,0.3205,0.3356,0.3257,0.2025,0.4667
2024-06-18,2024-06-17,1,0.3300,0.3264,0.3205,0.3354,0.3257,0.2025,0.4665
2024-06-19,2024-06-18,1,0.3300,0.3241,0.3198,0.3354,0.3248,0.2018,0.4665
2024-06-20,2024-06-19,1,0.3300,0.3225,0.3210,0.3369,0.3284,0.2029,0.4681
2024-06-21,2024-06-20,1,0.3200,0.4577,0.4223,0.5533,0.3240,0.2952,0.7058
2024-06-22,2024-06-21,1,0.3300,0.3278,0.3215,0.3295,0.3210,0.2034,0.4600
2024-06-23,2024-06-22,1,0.4700,0.3641,0.3342,0.3879,0.3808,0.2150,0.5241
2024-06-24,2024-06-23,1,0.5700,0.4559,0.4487,0.5016,0.4935,0.3192,0.6490
2024-06-25,2024-06-24,1,1.2800,0.8161,0.6807,1.2781,0.5578,0.5305,1.5017
2024-06-26,2024-06-25,1,0.7200,2.1471,1.1810,4.9231,1.2406,0.9861,5.5044
2024-06-27,2024-06-26,1,0.8700,2.9373,1.2360,5.3257,0.6939,1.0362,5.9466
2024-06-28,2024-06-27,1,0.7200,0.9666,0.7527,1.6844,0.7023,0.5961,1.9479
2024-06-29,2024-06-28,1,0.5800,0.6838,0.5797,1.3452,0.6419,0.4385,1.5754
2024-06-30,2024-06-29,1,0.6200,3.4152,0.9652,5.7567,0.6430,0.7896,6.4199
2024-07-01,2024-06-30,1,0.5800,0.7733,0.6054,1.6843,0.6963,0.4619,1.9478
2024-07-02,2024-07-01,1,2.6600,3.7919,1.0636,7.4002,0.6867,0.8792,8.2247
2024-07-03,2024-07-02,1,15.3300,2.3441,1.1688,7.7311,1.4931,0.9750,8.5880
2024-07-04,2024-07-03,1,35.7400,30.8500,25.1552,60.3422,37.9705,22.8175,66.3628
2024-07-05,2024-07-04,1,41.0400,36.4614,30.4980,40.3856,31.0501,27.6828,44.4475
2024-07-06,2024-07-05,1,17.0300,16.9520,12.5502,19.2013,12.6108,11.3391,21.1840
2024-07-07,2024-07-06,1,16.2900,17.3399,12.6429,28.6098,10.8661,11.4235,31.5160
2024-07-08,2024-07-07,1,22.8200,29.5472,26.2897,35.8588,22.9773,23.8506,39.4764
2024-07-09,2024-07-08,1,15.0200,17.1688,15.9342,18.1869,18.1432,14.4207,20.0701
2024-07-10,2024-07-09,1,5.1600,5.4051,4.7490,9.2230,5.8871,4.2352,10.2264
2024-07-11,2024-07-10,1,1.4400,1.6242,1.3434,4.3283,1.7131,1.1340,4.8513
2024-07-12,2024-07-11,1,1.1500,1.6030,1.5939,2.8021,1.2631,1.3621,3.1753
2024-07-13,2024-07-12,1,1.4100,1.4729,1.4300,2.3789,1.2171,1.2128,2.7105
2024-07-14,2024-07-13,1,1.3400,1.7056,1.3994,2.3601,1.5399,1.1850,2.6899
2024-07-15,2024-07-14,1,2.2600,2.3202,1.6441,3.1892,1.3686,1.4078,3.6004
2024-07-16,2024-07-15,1,1.7100,2.1717,1.1384,2.8212,2.5605,0.9473,3.1962
2024-07-17,2024-07-16,1,1.3200,1.5163,1.2215,1.9466,1.6823,1.0230,2.2358
2024-07-18,2024-07-17,1,1.2400,1.4588,1.2264,1.6571,1.3348,1.0274,1.9179
2024-07-19,2024-07-18,1,1.3500,2.5086,1.7836,3.9903,1.3107,1.5348,4.4801
2024-07-20,2024-07-19,1,1.2900,1.5068,1.1451,1.6319,1.4274,0.9534,1.8902
2024-07-21,2024-07-20,1,1.3600,1.4432,1.3793,1.7979,1.2714,1.1666,2.0725
2024-07-22,2024-07-21,1,1.2900,4.4931,2.4731,5.8676,1.3936,2.1627,6.5416
2024-07-23,2024-07-22,1,1.3100,2.9249,2.1514,4.1216,1.3044,1.8697,4.6243
2024-07-24,2024-07-23,1,1.3400,2.8736,2.2103,4.1383,1.3011,1.9234,4.6426
2024-07-25,2024-07-24,1,1.3100,2.2753,1.6345,2.7037,1.3652,1.3990,3.0672
2024-07-26,2024-07-25,1,1.4900,2.2410,1.6053,2.5234,1.2871,1.3724,2.8692
2024-07-27,2024-07-26,1,1.7400,1.5784,1.5674,1.6846,1.9117,1.3379,1.9481
2024-07-28,2024-07-27,1,1.8900,1.7949,1.7834,2.2515,1.8248,1.5346,2.5706
2024-07-29,2024-07-28,1,1.8700,1.8146,1.5686,1.8416,1.8156,1.3390,2.1205
2024-07-30,2024-07-29,1,1.4600,2.0285,1.4705,2.3725,1.7773,1.2497,2.7035
2024-07-31,2024-07-30,1,4.4700,10.3575,4.5619,17.9010,1.4435,4.0648,19.7561
2024-08-01,2024-07-31,1,8.1000,9.6113,7.4607,14.0838,8.7546,6.7045,15.5643
2024-08-02,2024-08-01,1,4.0700,6.1610,3.8265,8.0748,5.0288,3.3951,8.9655
2024-08-03,2024-08-02,1,1.5000,1.7655,1.6106,3.3888,1.7903,1.3773,3.8196
2024-08-04,2024-08-03,1,1.4000,1.4050,1.1668,1.4692,1.4443,0.9731,1.7115
2024-08-05,2024-08-04,1,1.3500,1.4230,1.2196,1.4387,1.4865,1.0212,1.6781
2024-08-06,2024-08-05,1,1.4900,1.4575,1.2446,1.4642,1.3702,1.0440,1.7061
2024-08-07,2024-08-06,1,1.5900,1.6028,1.2866,1.7368,1.7629,1.0822,2.0054
2024-08-08,2024-08-07,1,2.5700,2.1056,1.7155,4.1372,1.9114,1.4728,4.6414
2024-08-09,2024-08-08,1,3.1400,3.2940,2.0391,3.4395,3.3225,1.7675,3.8752
2024-08-10,2024-08-09,1,11.4400,5.7061,2.2556,7.2769,3.3176,1.9646,8.0893
2024-08-11,2024-08-10,1,20.3300,14.8484,8.3069,23.5297,11.7851,7.4751,25.9372
2024-08-12,2024-08-11,1,24.3300,21.5167,11.9646,22.0661,18.9318,10.8059,24.3300
2024-08-13,2024-08-12,1,17.1500,13.2626,10.5767,16.4018,14.3962,9.5420,18.1098
2024-08-14,2024-08-13,1,10.5900,11.1693,8.1428,12.2583,11.7529,7.3257,13.5596
2024-08-15,2024-08-14,1,6.9900,9.5255,6.7273,11.8492,9.1279,6.0367,13.1103
2024-08-16,2024-08-15,1,4.2300,4.4600,3.7690,6.6263,5.1404,3.3428,7.3748
2024-08-17,2024-08-16,1,4.4900,4.3980,2.7475,4.9768,4.6655,2.4126,5.5634
2024-08-18,2024-08-17,1,5.5000,4.6003,3.3547,5.1561,5.7781,2.9655,5.7603
2024-08-19,2024-08-18,1,6.2600,4.9864,3.5049,6.4534,6.4352,3.1023,7.1849
2024-08-20,2024-08-19,1,9.1700,7.8542,4.9525,7.9431,7.3691,4.4205,8.8209
2024-08-21,2024-08-20,1,7.9400,9.6226,5.2804,11.9886,8.5266,4.7191,13.2634
2024-08-22,2024-08-21,1,6.2200,5.6759,4.5364,7.3945,6.6018,4.0416,8.2184
2024-08-23,2024-08-22,1,4.3000,4.3552,3.0511,5.9982,5.6092,2.6890,6.6851
2024-08-24,2024-08-23,1,3.9600,3.5239,2.6517,4.4889,3.8454,2.3253,5.0276
2024-08-25,2024-08-24,1,4.1800,3.9661,2.8038,4.0455,4.2843,2.4638,4.5407
2024-08-26,2024-08-25,1,6.7900,4.5160,3.1600,5.2216,4.1996,2.7882,5.8322
2024-08-27,2024-08-26,1,6.3800,4.8119,3.4517,7.3687,6.4631,3.0538,8.1901
2024-08-28,2024-08-27,1,8.8200,5.1609,3.4617,7.2053,5.7889,3.0629,8.0106
2024-08-29,2024-08-28,1,17.3300,6.2363,3.9543,9.5070,7.5189,3.5115,10.5382
2024-08-30,2024-08-29,1,20.5500,24.3536,13.3960,24.6519,26.5068,12.1093,27.1696
2024-08-31,2024-08-30,1,13.4900,12.1015,9.7267,13.9387,14.1962,8.7680,15.4049
2024-09-01,2024-08-31,1,7.2800,6.9534,5.5743,10.1140,7.5339,4.9867,11.2048
2024-09-02,2024-09-01,1,6.0700,4.9129,4.0159,6.9667,6.1696,3.5676,7.7486
2024-09-03,2024-09-02,1,6.3200,7.5485,4.6490,9.0912,5.6306,4.1441,10.0816
2024-09-04,2024-09-03,1,5.4200,6.2811,3.7009,7.0160,5.8601,3.2808,7.8028
2024-09-05,2024-09-04,1,6.0300,5.3349,3.3598,6.2698,5.3592,2.9701,6.9833
2024-09-06,2024-09-05,1,11.6500,11.6075,3.6628,14.5905,5.9764,3.2461,16.1207
2024-09-07,2024-09-06,1,8.6000,6.3063,5.1663,10.7485,7.9528,4.6152,11.9016
2024-09-08,2024-09-07,1,6.2600,6.8823,4.4577,9.2824,6.4512,3.9699,10.2916
2024-09-09,2024-09-08,1,5.6200,5.5506,4.4286,6.7599,5.7483,3.9434,7.5215
2024-09-10,2024-09-09,1,5.3200,5.1657,4.2904,5.7165,5.4303,3.8176,6.3757
2024-09-11,2024-09-10,1,11.7800,5.5693,4.4083,8.6826,5.0679,3.9249,9.6329
2024-09-12,2024-09-11,1,117.1800,35.5656,5.4248,124.9735,7.0718,4.8506,137.3376
2024-09-13,2024-09-12,1,99.4600,75.5769,5.9644,131.3978,83.1117,5.3419,144.3924
2024-09-14,2024-09-13,1,68.5000,83.6329,6.1279,134.1939,80.7570,5.4908,147.4630
2024-09-15,2024-09-14,1,39.4000,34.3451,6.0632,49.0437,37.6942,5.4319,53.9554
2024-09-16,2024-09-15,1,28.7600,24.8154,5.7063,29.5342,23.4978,5.1069,32.5311
2024-09-17,2024-09-16,1,26.5700,23.4510,5.6288,33.0645,19.5928,5.0363,36.4079
2024-09-18,2024-09-17,1,25.5800,19.4763,5.7452,24.2430,18.4403,5.1423,26.7206
2024-09-19,2024-09-18,1,24.4200,19.5510,5.7352,23.8761,18.7472,5.1332,26.3176
2024-09-20,2024-09-19,1,23.2100,19.5606,5.7109,22.8843,19.4893,5.1111,25.2285
2024-09-21,2024-09-20,1,22.0300,18.1356,5.9363,20.0123,18.6902,5.3164,22.0746
2024-09-22,2024-09-21,1,20.9000,16.3463,6.0078,18.8629,16.3455,5.3815,20.8124
2024-09-23,2024-09-22,1,19.8300,15.0878,6.0078,17.5992,15.3499,5.3815,19.4247
2024-09-24,2024-09-23,1,18.7900,13.7633,5.6969,15.8130,14.6602,5.0984,17.4632
2024-09-25,2024-09-24,1,18.2900,13.2459,5.0548,15.8416,14.3795,4.5136,17.4946
2024-09-26,2024-09-25,1,17.4100,13.3221,5.0548,15.3751,14.2370,4.5136,16.9823
2024-09-27,2024-09-26,1,40.0400,23.3947,5.0548,37.6054,13.3936,4.5136,41.3945
2024-09-28,2024-09-27,1,47.8000,29.7870,5.0548,59.3202,30.8637,4.5136,65.2405
2024-09-29,2024-09-28,1,37.1300,33.7773,5.0548,37.5287,32.8975,4.5136,41.3102
2024-09-30,2024-09-29,1,19.8100,19.0386,5.0548,20.6544,19.0630,4.5136,22.7797
2024-10-01,2024-09-30,1,14.6900,14.9264,5.0548,16.7192,15.0961,5.0523,16.7266
2024-10-02,2024-10-01,1,13.9900,13.6482,5.0548,13.8173,13.1732,5.0523,13.8235
2024-10-03,2024-10-02,1,13.6000,13.2794,5.0548,13.8449,12.7869,5.0523,13.8511
2024-10-04,2024-10-03,1,13.2100,12.9109,5.0548,13.6528,12.7663,5.0523,13.6590
2024-10-05,2024-10-04,1,12.8200,11.9208,5.0548,12.8937,11.9965,5.0523,12.8995
2024-10-06,2024-10-05,1,12.4400,11.3263,5.0548,12.3694,11.6452,5.0523,12.3750
2024-10-07,2024-10-06,1,12.0800,10.4263,5.0548,11.6099,10.7401,5.0523,11.6152
2024-10-08,2024-10-07,1,11.7300,10.1241,5.0548,11.3698,10.7725,5.0523,11.3750
2024-10-09,2024-10-08,1,11.3600,9.5861,5.0548,11.0983,10.3707,5.0523,11.1034
2024-10-10,2024-10-09,1,11.0100,9.3273,5.0548,10.6760,10.0128,5.0523,10.6809
2024-10-11,2024-10-10,1,10.6600,9.5516,5.0548,10.6941,10.3598,5.0523,10.6990
2024-10-12,2024-10-11,1,10.3200,9.0561,5.0548,10.7028,9.7588,5.0523,10.7077
2024-10-13,2024-10-12,1,9.9900,9.0530,5.0548,9.7140,9.7271,5.0523,9.7185
2024-10-14,2024-10-13,1,9.6700,8.7622,5.0548,9.7324,8.7466,5.0523,9.7369
2024-10-15,2024-10-14,1,9.3500,8.3500,5.0548,9.7365,8.6625,5.0523,9.7410
2024-10-16,2024-10-15,1,9.0300,8.3065,5.0548,9.5770,8.1832,5.0523,9.5814
2024-10-17,2024-10-16,1,8.7300,7.8032,5.0548,9.5770,7.7081,5.0523,9.5814
2024-10-18,2024-10-17,1,8.4500,7.5747,5.0548,8.7794,7.5394,5.0523,8.7835
2024-10-19,2024-10-18,1,8.1600,7.0477,5.0548,8.3845,7.3610,5.0523,8.3884
2024-10-20,2024-10-19,1,7.8900,6.6297,5.0548,8.0611,7.1504,5.0523,8.0649
2024-10-21,2024-10-20,1,7.6400,6.3188,5.0548,7.5401,7.1006,5.0523,7.5437
2024-10-22,2024-10-21,1,7.4000,5.7036,5.0548,7.5397,6.3659,5.0523,7.5433
2024-10-23,2024-10-22,1,7.1800,5.9197,5.0548,7.0965,6.3903,5.0523,7.0999
2024-10-24,2024-10-23,1,6.9600,5.9522,5.0548,6.8391,6.3449,5.0523,6.8424
2024-10-25,2024-10-24,1,6.7500,5.4064,5.0548,6.7896,6.0095,5.0523,6.7929
2024-10-26,2024-10-25,1,6.5500,5.4244,5.0548,6.5798,6.1205,5.0523,6.5830
2024-10-27,2024-10-26,1,6.3600,5.4340,5.0548,6.7584,5.7433,5.0523,6.7617
2024-10-28,2024-10-27,1,6.1800,5.1603,5.0548,6.5413,5.5006,5.0523,6.5445
2024-10-29,2024-10-28,1,6.0200,5.1820,5.0548,6.2951,5.3049,5.0523,6.2982
2024-10-30,2024-10-29,1,5.8600,5.0548,5.0481,6.3212,5.3030,5.0456,6.3243
2024-10-31,2024-10-30,1,5.7000,5.0548,5.0540,6.1013,5.1115,5.0515,6.1043
2024-11-01,2024-10-31,1,5.5400,5.0548,4.9091,5.6474,5.1149,4.9066,5.6502
2024-11-02,2024-11-01,1,5.4000,5.0548,4.7510,5.4738,5.1115,4.7486,5.4765
2024-11-03,2024-11-02,1,5.2600,5.0548,4.7585,5.3139,5.1131,4.7561,5.3166
2024-11-04,2024-11-03,1,5.1300,4.8904,4.4368,5.2340,4.8829,4.4345,5.2366
2024-11-05,2024-11-04,1,5.0000,4.8904,4.4295,5.1634,4.8829,4.4272,5.1660
2024-11-06,2024-11-05,1,4.8900,4.7240,4.3469,5.0198,4.6990,4.3447,5.0223
2024-11-07,2024-11-06,1,4.7800,4.7240,4.3580,5.0229,4.6990,4.3558,5.0254
2024-11-08,2024-11-07,1,4.6800,4.5595,4.3280,4.8393,4.5438,4.3258,4.8418
2024-11-09,2024-11-08,1,4.5800,4.5589,4.2733,4.6329,4.5371,4.2711,4.6353
2024-11-10,2024-11-09,1,4.4800,4.3637,4.1056,4.4846,4.3706,4.1035,4.4869
2024-11-11,2024-11-10,1,4.3900,4.3646,3.8877,4.4169,4.3706,3.8856,4.4192
2024-11-12,2024-11-11,1,4.3000,4.2393,3.8931,4.2978,4.2079,3.8910,4.3000
2024-11-13,2024-11-12,1,4.2200,4.0821,3.7850,4.2518,4.1256,3.7830,4.2540
2024-11-14,2024-11-13,1,4.1300,4.0822,3.7859,4.2555,4.1255,3.7839,4.2577
2024-11-15,2024-11-14,1,4.0500,3.9557,3.7206,4.1503,4.0188,3.7186,4.1525
2024-11-16,2024-11-15,1,3.9700,3.9564,3.6295,4.0428,3.9586,3.6276,4.0449
2024-11-17,2024-11-16,1,3.9000,3.7955,3.5804,3.8394,3.8027,3.5785,3.8414
2024-11-18,2024-11-17,1,3.8400,3.7948,3.5755,3.8446,3.8036,3.5736,3.8466
2024-11-19,2024-11-18,1,3.7700,3.6342,3.5248,3.7301,3.6583,3.5229,3.7321
2024-11-20,2024-11-19,1,3.7100,3.6172,3.5058,3.6500,3.6583,3.5039,3.6520
2024-11-21,2024-11-20,1,3.6500,3.5697,3.5000,3.6428,3.5338,3.4981,3.6447
2024-11-22,2024-11-21,1,3.6000,3.5291,3.3637,3.6378,3.5324,3.3619,3.6397
2024-11-23,2024-11-22,1,3.5500,3.5120,3.3552,3.5524,3.5168,3.3534,3.5543
2024-11-24,2024-11-23,1,3.4900,3.4148,3.2809,3.5524,3.4373,3.2791,3.5543
2024-11-25,2024-11-24,1,3.4300,3.3883,3.2595,3.4371,3.3923,3.2577,3.4390
2024-11-26,2024-11-25,1,3.3800,3.3422,3.1378,3.3640,3.3425,3.1361,3.3658
2024-11-27,2024-11-26,1,3.3300,3.2242,3.0941,3.3624,3.2652,3.0924,3.3642
2024-11-28,2024-11-27,1,3.2800,3.2242,3.0217,3.2883,3.2321,3.0200,3.2901
2024-11-29,2024-11-28,1,3.2300,3.1204,2.9996,3.2183,3.1268,2.9979,3.2201
2024-11-30,2024-11-29,1,3.1900,3.1204,2.9996,3.2184,3.1268,2.9979,3.2202
2024-12-01,2024-11-30,1,3.1400,3.1204,2.9961,3.1476,3.1252,2.9944,3.1493
2024-12-02,2024-12-01,1,3.1000,3.0561,2.9672,3.1361,3.0605,2.9655,3.1378
2024-12-03,2024-12-02,1,3.0600,3.0402,2.8842,3.0490,3.0551,2.8826,3.0507
2024-12-04,2024-12-03,1,3.0100,2.9869,2.8842,3.0402,3.0010,2.8826,3.0419
2024-12-05,2024-12-04,1,2.9700,2.9251,2.8416,2.9809,2.9320,2.8400,2.9826
2024-12-06,2024-12-05,1,2.9300,2.9015,2.8080,2.9203,2.9048,2.8064,2.9219
2024-12-07,2024-12-06,1,2.8900,2.8489,2.7676,2.9203,2.8484,2.7660,2.9219
2024-12-08,2024-12-07,1,2.8500,2.8364,2.7465,2.8492,2.8483,2.7449,2.8508
2024-12-09,2024-12-08,1,2.8100,2.8002,2.5527,2.8168,2.7878,2.5512,2.8184
2024-12-10,2024-12-09,1,2.7800,2.7340,2.5511,2.7946,2.7602,2.5496,2.7962
2024-12-11,2024-12-10,1,2.7500,2.7358,2.5094,2.7453,2.7278,2.5079,2.7469
2024-12-12,2024-12-11,1,2.7200,2.6591,2.5073,2.7425,2.7062,2.5058,2.7441
2024-12-13,2024-12-12,1,2.6900,2.6593,2.5105,2.6924,2.6669,2.5090,2.6939
2024-12-14,2024-12-13,1,2.6500,2.6023,2.4379,2.6918,2.5974,2.4365,2.6933
2024-12-15,2024-12-14,1,2.6200,2.6023,2.4358,2.6438,2.5974,2.4344,2.6453
2024-12-16,2024-12-15,1,2.5900,2.5275,2.4444,2.5948,2.5392,2.4430,2.5963
2024-12-17,2024-12-16,1,2.5700,2.5275,2.3175,2.5949,2.5393,2.3161,2.5964
2024-12-18,2024-12-17,1,2.5400,2.5275,2.3204,2.5516,2.5363,2.3190,2.5531
2024-12-19,2024-12-18,1,2.5100,2.4709,2.3204,2.5573,2.4748,2.3190,2.5588
2024-12-20,2024-12-19,1,2.4800,2.4709,2.3202,2.4752,2.4649,2.3188,2.4767
2024-12-21,2024-12-20,1,2.4500,2.3977,2.3138,2.4679,2.4123,2.3124,2.4694
2024-12-22,2024-12-21,1,2.4200,2.3977,2.3157,2.4624,2.4078,2.3143,2.4639
2024-12-23,2024-12-22,1,2.4100,2.3784,2.3010,2.4126,2.3553,2.2996,2.4140
2024-12-24,2024-12-23,1,2.4100,2.3815,2.1616,2.4776,2.3555,2.1603,2.4791
2024-12-25,2024-12-24,1,2.3600,2.3660,2.1684,2.4084,2.3526,2.1671,2.4098
2024-12-26,2024-12-25,1,2.3300,2.3056,2.1551,2.4105,2.2907,2.1538,2.4119
2024-12-27,2024-12-26,1,2.3100,2.2750,2.2187,2.7531,2.2357,2.2173,2.7547
2024-12-28,2024-12-27,1,2.8300,2.9484,2.2731,3.1800,2.2401,2.2717,3.1818
2024-12-29,2024-12-28,1,2.5300,2.4380,2.2742,2.9373,2.8287,2.2728,2.9390
2024-12-30,2024-12-29,1,2.3700,2.2433,2.1516,2.6032,2.2528,2.1503,2.6047
2024-12-31,2024-12-30,1,2.2300,2.2383,1.9493,2.3873,2.2279,1.9481,2.3887
2025-01-01,2024-12-31,1,2.2000,2.1730,1.9809,2.2274,2.1578,1.9796,2.2288
2025-01-02,2025-01-01,1,2.1800,2.1311,2.0173,2.2066,2.1364,2.0160,2.2079
2025-01-03,2025-01-02,1,2.1700,2.1316,2.0219,2.1745,2.1364,2.0206,2.1758
2025-01-04,2025-01-03,1,2.1500,2.1050,2.0211,2.1785,2.0921,2.0198,2.1798
2025-01-05,2025-01-04,1,2.1400,2.1114,2.0277,2.1844,2.0995,2.0264,2.1857
2025-01-06,2025-01-05,1,2.1300,2.0939,1.8936,2.1162,2.1040,1.8924,2.1175
2025-01-07,2025-01-06,1,2.1200,2.0726,1.8991,2.0943,2.0742,1.8979,2.0956
2025-01-08,2025-01-07,1,2.1000,2.0726,1.8991,2.0943,2.0742,1.8979,2.0956
2025-01-09,2025-01-08,1,2.0900,2.0644,1.9045,2.0726,2.0742,1.9033,2.0739
2025-01-10,2025-01-09,1,2.0800,2.0282,1.9045,2.0644,2.0308,1.9033,2.0657
2025-01-11,2025-01-10,1,2.0600,2.0282,1.9075,2.0644,2.0308,1.9063,2.0657
2025-01-12,2025-01-11,1,2.0900,2.0486,1.9154,2.0624,2.0308,1.9142,2.0637
2025-01-13,2025-01-12,1,2.0800,2.0324,2.0276,2.0617,2.0820,2.0263,2.0630
2025-01-14,2025-01-13,1,2.0500,2.0252,1.8999,2.0605,2.0234,1.8987,2.0618
2025-01-15,2025-01-14,1,2.0200,2.0023,1.9028,2.0348,1.9954,1.9016,2.0361
2025-01-16,2025-01-15,1,2.0600,1.9897,1.7913,2.0536,1.9774,1.7901,2.0549
2025-01-17,2025-01-16,1,2.0400,1.9721,1.8991,2.0422,1.9791,1.8979,2.0435
2025-01-18,2025-01-17,1,2.0100,1.9688,1.8970,2.0382,1.9681,1.8958,2.0395
2025-01-19,2025-01-18,1,1.9800,1.9702,1.7778,2.0380,1.9681,1.7766,2.0393
2025-01-20,2025-01-19,1,1.9600,1.9318,1.7731,1.9838,1.9360,1.7719,1.9851
2025-01-21,2025-01-20,1,1.9500,1.9318,1.7922,1.9507,1.9358,1.7910,1.9519
2025-01-22,2025-01-21,1,1.9300,1.9044,1.7924,1.9486,1.8964,1.7912,1.9498
2025-01-23,2025-01-22,1,1.9300,1.9044,1.7924,1.9521,1.8964,1.7912,1.9533
2025-01-24,2025-01-23,1,1.9200,1.9032,1.7930,1.9488,1.8976,1.7918,1.9500
2025-01-25,2025-01-24,1,1.9000,1.8780,1.7923,1.9488,1.8833,1.7911,1.9500
2025-01-26,2025-01-25,1,1.8900,1.8713,1.7925,1.8780,1.8835,1.7913,1.8792
2025-01-27,2025-01-26,1,1.8800,1.8393,1.7937,1.8725,1.8459,1.7925,1.8737
2025-01-28,2025-01-27,1,1.8600,1.8393,1.7937,1.8479,1.8450,1.7925,1.8491
2025-01-29,2025-01-28,1,1.8500,1.8140,1.7937,1.8479,1.8087,1.7925,1.8491
2025-01-30,2025-01-29,1,1.8400,1.8140,1.8043,1.8195,1.8087,1.8031,1.8207
2025-01-31,2025-01-30,1,1.8200,1.8140,1.8022,1.8195,1.8087,1.8010,1.8207
2025-02-01,2025-01-31,1,1.8100,1.7635,1.6789,1.8191,1.7703,1.6778,1.8203
2025-02-02,2025-02-01,1,1.8100,1.7635,1.6789,1.8184,1.7703,1.6778,1.8196
2025-02-03,2025-02-02,1,1.7900,1.7632,1.6789,1.8157,1.7703,1.6778,1.8169
2025-02-04,2025-02-03,1,1.7800,1.7706,1.6808,1.8010,1.7577,1.6797,1.8022
2025-02-05,2025-02-04,1,1.7700,1.7486,1.6803,1.7668,1.7601,1.6792,1.7680
2025-02-06,2025-02-05,1,1.7500,1.7470,1.6802,1.7666,1.7545,1.6791,1.7678
2025-02-07,2025-02-06,1,1.7200,1.7216,1.6960,1.7645,1.7164,1.6949,1.7657
2025-02-08,2025-02-07,1,1.7200,1.6818,1.5788,1.7237,1.6918,1.5777,1.7248
2025-02-09,2025-02-08,1,1.7000,1.6813,1.5790,1.7235,1.6918,1.5779,1.7246
2025-02-10,2025-02-09,1,1.6800,1.6685,1.5640,1.6981,1.6793,1.5629,1.6992
2025-02-11,2025-02-10,1,1.6700,1.6314,1.5639,1.6975,1.6411,1.5628,1.6986
2025-02-12,2025-02-11,1,1.6500,1.6316,1.5649,1.6972,1.6414,1.5638,1.6983
2025-02-13,2025-02-12,1,1.6300,1.6208,1.5837,1.6560,1.6295,1.5826,1.6571
2025-02-14,2025-02-13,1,1.6200,1.6115,1.4731,1.6363,1.6057,1.4721,1.6374
2025-02-15,2025-02-14,1,1.6000,1.5894,1.4665,1.6050,1.5934,1.4655,1.6061
2025-02-16,2025-02-15,1,1.5800,1.5661,1.4615,1.6050,1.5716,1.4605,1.6061
2025-02-17,2025-02-16,1,1.5700,1.5547,1.4797,1.5888,1.5604,1.4787,1.5899
2025-02-18,2025-02-17,1,1.5600,1.5543,1.4797,1.5544,1.5521,1.4787,1.5555
2025-02-19,2025-02-18,1,1.5500,1.5188,1.3785,1.5436,1.5157,1.3775,1.5447
2025-02-20,2025-02-19,1,1.5500,1.5760,1.5379,1.7174,1.5154,1.5368,1.7185
2025-02-21,2025-02-20,1,1.5500,1.5379,1.4268,1.5500,1.5259,1.4258,1.5511
2025-02-22,2025-02-21,1,1.5300,1.5285,1.5012,1.5450,1.5283,1.5002,1.5461
2025-02-23,2025-02-22,1,1.4900,1.4617,1.3210,1.5061,1.4688,1.3200,1.5072
2025-02-24,2025-02-23,1,1.4800,1.4319,1.3384,1.4839,1.4392,1.3374,1.4849
2025-02-25,2025-02-24,1,1.4600,1.4378,1.3391,1.4528,1.4413,1.3381,1.4538
2025-02-26,2025-02-25,1,1.4400,1.4213,1.3547,1.4501,1.4203,1.3537,1.4511
2025-02-27,2025-02-26,1,1.4300,1.4013,1.2623,1.4502,1.3591,1.2614,1.4512
2025-02-28,2025-02-27,1,1.4300,1.3822,1.2853,1.4558,1.3544,1.2843,1.4568
2025-03-01,2025-02-28,1,1.5700,1.3745,1.3008,1.4284,1.3580,1.2998,1.4294
2025-03-02,2025-03-01,1,1.6600,1.5557,1.4585,1.6484,1.5707,1.4575,1.6495
2025-03-03,2025-03-02,1,1.4800,1.4358,1.3833,1.6169,1.4434,1.3823,1.6180
2025-03-04,2025-03-03,1,1.3700,1.3414,1.1481,1.4224,1.3519,1.1472,1.4234
2025-03-05,2025-03-04,1,1.3500,1.3168,1.2673,1.3456,1.3076,1.2663,1.3466
2025-03-06,2025-03-05,1,1.3300,1.3023,1.2091,1.3551,1.3091,1.2082,1.3561
2025-03-07,2025-03-06,1,1.3200,1.2955,1.2168,1.3558,1.2905,1.2159,1.3568
2025-03-08,2025-03-07,1,1.3100,1.2884,1.2177,1.3556,1.2828,1.2168,1.3566
2025-03-09,2025-03-08,1,1.3000,1.2884,1.2169,1.3084,1.2828,1.2160,1.3094
2025-03-10,2025-03-09,1,1.2800,1.2681,1.2173,1.3085,1.2631,1.2164,1.3095
2025-03-11,2025-03-10,1,1.2600,1.2478,1.2474,1.2819,1.2418,1.2465,1.2829
2025-03-12,2025-03-11,1,1.2500,1.2279,1.1665,1.2554,1.2236,1.1656,1.2563
2025-03-13,2025-03-12,1,1.2500,1.2310,1.1687,1.2646,1.2234,1.1678,1.2656
2025-03-14,2025-03-13,1,1.2400,1.2250,1.1604,1.2600,1.2280,1.1595,1.2609
2025-03-15,2025-03-14,1,1.2200,1.1994,1.1526,1.2266,1.1979,1.1517,1.2275
2025-03-16,2025-03-15,1,1.2300,1.1934,1.1657,1.1948,1.2002,1.1648,1.1957
2025-03-17,2025-03-16,1,1.1900,1.1973,1.1555,1.2126,1.2019,1.1546,1.2135
2025-03-18,2025-03-17,1,1.1700,1.1628,1.1489,1.1856,1.1713,1.1480,1.1865
2025-03-19,2025-03-18,1,1.1600,1.1143,1.0666,1.1600,1.1171,1.0657,1.1609
2025-03-20,2025-03-19,1,1.1400,1.1203,1.0725,1.1625,1.1159,1.0716,1.1634
2025-03-21,2025-03-20,1,1.1200,1.0747,1.0495,1.1495,1.0766,1.0486,1.1504
2025-03-22,2025-03-21,1,1.1100,1.0629,1.0305,1.0979,1.0652,1.0296,1.0988
2025-03-23,2025-03-22,1,1.0900,1.0633,1.0154,1.0981,1.0702,1.0146,1.0990
2025-03-24,2025-03-23,1,1.0800,1.0605,0.9988,1.0828,1.0671,0.9980,1.0837
2025-03-25,2025-03-24,1,1.0700,1.0473,0.9872,1.0712,1.0502,0.9864,1.0721
2025-03-26,2025-03-25,1,1.0600,1.0463,0.9874,1.0601,1.0502,0.9866,1.0610
2025-03-27,2025-03-26,1,1.0500,1.0442,0.9870,1.0598,1.0504,0.9862,1.0607
2025-03-28,2025-03-27,1,1.0300,1.0304,0.9541,1.0394,1.0397,0.9533,1.0403
2025-03-29,2025-03-28,1,1.0100,1.0049,0.9542,1.0271,1.0025,0.9534,1.0280
2025-03-30,2025-03-29,1,0.9900,1.0047,0.9185,1.0062,1.0021,0.9177,1.0070
2025-03-31,2025-03-30,1,0.9800,0.9738,0.9022,0.9962,0.9663,0.9014,0.9970
2025-04-01,2025-03-31,1,0.9800,0.9664,0.8663,0.9679,0.9679,0.8655,0.9687
2025-04-02,2025-04-01,1,0.9700,0.9659,0.8675,0.9664,0.9670,0.8667,0.9672
2025-04-03,2025-04-02,1,0.9500,0.9656,0.8665,0.9682,0.9574,0.8657,0.9690
2025-04-04,2025-04-03,1,0.9400,0.9366,0.8690,0.9390,0.9316,0.8682,0.9398
2025-04-05,2025-04-04,1,0.9200,0.9361,0.8684,0.9371,0.9301,0.8676,0.9379
2025-04-06,2025-04-05,1,0.9000,0.9087,0.8610,0.9176,0.9102,0.8602,0.9184
2025-04-07,2025-04-06,1,0.8900,0.8816,0.7867,0.8956,0.8858,0.7860,0.8964
2025-04-08,2025-04-07,1,0.8800,0.8771,0.7826,0.8956,0.8859,0.7819,0.8964
2025-04-09,2025-04-08,1,0.8800,0.8707,0.7765,0.8770,0.8575,0.7758,0.8778
2025-04-10,2025-04-09,1,0.8800,0.8704,0.7752,0.8793,0.8640,0.7745,0.8801
2025-04-11,2025-04-10,1,0.8700,0.8890,0.8440,0.8968,0.8633,0.8432,0.8976
2025-04-12,2025-04-11,1,0.9400,0.8541,0.7764,0.8789,0.8547,0.7757,0.8797
2025-04-13,2025-04-12,1,0.9400,0.9064,0.8828,0.9470,0.9043,0.8820,0.9478
2025-04-14,2025-04-13,1,0.9000,0.8739,0.8707,0.9226,0.8770,0.8699,0.9234
2025-04-15,2025-04-14,1,0.8200,0.7943,0.7588,0.8832,0.7945,0.7581,0.8840
2025-04-16,2025-04-15,1,0.8000,0.7899,0.7206,0.8024,0.8058,0.7199,0.8032
2025-04-17,2025-04-16,1,0.7900,0.7885,0.7093,0.7911,0.7749,0.7086,0.7919
2025-04-18,2025-04-17,1,0.7800,0.7706,0.7047,0.7918,0.7777,0.7040,0.7926
2025-04-19,2025-04-18,1,0.7700,0.7757,0.7068,0.7905,0.7743,0.7061,0.7913
2025-04-20,2025-04-19,1,0.7600,0.7688,0.6957,0.7778,0.7526,0.6950,0.7785
2025-04-21,2025-04-20,1,0.7500,0.7451,0.6975,0.7770,0.7520,0.6968,0.7777
2025-04-22,2025-04-21,1,0.7400,0.7382,0.6994,0.7446,0.7459,0.6987,0.7453
2025-04-23,2025-04-22,1,0.7300,0.7216,0.6940,0.7390,0.7247,0.6933,0.7397
2025-04-24,2025-04-23,1,0.7200,0.7112,0.6942,0.7214,0.7248,0.6935,0.7221
2025-04-25,2025-04-24,1,0.7100,0.6984,0.6756,0.7117,0.6951,0.6749,0.7124
2025-04-26,2025-04-25,1,0.7100,0.6954,0.6679,0.7072,0.6928,0.6672,0.7079
2025-04-27,2025-04-26,1,0.7200,0.6958,0.6671,0.7070,0.7025,0.6664,0.7077
2025-04-28,2025-04-27,1,0.7100,0.6937,0.6646,0.7137,0.7068,0.6639,0.7144
2025-04-29,2025-04-28,1,0.6900,0.6906,0.6639,0.7089,0.6955,0.6632,0.7096
2025-04-30,2025-04-29,1,0.6800,0.6578,0.6225,0.6860,0.6748,0.6218,0.6867
2025-05-01,2025-04-30,1,0.6700,0.6763,0.6232,0.6763,0.6815,0.6225,0.6770
2025-05-02,2025-05-01,1,0.6700,0.6569,0.6193,0.6702,0.6695,0.6186,0.6709
2025-05-03,2025-05-02,1,0.6700,0.6568,0.6395,0.6685,0.6622,0.6388,0.6692
2025-05-04,2025-05-03,1,0.7200,0.6549,0.5858,0.6629,0.6651,0.5851,0.6636
2025-05-05,2025-05-04,1,0.7200,0.6851,0.6455,0.7188,0.7115,0.6448,0.7195
2025-05-06,2025-05-05,1,0.7200,0.6619,0.6401,0.7057,0.6922,0.6394,0.7064
2025-05-07,2025-05-06,1,0.7300,0.6523,0.6363,0.7135,0.6810,0.6356,0.7142
2025-05-08,2025-05-07,1,0.7000,0.6773,0.6421,0.7004,0.6707,0.6414,0.7011
2025-05-09,2025-05-08,1,0.6400,0.6757,0.6153,0.7117,0.6444,0.6146,0.7124
2025-05-10,2025-05-09,1,0.6500,0.6183,0.5703,0.6422,0.6310,0.5696,0.6429
2025-05-11,2025-05-10,1,0.6400,0.6608,0.5807,0.6729,0.6464,0.5800,0.6736
2025-05-12,2025-05-11,1,0.6200,0.6366,0.5748,0.6420,0.6443,0.5741,0.6427
2025-05-13,2025-05-12,1,0.6100,0.5970,0.5664,0.6203,0.6053,0.5657,0.6210
2025-05-14,2025-05-13,1,0.5900,0.6044,0.5429,0.6065,0.6078,0.5423,0.6072
2025-05-15,2025-05-14,1,0.5800,0.5847,0.5337,0.5886,0.5756,0.5331,0.5893
2025-05-16,2025-05-15,1,0.5800,0.5725,0.5289,0.5810,0.5758,0.5283,0.5817
2025-05-17,2025-05-16,1,0.5700,0.5738,0.5255,0.5808,0.5781,0.5249,0.5815
2025-05-18,2025-05-17,1,0.5700,0.5585,0.5199,0.5764,0.5624,0.5193,0.5771
2025-05-19,2025-05-18,1,0.5700,0.5569,0.5191,0.5754,0.5592,0.5185,0.5761
2025-05-20,2025-05-19,1,0.5700,0.5569,0.4854,0.5788,0.5637,0.4848,0.5795
2025-05-21,2025-05-20,1,0.5600,0.5567,0.4855,0.5745,0.5607,0.4849,0.5752
2025-05-22,2025-05-21,1,0.6200,0.5557,0.4770,0.5620,0.5615,0.4764,0.5627
2025-05-23,2025-05-22,1,0.6000,0.5852,0.5777,0.6262,0.6041,0.5770,0.6269
2025-05-24,2025-05-23,1,0.5700,0.5619,0.5290,0.5997,0.5456,0.5284,0.6004
2025-05-25,2025-05-24,1,0.5700,0.5388,0.4679,0.5760,0.5331,0.4673,0.5767
2025-05-26,2025-05-25,1,0.6900,0.6030,0.5230,0.6265,0.5974,0.5224,0.6272
2025-05-27,2025-05-26,1,0.6600,0.6522,0.6412,0.6919,0.6639,0.6405,0.6926
2025-05-28,2025-05-27,1,0.6700,0.5973,0.5928,0.6513,0.5830,0.5921,0.6520
2025-05-29,2025-05-28,1,0.5500,0.5515,0.4589,0.6477,0.5531,0.4583,0.6484
2025-05-30,2025-05-29,1,0.5300,0.5073,0.4705,0.5443,0.5245,0.4699,0.5449
2025-05-31,2025-05-30,1,0.5200,0.5249,0.4712,0.5332,0.5354,0.4706,0.5338
2025-06-01,2025-05-31,1,0.5000,0.5194,0.4638,0.5272,0.5156,0.3330,0.6771
2025-06-02,2025-06-01,1,0.4800,0.4891,0.4166,0.5006,0.4891,0.2900,0.6479
2025-06-03,2025-06-02,1,0.5300,0.4778,0.4145,0.4811,0.4820,0.2881,0.6265
2025-06-04,2025-06-03,1,0.5500,0.5270,0.4700,0.5281,0.5690,0.3386,0.6781
2025-06-05,2025-06-04,1,0.5400,0.5253,0.5149,0.5448,0.5342,0.3795,0.6964
2025-06-06,2025-06-05,1,0.5100,0.5049,0.4514,0.5334,0.4879,0.3217,0.6839
2025-06-07,2025-06-06,1,0.4800,0.4944,0.4125,0.5103,0.4962,0.2863,0.6585
2025-06-08,2025-06-07,1,0.4700,0.4713,0.3839,0.4782,0.4784,0.2602,0.6233
2025-06-09,2025-06-08,1,0.4700,0.4594,0.3849,0.4688,0.4665,0.2611,0.6130
2025-06-10,2025-06-09,1,0.4600,0.4595,0.3853,0.4695,0.4662,0.2615,0.6137
2025-06-11,2025-06-10,1,0.4400,0.4515,0.3881,0.4602,0.4535,0.2640,0.6035
2025-06-12,2025-06-11,1,0.4400,0.4297,0.3770,0.4403,0.4349,0.2539,0.5817
2025-06-13,2025-06-12,1,0.4400,0.4315,0.3763,0.4400,0.4365,0.2533,0.5813
2025-06-14,2025-06-13,1,0.4400,0.4554,0.4204,0.4600,0.4412,0.2934,0.6033
2025-06-15,2025-06-14,1,0.4800,0.4433,0.4178,0.4485,0.4325,0.2911,0.5907
2025-06-16,2025-06-15,1,2.9200,0.5280,0.4163,0.5572,0.4750,0.2897,0.7100
2025-06-17,2025-06-16,1,1.6000,3.2647,1.6854,3.8093,3.2810,1.4454,4.2813
2025-06-18,2025-06-17,1,1.2700,1.2924,0.9152,1.4877,1.3234,0.7440,1.7319
2025-06-19,2025-06-18,1,0.6600,1.6572,0.7556,2.3421,0.9339,0.5987,2.6701
2025-06-20,2025-06-19,1,0.9900,1.1806,0.8569,1.8060,0.9142,0.6909,2.0814
2025-06-21,2025-06-20,1,1.0400,0.9168,0.8861,1.0426,0.9699,0.7175,1.2431
2025-06-22,2025-06-21,1,0.7300,0.7950,0.6977,1.3786,0.5931,0.5460,1.6121
2025-06-23,2025-06-22,1,0.7900,0.7440,0.6794,1.2023,0.7570,0.5293,1.4185
2025-06-24,2025-06-23,1,0.8000,0.7458,0.7084,0.8533,0.8525,0.5557,1.0352
2025-06-25,2025-06-24,1,0.6800,0.6977,0.4482,0.7460,0.6035,0.3188,0.9174
2025-06-26,2025-06-25,1,0.6900,0.7779,0.6755,0.7955,0.9422,0.5258,0.9717
2025-06-27,2025-06-26,1,0.9800,0.8428,0.6870,0.9687,0.7935,0.5362,1.1619
2025-06-28,2025-06-27,1,0.6300,0.8051,0.6341,1.6898,0.6751,0.4881,1.9538
2025-06-29,2025-06-28,1,3.0100,2.9520,0.9824,5.2505,0.7917,0.8052,5.8640
2025-06-30,2025-06-29,1,9.7400,36.2721,8.4583,43.9043,7.6588,7.6130,48.3116
2025-07-01,2025-06-30,1,11.0300,11.2748,10.5755,11.3548,13.5228,9.5409,12.5674
2025-07-02,2025-07-01,1,6.5200,7.5371,7.0139,9.6828,7.2451,6.2976,10.7313
2025-07-03,2025-07-02,1,2.0100,2.6995,1.8053,5.4435,2.2360,1.5546,6.0759
2025-07-04,2025-07-03,1,2.3500,2.0532,1.9955,3.4745,1.9862,1.7278,3.9137
2025-07-05,2025-07-04,1,2.3400,2.5186,2.4202,2.9460,3.1562,2.1145,3.3333
2025-07-06,2025-07-05,1,1.0800,1.7126,1.2723,2.7357,1.0869,1.0692,3.1024
2025-07-07,2025-07-06,1,0.7900,3.7483,1.3479,6.2701,0.6254,1.1381,6.9836
2025-07-08,2025-07-07,1,2.3500,1.6032,1.0422,4.6214,1.1405,0.8597,5.1731
2025-07-09,2025-07-08,1,12.7800,5.8458,2.9586,10.5337,3.2822,2.6048,11.6657
2025-07-10,2025-07-09,1,10.2600,10.8902,7.5048,20.2629,11.1797,6.7447,22.3498
2025-07-11,2025-07-10,1,6.7400,5.9057,5.4112,8.7328,7.3699,4.8382,9.6881
2025-07-12,2025-07-11,1,8.9400,4.5104,3.8593,6.1126,4.8732,3.4250,6.8107
2025-07-13,2025-07-12,1,8.6200,5.2903,3.6289,8.7476,4.9876,3.2152,9.7043
2025-07-14,2025-07-13,1,7.7300,4.8756,3.3730,9.1459,4.8661,2.9822,10.1417
2025-07-15,2025-07-14,1,5.5800,3.4345,2.4064,7.7804,4.7705,2.1019,8.6422
2025-07-16,2025-07-15,1,4.4500,5.1160,4.0497,7.2311,6.0375,3.5984,8.0390
2025-07-17,2025-07-16,1,4.4000,2.7967,2.5471,4.0677,3.6101,2.2301,4.5651
2025-07-18,2025-07-17,1,3.1500,2.9234,2.5325,4.5485,3.7398,2.2168,5.0931
2025-07-19,2025-07-18,1,0.9800,1.0145,0.7888,2.7884,1.0232,0.6289,3.1602
2025-07-20,2025-07-19,1,0.5300,0.6274,0.4869,0.9079,0.6236,0.3540,1.0952
2025-07-21,2025-07-20,1,0.5200,0.5379,0.5194,0.5601,0.5319,0.3836,0.7132
2025-07-22,2025-07-21,1,0.5300,0.5325,0.5087,0.5347,0.5430,0.3739,0.6853
2025-07-23,2025-07-22,1,0.5600,0.5432,0.5351,0.5867,0.5437,0.3979,0.7424
2025-07-24,2025-07-23,1,0.5700,0.5772,0.5472,0.5861,0.5746,0.4089,0.7418
2025-07-25,2025-07-24,1,0.5800,1.4494,0.9154,3.3116,0.5709,0.7442,3.7348
2025-07-26,2025-07-25,1,0.5600,0.6059,0.5598,0.6229,0.5816,0.4204,0.7822
2025-07-27,2025-07-26,1,0.5800,0.5638,0.5409,0.5731,0.5727,0.4032,0.7275
2025-07-28,2025-07-27,1,0.7000,0.6156,0.5471,0.6171,0.5858,0.4088,0.7758
2025-07-29,2025-07-28,1,0.6700,4.4217,1.5736,6.0181,0.8481,1.3436,6.7069
2025-07-30,2025-07-29,1,1.0800,0.7690,0.6469,0.8923,0.7158,0.4997,1.0780
2025-07-31,2025-07-30,1,8.4900,3.5937,3.4738,8.1977,3.2683,3.0739,9.1004
2025-08-01,2025-07-31,1,13.8400,8.5094,7.1235,11.7033,10.7260,6.3975,12.9501
2025-08-02,2025-08-01,1,8.4200,12.1413,9.2367,15.9058,8.2685,8.3218,17.5651
2025-08-03,2025-08-02,1,5.8600,7.3479,5.1279,9.2393,5.9184,4.5802,10.2443
2025-08-04,2025-08-03,1,13.2400,12.3705,6.8382,14.5991,6.1198,6.1377,16.1301
2025-08-05,2025-08-04,1,70.9800,40.4257,23.5768,41.0282,22.7280,21.3802,45.1532
2025-08-06,2025-08-05,1,55.6700,60.7302,29.9901,72.1407,71.4869,27.2203,79.3193
2025-08-07,2025-08-06,1,25.7200,32.8317,27.6838,33.2282,32.6726,25.1201,36.5876
2025-08-08,2025-08-07,1,17.3500,5.7997,5.3484,9.9323,5.1751,4.7810,11.0053
2025-08-09,2025-08-08,1,52.0700,4.2282,2.8558,10.5137,5.2618,2.5112,11.6438
2025-08-10,2025-08-09,1,28.4800,40.9038,26.7606,46.1041,40.8564,24.2795,50.7273
2025-08-11,2025-08-10,1,18.1400,11.1086,9.8123,12.6019,10.7619,8.8459,13.9369
2025-08-12,2025-08-11,1,11.9900,8.9658,6.6242,11.3378,10.3643,5.9428,12.5487
2025-08-13,2025-08-12,1,9.6900,8.7145,7.2408,10.1558,9.0574,6.5043,11.2507
2025-08-14,2025-08-13,1,111.4400,33.4456,9.2207,67.7144,5.6263,8.3072,74.4586
2025-08-15,2025-08-14,1,81.3700,89.9204,25.9034,137.6048,88.2089,23.4989,151.2086
2025-08-16,2025-08-15,1,48.4600,48.1841,26.0130,58.5608,49.8883,23.5987,64.4066
2025-08-17,2025-08-16,1,15.0900,19.7682,11.3325,22.2207,16.9581,10.2303,24.4998
2025-08-18,2025-08-17,1,10.9800,11.1767,6.5519,11.4419,11.9622,5.8769,12.6631
2025-08-19,2025-08-18,1,11.0000,10.1330,8.0535,10.7854,10.2869,7.2443,11.9421
2025-08-20,2025-08-19,1,11.4500,10.0330,8.2361,11.1654,10.1604,7.4106,12.3594
2025-08-21,2025-08-20,1,11.2100,10.5111,7.1782,11.4851,10.9266,6.4473,12.7105
2025-08-22,2025-08-21,1,13.2000,10.4784,8.5473,11.9312,10.3823,7.6940,13.2004
2025-08-23,2025-08-22,1,12.1700,13.3964,8.6676,14.4375,12.7435,7.8035,15.9527
2025-08-24,2025-08-23,1,10.9600,10.9115,7.4698,11.2706,11.2615,6.7128,12.4749
2025-08-25,2025-08-24,1,13.4500,17.2960,10.4216,21.9584,10.2506,9.4008,24.2117
2025-08-26,2025-08-25,1,16.4500,17.7464,14.5406,22.9105,13.9567,13.1516,25.2573
2025-08-27,2025-08-26,1,16.6900,15.9269,13.5342,16.4749,17.3036,12.2352,18.1900
2025-08-28,2025-08-27,1,14.2500,15.9798,11.6415,16.8696,14.4834,10.5117,18.6235
2025-08-29,2025-08-28,1,13.5600,12.9818,7.8498,13.4353,11.7070,7.0588,14.8521
2025-08-30,2025-08-29,1,14.0800,14.0628,5.2427,15.4450,14.1258,4.6848,17.0590
2025-08-31,2025-08-30,1,14.5100,15.0374,5.0548,16.3600,13.6285,4.5136,18.0639
2025-09-01,2025-08-31,1,30.9000,23.1147,5.0548,38.3243,14.7554,4.5136,42.1839
2025-09-02,2025-09-01,1,49.8300,42.5153,5.0548,53.5781,43.3044,4.5136,58.9349
2025-09-03,2025-09-02,1,58.6600,64.6534,5.0548,81.7303,62.3689,4.5136,89.8501
2025-09-04,2025-09-03,1,52.6700,55.0200,5.0548,66.1389,57.3956,4.5136,72.7285
2025-09-05,2025-09-04,1,39.8500,45.5710,5.0548,51.8101,43.5071,4.5136,56.9933
2025-09-06,2025-09-05,1,35.7400,35.2458,5.0548,39.8484,35.1530,4.5136,43.8576
2025-09-07,2025-09-06,1,33.0900,34.2994,5.0548,38.4580,33.5035,4.5136,42.3307
2025-09-08,2025-09-07,1,35.4000,31.2656,5.0548,33.8273,30.5737,4.5136,37.2455
2025-09-09,2025-09-08,1,31.7800,34.9413,5.0548,40.7033,36.7062,4.5136,44.7964
2025-09-10,2025-09-09,1,28.4400,30.2205,5.0548,31.9858,30.4583,4.5136,35.2233
2025-09-11,2025-09-10,1,24.6400,25.6570,5.0548,27.6417,26.5661,4.5136,30.4528
2025-09-12,2025-09-11,1,23.2600,23.2156,5.0548,25.2871,24.3958,4.5136,27.8671
2025-09-13,2025-09-12,1,22.2500,21.1850,5.0548,22.6616,21.7745,4.5136,24.9839
2025-09-14,2025-09-13,1,21.2500,21.0014,5.0548,22.3637,20.8158,4.5136,24.6568
2025-09-15,2025-09-14,1,20.3400,19.9377,5.0548,22.4660,19.6832,4.5136,24.7691
2025-09-16,2025-09-15,1,19.4800,19.3617,5.0548,21.0677,19.0655,4.5136,23.2336
2025-09-17,2025-09-16,1,19.1300,19.3062,5.0548,21.1730,19.0283,4.5136,23.3492
2025-09-18,2025-09-17,1,20.3700,18.7251,5.0548,20.7613,18.9418,4.5136,22.8971
2025-09-19,2025-09-18,1,18.4800,18.4230,5.0548,19.3781,17.4945,4.5136,21.3782
2025-09-20,2025-09-19,1,16.5900,16.7325,5.0548,16.7362,16.9249,4.5136,18.4770
2025-09-21,2025-09-20,1,15.4700,15.8257,5.0548,16.4936,16.0015,4.5136,18.2106
2025-09-22,2025-09-21,1,14.6800,14.5061,5.0548,15.3206,14.5436,4.5136,16.9224
2025-09-23,2025-09-22,1,14.0300,13.7878,5.0548,14.7584,13.5216,4.5136,16.3051
2025-09-24,2025-09-23,1,13.4300,13.3780,5.0548,14.6497,13.0377,4.5136,16.1857
2025-09-25,2025-09-24,1,12.8700,12.9620,5.0548,13.5451,12.5638,4.5136,14.9727
2025-09-26,2025-09-25,1,12.3300,12.0983,5.0548,12.8363,12.5773,4.5136,14.1943
2025-09-27,2025-09-26,1,11.8300,11.5013,5.0548,12.1627,11.2369,4.5136,13.4546
2025-09-28,2025-09-27,1,11.3400,11.3737,5.0548,11.9258,11.2165,4.5136,13.1944
2025-09-29,2025-09-28,1,10.8900,10.4857,5.0548,11.0007,10.3464,4.5136,12.1785
2025-09-30,2025-09-29,1,10.6500,10.8688,5.0548,11.8042,10.4126,4.5136,13.0609
2025-10-01,2025-09-30,1,10.1600,10.4998,5.0548,10.7593,10.4265,5.0523,10.7642
2025-10-02,2025-10-01,1,10.9200,9.6565,5.0548,9.7451,9.4669,5.0523,9.7496
2025-10-03,2025-10-02,1,10.1300,10.0264,5.0548,10.9837,10.0241,5.0523,10.9887
2025-10-04,2025-10-03,1,9.4200,9.5635,5.0548,9.6275,9.3540,5.0523,9.6320
2025-10-05,2025-10-04,1,8.7400,9.0093,5.0548,9.6283,9.1213,5.0523,9.6328
2025-10-06,2025-10-05,1,8.4400,8.1863,5.0548,9.0141,7.9651,5.0523,9.0183
2025-10-07,2025-10-06,1,8.3600,8.9170,5.0548,15.0382,8.1363,5.0523,15.0449
2025-10-08,2025-10-07,1,7.9000,8.0377,5.0548,8.2203,8.3703,5.0523,8.2242
2025-10-09,2025-10-08,1,8.4400,7.9897,5.0548,8.1037,7.8902,5.0523,8.1075
2025-10-10,2025-10-09,1,7.5200,7.5436,5.0548,8.1195,7.9577,5.0523,8.1233
2025-10-11,2025-10-10,1,7.0700,6.8294,5.0548,7.5695,7.0263,5.0523,7.5731
2025-10-12,2025-10-11,1,6.8300,6.6188,5.0548,6.9050,6.6612,5.0523,6.9083
2025-10-13,2025-10-12,1,6.6100,6.3643,5.0548,6.6618,6.6293,5.0523,6.6650
2025-10-14,2025-10-13,1,6.4100,5.7956,5.0548,6.6319,6.5389,5.0523,6.6351
2025-10-15,2025-10-14,1,6.2100,5.8095,5.0548,6.6441,6.2684,5.0523,6.6473
2025-10-16,2025-10-15,1,6.0200,5.7626,5.0548,6.4415,6.1171,5.0523,6.4446
2025-10-17,2025-10-16,1,5.8400,5.7218,5.0548,6.2179,5.8181,5.0523,6.2209
2025-10-18,2025-10-17,1,5.6700,5.2568,5.0548,5.6665,5.6183,5.0523,5.6693
2025-10-19,2025-10-18,1,5.5000,5.2880,5.0548,5.6736,5.4076,5.0523,5.6764
2025-10-20,2025-10-19,1,5.3400,5.1666,5.0548,5.5001,5.4168,5.0523,5.5028
2025-10-21,2025-10-20,1,5.1900,5.1612,5.0548,5.3330,5.2060,5.0523,5.3357
2025-10-22,2025-10-21,1,5.0400,4.9943,4.8996,5.1751,5.0806,4.8971,5.1777
2025-10-23,2025-10-22,1,4.9000,4.9731,4.8996,5.0186,5.0242,4.8971,5.0211
2025-10-24,2025-10-23,1,4.7600,4.7237,4.5228,4.8787,4.7018,4.5205,4.8812
2025-10-25,2025-10-24,1,4.6400,4.5588,4.4350,4.7371,4.5436,4.4327,4.7395
2025-10-26,2025-10-25,1,4.5100,4.3632,4.3542,4.7129,4.3979,4.3520,4.7153
2025-10-27,2025-10-26,1,4.4100,4.3626,4.2685,4.5548,4.3716,4.2663,4.5571
2025-10-28,2025-10-27,1,4.3500,4.2386,4.1402,4.4543,4.2846,4.1380,4.4566
2025-10-29,2025-10-28,1,4.2200,4.2377,4.1940,4.4649,4.2924,4.1918,4.4672
2025-10-30,2025-10-29,1,4.1800,4.0822,4.0329,4.2837,4.1153,4.0308,4.2859
2025-10-31,2025-10-30,1,4.0800,4.0812,4.0185,4.3537,4.0799,4.0164,4.3559
2025-11-01,2025-10-31,1,3.9800,3.9480,3.7999,4.2147,3.9790,3.7979,4.2169
2025-11-02,2025-11-01,1,3.8800,3.7847,3.7570,4.0875,3.7894,3.7550,4.0896
2025-11-03,2025-11-02,1,3.8000,3.7579,3.7567,3.8500,3.7634,3.7547,3.8520
2025-11-04,2025-11-03,1,3.7400,3.7182,3.6335,3.8399,3.6504,3.6316,3.8419
2025-11-05,2025-11-04,1,3.6700,3.6493,3.6054,3.7473,3.6588,3.6035,3.7493
2025-11-06,2025-11-05,1,3.6000,3.5269,3.5141,3.6756,3.5493,3.5122,3.6776
2025-11-07,2025-11-06,1,3.5200,3.5099,3.5066,3.7257,3.5180,3.5047,3.7277
2025-11-08,2025-11-07,1,3.4700,3.4008,3.3882,3.4360,3.3928,3.3864,3.4379
2025-11-09,2025-11-08,1,3.4000,3.4008,3.3896,3.4360,3.3928,3.3878,3.4379
2025-11-10,2025-11-09,1,3.3400,3.3422,3.2488,3.3624,3.3480,3.2470,3.3642
2025-11-11,2025-11-10,1,3.2800,3.2240,3.1934,3.2878,3.2320,3.1916,3.2896
2025-11-12,2025-11-11,1,3.2300,3.1715,3.1208,3.2178,3.1849,3.1191,3.2196
2025-11-13,2025-11-12,1,3.1700,3.1715,3.1208,3.2181,3.1831,3.1191,3.2199
2025-11-14,2025-11-13,1,3.1200,3.0560,3.0288,3.1366,3.0607,3.0271,3.1383
2025-11-15,2025-11-14,1,3.0700,3.0490,3.0325,3.0718,3.0537,3.0308,3.0735
2025-11-16,2025-11-15,1,3.0200,2.9865,2.9711,3.0720,3.0006,2.9694,3.0737
2025-11-17,2025-11-16,1,2.9800,2.9711,2.9247,2.9825,2.9305,2.9231,2.9842
2025-11-18,2025-11-17,1,2.9400,2.9218,2.9015,2.9326,2.9116,2.8999,2.9343
2025-11-19,2025-11-18,1,2.8900,2.8891,2.8485,2.9218,2.8963,2.8469,2.9234
2025-11-20,2025-11-19,1,2.8400,2.8360,2.7871,2.8507,2.8464,2.7855,2.8523
2025-11-21,2025-11-20,1,2.8000,2.7925,2.7665,2.7972,2.7863,2.7649,2.7988
2025-11-22,2025-11-21,1,2.7600,2.7327,2.7221,2.7963,2.7622,2.7205,2.7979
2025-11-23,2025-11-22,1,2.7100,2.7156,2.6588,2.7404,2.7222,2.6573,2.7420
2025-11-24,2025-11-23,1,2.6700,2.6764,2.6593,2.6908,2.6841,2.6578,2.6923
2025-11-25,2025-11-24,1,2.6400,2.6448,2.6023,2.6743,2.6435,2.6008,2.6758
2025-11-26,2025-11-25,1,2.6000,2.6023,2.5458,2.6416,2.5975,2.5443,2.6431
2025-11-27,2025-11-26,1,2.5700,2.5546,2.5272,2.5949,2.5450,2.5257,2.5964
2025-11-28,2025-11-27,1,2.5400,2.5272,2.5154,2.5508,2.5392,2.5139,2.5523
2025-11-29,2025-11-28,1,2.5000,2.5067,2.4736,2.5572,2.4986,2.4721,2.5587
2025-11-30,2025-11-29,1,2.4700,2.4737,2.4736,2.4775,2.4931,2.4721,2.4790
2025-12-01,2025-11-30,1,2.4400,2.4316,2.4016,2.4621,2.4131,2.4002,2.4636
2025-12-02,2025-12-01,1,2.4100,2.4283,2.3988,2.4621,2.4132,2.3974,2.4636
2025-12-03,2025-12-02,1,2.3800,2.3829,2.3623,2.4067,2.3607,2.3609,2.4081
2025-12-04,2025-12-03,1,2.3600,2.3095,2.2843,2.3875,2.3375,2.2829,2.3889
2025-12-05,2025-12-04,1,2.3300,2.3095,2.2843,2.3875,2.3353,2.2829,2.3889
2025-12-06,2025-12-05,1,2.3100,2.2732,2.2501,2.3117,2.3241,2.2487,2.3131
2025-12-07,2025-12-06,1,2.2800,2.2732,2.2517,2.3091,2.2883,2.2503,2.3105
2025-12-08,2025-12-07,1,2.2600,2.2735,2.2425,2.2757,2.2316,2.2411,2.2771
2025-12-09,2025-12-08,1,2.2400,2.2747,2.1945,2.2757,2.2233,2.1932,2.2771
2025-12-10,2025-12-09,1,2.2200,2.1945,2.1458,2.2400,2.1990,2.1445,2.2414
2025-12-11,2025-12-10,1,2.1900,2.1950,2.1438,2.2398,2.1983,2.1425,2.2412
2025-12-12,2025-12-11,1,2.1700,2.1465,2.1451,2.2051,2.1782,2.1438,2.2064
2025-12-13,2025-12-12,1,2.1600,2.1438,2.1154,2.1742,2.1493,2.1141,2.1755
2025-12-14,2025-12-13,1,2.1400,2.1440,2.1154,2.1744,2.1494,2.1141,2.1757
2025-12-15,2025-12-14,1,2.1200,2.1156,2.1107,2.1445,2.1040,2.1094,2.1458
2025-12-16,2025-12-15,1,2.0900,2.1108,2.0716,2.1516,2.0745,2.0703,2.1529
2025-12-17,2025-12-16,1,2.0800,2.0273,2.0269,2.0870,2.0607,2.0256,2.0883
2025-12-18,2025-12-17,1,2.0700,2.0273,2.0270,2.0636,2.0608,2.0257,2.0649
2025-12-19,2025-12-18,1,2.0500,2.0310,2.0277,2.0350,2.0443,2.0264,2.0363
2025-12-20,2025-12-19,1,2.0400,2.0314,1.9993,2.0325,2.0464,1.9980,2.0338
2025-12-21,2025-12-20,1,2.0300,2.0052,1.9993,2.0284,2.0243,1.9980,2.0297
2025-12-22,2025-12-21,1,2.0200,2.0064,2.0002,2.0284,2.0243,1.9989,2.0297
2025-12-23,2025-12-22,1,2.0000,2.0052,1.9728,2.0284,2.0243,1.9716,2.0297
2025-12-24,2025-12-23,1,1.9900,1.9728,1.8949,1.9751,1.9704,1.8937,1.9763
2025-12-25,2025-12-24,1,1.9800,1.9317,1.9031,1.9749,1.9511,1.9019,1.9761
2025-12-26,2025-12-25,1,1.9800,1.9317,1.9031,1.9749,1.9519,1.9019,1.9761
2025-12-27,2025-12-26,1,1.9700,1.9320,1.9038,1.9754,1.9518,1.9026,1.9766
2025-12-28,2025-12-27,1,1.9600,1.9315,1.9125,1.9473,1.9465,1.9113,1.9485
2025-12-29,2025-12-28,1,1.9400,1.9315,1.9135,1.9473,1.9479,1.9123,1.9485
2025-12-30,2025-12-29,1,1.9300,1.9138,1.9052,1.9452,1.9324,1.9040,1.9464
2025-12-31,2025-12-30,1,1.9300,1.9170,1.9052,1.9454,1.9324,1.9040,1.9466
2026-01-01,2025-12-31,1,1.9200,1.9170,1.9112,1.9430,1.9338,1.9100,1.9442
2026-01-02,2026-01-01,1,1.9100,1.9049,1.8793,1.9442,1.9330,1.8781,1.9454
2026-01-03,2026-01-02,1,1.9000,1.8937,1.8798,1.9157,1.9011,1.8786,1.9169
2026-01-04,2026-01-03,1,1.8900,1.8963,1.8829,1.9160,1.9032,1.8817,1.9172
2026-01-05,2026-01-04,1,1.8900,1.8962,1.8438,1.9160,1.9024,1.8426,1.9172
2026-01-06,2026-01-05,1,1.8800,1.8439,1.7957,1.8992,1.8514,1.7945,1.9004
2026-01-07,2026-01-06,1,1.8700,1.8439,1.7957,1.8743,1.8514,1.7945,1.8755
2026-01-08,2026-01-07,1,1.8500,1.8408,1.7957,1.8746,1.8456,1.7945,1.8758
2026-01-09,2026-01-08,1,1.8500,1.8156,1.8067,1.8204,1.8384,1.8055,1.8216
2026-01-10,2026-01-09,1,1.8400,1.8186,1.8050,1.8202,1.8334,1.8038,1.8214
2026-01-11,2026-01-10,1,1.8300,1.8191,1.8088,1.8202,1.8334,1.8076,1.8214
2026-01-12,2026-01-11,1,1.8300,1.8186,1.8044,1.8196,1.8334,1.8032,1.8208
2026-01-13,2026-01-12,1,1.8200,1.8186,1.8052,1.8196,1.8334,1.8040,1.8208
2026-01-14,2026-01-13,1,1.8100,1.7997,1.7679,1.8189,1.8334,1.7667,1.8201
2026-01-15,2026-01-14,1,1.8000,1.7988,1.7668,1.8189,1.7756,1.7656,1.8201
2026-01-16,2026-01-15,1,1.7900,1.7984,1.7648,1.8189,1.7730,1.7636,1.8201
2026-01-17,2026-01-16,1,1.7900,1.7719,1.7500,1.7909,1.7574,1.7488,1.7921
2026-01-18,2026-01-17,1,1.7800,1.7710,1.7499,1.7989,1.7574,1.7487,1.8001
2026-01-19,2026-01-18,1,1.7800,1.7716,1.7499,1.7989,1.7574,1.7487,1.8001
2026-01-20,2026-01-19,1,1.7600,1.7715,1.7499,1.7986,1.7574,1.7487,1.7998
2026-01-21,2026-01-20,1,1.7500,1.7234,1.7043,1.7703,1.7397,1.7032,1.7715
2026-01-22,2026-01-21,1,1.7400,1.7234,1.7049,1.7705,1.7382,1.7038,1.7717
2026-01-23,2026-01-22,1,1.9300,3.1816,1.8635,4.3400,1.7122,1.8623,4.3422
2026-01-24,2026-01-23,1,2.0400,1.8528,1.7469,2.0556,2.3419,1.7457,2.0569
2026-01-25,2026-01-24,1,1.9000,1.9342,1.6909,2.0329,1.9127,1.6898,2.0342
2026-01-26,2026-01-25,1,1.7600,1.7018,1.6870,1.8560,1.6904,1.6859,1.8572
2026-01-27,2026-01-26,1,1.9000,4.6888,2.1289,6.4197,1.6749,2.1276,6.4228
2026-01-28,2026-01-27,1,2.1500,2.0996,1.7505,2.2131,2.0468,1.7493,2.2144
2026-01-29,2026-01-28,1,1.9000,2.0426,1.6950,2.3115,2.0667,1.6939,2.3129
2026-01-30,2026-01-29,1,1.7300,1.6884,1.6816,1.8260,1.6853,1.6805,1.8272
2026-01-31,2026-01-30,1,1.6500,1.6821,1.6228,1.6944,1.6643,1.6217,1.6955
2026-02-01,2026-01-31,1,1.6500,1.6337,1.5895,1.6644,1.6336,1.5884,1.6655
2026-02-02,2026-02-01,1,1.6500,1.6334,1.6018,1.6576,1.6442,1.6007,1.6587
2026-02-03,2026-02-02,1,1.6400,1.6348,1.6094,1.6562,1.6316,1.6083,1.6573
2026-02-04,2026-02-03,1,1.6300,1.6098,1.5992,1.6367,1.6198,1.5981,1.6378
2026-02-05,2026-02-04,1,1.6000,1.6122,1.5984,1.6421,1.6193,1.5973,1.6432
2026-02-06,2026-02-05,1,1.6000,1.5872,1.5672,1.6091,1.6060,1.5661,1.6102
2026-02-07,2026-02-06,1,1.6000,1.5871,1.5669,1.6074,1.6205,1.5658,1.6085
2026-02-08,2026-02-07,1,1.5900,1.5871,1.5668,1.6072,1.6202,1.5657,1.6083
2026-02-09,2026-02-08,1,1.5700,1.5796,1.5667,1.5884,1.5847,1.5656,1.5895
2026-02-10,2026-02-09,1,1.5600,1.5554,1.5502,1.5658,1.5586,1.5491,1.5669
2026-02-11,2026-02-10,1,1.5500,1.5507,1.5350,1.5944,1.5322,1.5339,1.5955
2026-02-12,2026-02-11,1,1.5400,1.5350,1.5080,1.5473,1.5313,1.5069,1.5484
2026-02-13,2026-02-12,1,1.5300,1.5245,1.5075,1.5492,1.5156,1.5064,1.5503
2026-02-14,2026-02-13,1,1.5200,1.5075,1.5008,1.5293,1.5058,1.4998,1.5304
2026-02-15,2026-02-14,1,1.5100,1.5075,1.5008,1.5310,1.5050,1.4998,1.5321
2026-02-16,2026-02-15,1,1.4900,1.5045,1.4911,1.5318,1.5053,1.4901,1.5329
2026-02-17,2026-02-16,1,1.4800,1.4552,1.3947,1.4855,1.5071,1.3937,1.4865
2026-02-18,2026-02-17,1,1.4600,1.4552,1.3951,1.4566,1.4438,1.3941,1.4576
2026-02-19,2026-02-18,1,1.4400,1.4388,1.4164,1.4543,1.4361,1.4154,1.4553
2026-02-20,2026-02-19,1,1.4400,1.4286,1.4249,1.4368,1.4361,1.4239,1.4378
2026-02-21,2026-02-20,1,1.4200,1.4123,1.3475,1.4331,1.4098,1.3465,1.4341
2026-02-22,2026-02-21,1,1.4100,1.3821,1.3585,1.4155,1.4059,1.3575,1.4165
2026-02-23,2026-02-22,1,1.3900,1.3824,1.3603,1.4161,1.4058,1.3593,1.4171
2026-02-24,2026-02-23,1,1.3700,1.3359,1.2938,1.3743,1.3413,1.2928,1.3753
2026-02-25,2026-02-24,1,1.3500,1.3261,1.3190,1.3603,1.3402,1.3180,1.3613
2026-02-26,2026-02-25,1,1.3300,1.3265,1.3093,1.3584,1.3356,1.3083,1.3594
2026-02-27,2026-02-26,1,1.3200,1.3195,1.2998,1.3576,1.3255,1.2988,1.3586
2026-02-28,2026-02-27,1,1.3100,1.3186,1.2903,1.3561,1.3253,1.2893,1.3571
2026-03-01,2026-02-28,1,1.2900,1.3070,1.2900,1.3183,1.2843,1.2890,1.3193
2026-03-02,2026-03-01,1,1.2700,1.2581,1.2490,1.2780,1.2508,1.2481,1.2790
2026-03-03,2026-03-02,1,1.2600,1.2508,1.2475,1.2644,1.2502,1.2466,1.2654
2026-03-04,2026-03-03,1,1.2500,1.2435,1.2278,1.2509,1.2319,1.2269,1.2518
2026-03-05,2026-03-04,1,1.2300,1.2422,1.2278,1.2525,1.2314,1.2269,1.2534
2026-03-06,2026-03-05,1,1.2200,1.2070,1.1625,1.2258,1.2021,1.1616,1.2267
2026-03-07,2026-03-06,1,1.2100,1.1980,1.1752,1.2009,1.1995,1.1743,1.2018
2026-03-08,2026-03-07,1,1.1900,1.1886,1.1733,1.2009,1.1924,1.1724,1.2018
2026-03-09,2026-03-08,1,1.1700,1.1722,1.1688,1.1860,1.1702,1.1679,1.1869
2026-03-10,2026-03-09,1,1.1700,1.1520,1.1303,1.1606,1.1466,1.1294,1.1615
2026-03-11,2026-03-10,1,1.1600,1.1517,1.1164,1.1609,1.1451,1.1155,1.1618
2026-03-12,2026-03-11,1,1.1400,1.1172,1.0723,1.1606,1.1152,1.0714,1.1615
2026-03-13,2026-03-12,1,1.1300,1.1035,1.0640,1.1468,1.0990,1.0631,1.1477
2026-03-14,2026-03-13,1,1.1200,1.1028,1.0557,1.1188,1.1012,1.0548,1.1197
2026-03-15,2026-03-14,1,1.1000,1.1136,1.0724,1.1641,1.0674,1.0715,1.1650
2026-03-16,2026-03-15,1,1.1000,1.0623,1.0128,1.0839,1.0729,1.0120,1.0848
2026-03-17,2026-03-16,1,1.0900,1.0595,1.0115,1.0808,1.0744,1.0107,1.0817
2026-03-18,2026-03-17,1,1.0800,1.0570,1.0072,1.0800,1.0663,1.0064,1.0809
2026-03-19,2026-03-18,1,1.0600,1.0441,0.9842,1.0720,1.0548,0.9834,1.0729
2026-03-20,2026-03-19,1,1.1100,1.1946,1.0844,1.2561,1.0564,1.0835,1.2570
2026-03-21,2026-03-20,1,1.1000,1.0377,1.0101,1.1028,1.0778,1.0093,1.1037
2026-03-22,2026-03-21,1,1.0900,1.0595,1.0479,1.0870,1.0723,1.0470,1.0879
2026-03-23,2026-03-22,1,1.0500,1.0153,0.9764,1.0759,1.0316,0.9756,1.0768
2026-03-24,2026-03-23,1,1.0200,1.0278,0.9504,1.0359,1.0373,0.9496,1.0368
2026-03-25,2026-03-24,1,1.0000,1.0018,0.9391,1.0055,1.0045,0.9383,1.0063
2026-03-26,2026-03-25,1,0.9900,0.9731,0.9067,1.0022,0.9651,0.9059,1.0030
2026-03-27,2026-03-26,1,0.9900,0.9734,0.9021,0.9982,0.9679,0.9013,0.9990
2026-03-28,2026-03-27,1,0.9700,0.9747,0.9017,0.9956,0.9795,0.9009,0.9964
2026-03-29,2026-03-28,1,0.9600,0.9664,0.9000,0.9672,0.9674,0.8992,0.9680
2026-03-30,2026-03-29,1,0.9400,0.9361,0.8665,0.9555,0.9353,0.8657,0.9563
2026-03-31,2026-03-30,1,0.9300,0.9373,0.8685,0.9375,0.9308,0.8677,0.9383
2026-04-01,2026-03-31,1,0.9200,0.9117,0.8678,0.9351,0.9141,0.8670,0.9359
2026-04-02,2026-04-01,1,0.9100,0.9092,0.8605,0.9170,0.9143,0.8597,0.9178
2026-04-03,2026-04-02,1,0.8900,0.8811,0.8490,0.8938,0.8852,0.8482,0.8946
2026-04-04,2026-04-03,1,0.8900,0.8902,0.8493,0.9120,0.8862,0.8485,0.9128
2026-04-05,2026-04-04,1,0.9400,0.8775,0.7825,0.8954,0.8886,0.7818,0.8962
2026-04-06,2026-04-05,1,0.9000,0.9151,0.8459,0.9433,0.9377,0.8451,0.9441
2026-04-07,2026-04-06,1,0.8800,0.8491,0.8340,0.8932,0.8523,0.8332,0.8940
2026-04-08,2026-04-07,1,0.9200,1.1409,0.8921,1.7132,0.8153,0.8913,1.7143
2026-04-09,2026-04-08,1,0.9000,0.8792,0.8348,0.9205,0.8778,0.8340,0.9213
2026-04-10,2026-04-09,1,0.8800,0.8361,0.8246,0.8948,0.8349,0.8238,0.8956
2026-04-11,2026-04-10,1,0.8300,0.8286,0.7628,0.8646,0.8081,0.7621,0.8654
2026-04-12,2026-04-11,1,0.8100,0.8121,0.7747,0.8141,0.8212,0.7740,0.8149
2026-04-13,2026-04-12,1,0.8000,0.7924,0.7541,0.7974,0.7952,0.7534,0.7982
2026-04-14,2026-04-13,1,0.7900,0.7909,0.7541,0.7934,0.7760,0.7534,0.7942
2026-04-15,2026-04-14,1,0.7700,0.7682,0.7049,0.7914,0.7733,0.7042,0.7922
2026-04-16,2026-04-15,1,0.7600,0.7685,0.7051,0.7737,0.7491,0.7044,0.7744
2026-04-17,2026-04-16,1,0.7500,0.7441,0.6990,0.7755,0.7488,0.6983,0.7762
2026-04-18,2026-04-17,1,0.7500,0.7448,0.7006,0.7496,0.7460,0.6999,0.7503
2026-04-19,2026-04-18,1,0.7400,0.7364,0.6999,0.7435,0.7448,0.6992,0.7442
2026-04-20,2026-04-19,1,0.7200,0.7214,0.6946,0.7248,0.7281,0.6939,0.7255
2026-04-21,2026-04-20,1,0.7100,0.7017,0.6856,0.7109,0.7014,0.6849,0.7116
2026-04-22,2026-04-21,1,0.7000,0.6995,0.6782,0.7063,0.6996,0.6775,0.7070
2026-04-23,2026-04-22,1,0.6900,0.6959,0.6622,0.7067,0.6928,0.6615,0.7074
2026-04-24,2026-04-23,1,0.6800,0.6734,0.6480,0.6874,0.6758,0.6473,0.6881
2026-04-25,2026-04-24,1,0.6600,0.6746,0.6236,0.6752,0.6789,0.6229,0.6759
2026-04-26,2026-04-25,1,0.6600,0.6546,0.6190,0.6554,0.6424,0.6183,0.6561
2026-04-27,2026-04-26,1,0.6500,0.6544,0.6190,0.6548,0.6416,0.6183,0.6555
2026-04-28,2026-04-27,1,0.6500,0.6382,0.5881,0.6500,0.6413,0.5874,0.6507
2026-04-29,2026-04-28,1,0.6400,0.6428,0.5858,0.6529,0.6487,0.5851,0.6536
2026-04-30,2026-04-29,1,0.7000,0.6948,0.6112,0.8281,0.6417,0.6105,0.8289
2026-05-01,2026-04-30,1,0.6800,0.6745,0.6040,0.7098,0.6871,0.6033,0.7105
2026-05-02,2026-05-01,1,0.6500,0.6357,0.6301,0.6670,0.6382,0.6294,0.6677
2026-05-03,2026-05-02,1,0.6500,0.6006,0.5683,0.6483,0.5950,0.5676,0.6490
2026-05-04,2026-05-03,1,2.4300,0.6660,0.5739,0.6911,0.6438,0.5732,0.6918
2026-05-05,2026-05-04,1,1.1300,1.2805,1.0039,2.7898,1.4055,1.0031,2.7914
2026-05-06,2026-05-05,1,0.9000,0.8533,0.7967,1.0631,0.8993,0.7959,1.0640
2026-05-07,2026-05-06,1,0.6300,0.6767,0.5153,0.8483,0.6101,0.5147,0.8491
2026-05-08,2026-05-07,1,0.5800,0.5658,0.5353,0.6205,0.5761,0.5347,0.6212
2026-05-09,2026-05-08,1,0.5700,0.5667,0.5267,0.5801,0.5760,0.5261,0.5808
2026-05-10,2026-05-09,1,0.5600,0.5560,0.5205,0.5763,0.5602,0.5199,0.5770
2026-05-11,2026-05-10,1,0.5600,0.5590,0.5132,0.5617,0.5596,0.5126,0.5624
2026-05-12,2026-05-11,1,0.5500,0.5567,0.4798,0.5602,0.5581,0.4792,0.5609
2026-05-13,2026-05-12,1,0.5500,0.5421,0.4763,0.5467,0.5434,0.4757,0.5473
2026-05-14,2026-05-13,1,0.5400,0.5423,0.4759,0.5458,0.5466,0.4753,0.5464
2026-05-15,2026-05-14,1,0.5400,0.5396,0.4798,0.5447,0.5289,0.4792,0.5453
2026-05-16,2026-05-15,1,0.5300,0.5278,0.4741,0.5351,0.5327,0.4735,0.5357
2026-05-17,2026-05-16,1,0.5200,0.5272,0.4730,0.5281,0.5288,0.4724,0.5287
2026-05-18,2026-05-17,1,0.5200,0.5142,0.4651,0.5239,0.5147,0.4645,0.5245
2026-05-19,2026-05-18,1,0.5200,0.5140,0.4663,0.5238,0.5144,0.4657,0.5244
2026-05-20,2026-05-19,1,0.5000,0.5124,0.4229,0.5237,0.5144,0.4223,0.5243
2026-05-21,2026-05-20,1,0.4900,0.4875,0.4193,0.5011,0.4892,0.4187,0.5017
2026-05-22,2026-05-21,1,0.5000,0.4889,0.4175,0.4898,0.4895,0.4169,0.4904
2026-05-23,2026-05-22,1,0.4800,0.4878,0.4168,0.5011,0.4888,0.4162,0.5017
2026-05-24,2026-05-23,1,0.4700,0.4752,0.4140,0.4793,0.4763,0.4134,0.4799
2026-05-25,2026-05-24,1,0.4700,0.4623,0.3849,0.4684,0.4645,0.3843,0.4690
2026-05-26,2026-05-25,1,0.4700,0.4645,0.4154,0.4688,0.4654,0.4148,0.4694
2026-05-27,2026-05-26,1,0.4600,0.4616,0.3845,0.4682,0.4637,0.3839,0.4688
2026-05-28,2026-05-27,1,0.4600,0.4507,0.3878,0.4592,0.4527,0.3872,0.4598
2026-05-29,2026-05-28,1,0.6800,0.5114,0.4279,0.5593,0.4594,0.4273,0.5600
2026-05-30,2026-05-29,1,0.6100,0.6159,0.5541,0.6742,0.6950,0.5534,0.6749
2026-05-31,2026-05-30,1,0.5300,0.5472,0.4894,0.5903,0.5183,0.4888,0.5910
2026-06-01,2026-05-31,1,0.5000,0.4985,0.4060,0.5232,0.4554,0.2803,0.6727
2026-06-02,2026-06-01,1,0.4500,0.4584,0.3846,0.4910,0.4710,0.2608,0.6373
2026-06-03,2026-06-02,1,0.4500,0.4276,0.3772,0.4468,0.4297,0.2541,0.5888
2026-06-04,2026-06-03,1,0.4300,0.4457,0.3841,0.4504,0.4354,0.2604,0.5928
2026-06-05,2026-06-04,1,0.4300,0.4195,0.3745,0.4299,0.4219,0.2517,0.5702
2026-06-06,2026-06-05,1,0.4200,0.4180,0.3749,0.4297,0.4234,0.2520,0.5700
2026-06-07,2026-06-06,1,0.4200,0.4110,0.3728,0.4216,0.4140,0.2501,0.5611
2026-06-08,2026-06-07,1,0.4100,0.3987,0.3497,0.4208,0.4059,0.2291,0.5602
2026-06-09,2026-06-08,1,0.4000,0.3902,0.3516,0.4087,0.3972,0.2308,0.5470
2026-06-10,2026-06-09,1,0.4000,0.3938,0.3477,0.4059,0.3933,0.2272,0.5439
2026-06-11,2026-06-10,1,0.4300,0.4758,0.4063,0.5039,0.3871,0.2806,0.6515
2026-06-12,2026-06-11,1,0.6800,0.4113,0.3421,0.4283,0.4525,0.2221,0.5685
2026-06-13,2026-06-12,1,0.6200,0.6160,0.6044,0.6969,0.7625,0.4610,0.8634
2026-06-14,2026-06-13,1,0.4900,0.4760,0.4234,0.5991,0.4785,0.2962,0.7560
2026-06-15,2026-06-14,1,0.3900,0.3744,0.3146,0.4725,0.3858,0.1971,0.6170
2026-06-16,2026-06-15,1,0.3800,0.3454,0.3093,0.3860,0.3552,0.1923,0.5220
2026-06-17,2026-06-16,1,0.3700,0.3700,0.3136,0.3792,0.3717,0.1962,0.5146
2026-06-18,2026-06-17,1,0.3700,0.3651,0.3113,0.3728,0.3660,0.1941,0.5075
2026-06-19,2026-06-18,1,0.3700,0.3642,0.3115,0.3728,0.3674,0.1943,0.5075
2026-06-20,2026-06-19,1,0.3600,0.3579,0.2918,0.3728,0.3651,0.1763,0.5075
2026-06-21,2026-06-20,1,0.3600,0.3445,0.2909,0.3570,0.3505,0.1755,0.4902
2026-06-22,2026-06-21,1,0.3600,0.3531,0.2910,0.3570,0.3539,0.1756,0.4902
2026-06-23,2026-06-22,1,0.3400,0.3503,0.2907,0.3570,0.3527,0.1753,0.4902
2026-06-24,2026-06-23,1,0.3300,0.3388,0.2895,0.3391,0.3372,0.1742,0.4705
2026-06-25,2026-06-24,1,0.3300,0.3262,0.2901,0.3326,0.3276,0.1748,0.4634
2026-06-26,2026-06-25,1,0.3300,0.3262,0.2901,0.3324,0.3279,0.1748,0.4632
2026-06-27,2026-06-26,1,0.3300,0.3223,0.2901,0.3324,0.3261,0.1748,0.4632
2026-06-28,2026-06-27,1,0.3300,0.3240,0.2907,0.3324,0.3230,0.1753,0.4632
2026-06-29,2026-06-28,1,0.3400,0.3360,0.3007,0.3402,0.3249,0.1844,0.4717
2026-06-30,2026-06-29,1,0.6300,0.3815,0.3421,0.4112,0.3833,0.2221,0.5497
2026-07-01,2026-06-30,1,0.8900,1.8035,1.1311,3.5411,0.8281,0.9406,3.9868
2026-07-02,2026-07-01,1,5.9600,0.9734,0.8159,1.1614,0.7249,0.6536,1.3735
2026-07-03,2026-07-02,1,2.8800,4.1576,2.7549,7.1917,6.2600,2.4193,7.9957
2026-07-04,2026-07-03,1,2.5000,2.4319,2.3425,2.9016,2.4880,2.0438,3.2845
2026-07-05,2026-07-04,1,1.2600,1.5813,1.1446,2.1478,1.4574,0.9529,2.4568
2026-07-06,2026-07-05,1,0.6600,0.5812,0.4132,1.0604,0.6714,0.2869,1.2626
2026-07-07,2026-07-06,1,0.6100,1.6171,0.7745,3.7116,0.5984,0.6159,4.1740
2026-07-08,2026-07-07,1,0.8200,4.7505,1.3499,10.3036,0.6877,1.1399,11.4130
2026-07-09,2026-07-08,1,7.6200,5.5219,1.5209,13.5148,1.1539,1.2956,14.9394
2026-07-10,2026-07-09,1,10.3900,14.1549,6.9496,23.2989,9.6800,6.2391,25.6838
2026-07-11,2026-07-10,1,9.5400,11.1773,10.6024,14.6500,11.5735,9.5654,16.1860
2026-07-12,2026-07-11,1,3.0400,3.0397,2.9128,7.2389,3.4555,2.5631,8.0475
2026-07-13,2026-07-12,1,0.8100,0.6788,0.6497,2.7299,0.7550,0.5023,3.0960
2026-07-14,2026-07-13,1,0.3900,0.4043,0.3123,0.7076,0.4271,0.1950,0.8752
2026-07-15,2026-07-14,1,0.3500,0.3823,0.2891,0.3900,0.3721,0.1739,0.5264
2026-07-16,2026-07-15,1,0.4100,0.3540,0.2900,0.3545,0.3879,0.1747,0.4874
2026-07-17,2026-07-16,1,0.5200,0.4476,0.3976,0.4697,0.5247,0.2727,0.6139
2026-07-18,2026-07-17,1,1.5800,0.9691,0.6346,2.3087,0.6654,0.4885,2.6334
2026-07-19,2026-07-18,1,5.9600,2.0020,1.2653,2.4187,2.3515,1.0628,2.7542
2026-07-20,2026-07-19,1,8.0500,17.2990,8.5167,33.2386,8.6747,7.6661,36.5991
2026-07-21,2026-07-20,1,7.3000,7.1051,6.8668,7.9173,10.1480,6.1637,8.7925
2026-07-22,2026-07-21,1,7.4900,8.1967,7.2031,9.4285,8.3169,6.4699,10.4520
2026-07-23,2026-07-22,1,1.8300,2.2762,1.9380,5.6590,1.9920,1.6754,6.3126
2026-07-24,2026-07-23,1,0.5800,1.2209,0.8320,2.4322,0.5616,0.6683,2.7691
2026-07-25,2026-07-24,1,1.6700,1.5994,0.7547,3.8019,0.6753,0.5979,4.2732
2026-07-26,2026-07-25,1,1.4300,1.6664,1.0140,2.1270,1.9988,0.8340,2.4339
2026-07-27,2026-07-26,1,2.4000,2.6894,1.9065,3.4036,1.5351,1.6467,3.8358
2026-07-28,2026-07-27,1,5.1700,5.1594,4.4993,9.5481,5.4691,4.0078,10.5834
2026-07-29,2026-07-28,1,5.7700,6.9216,5.3385,7.3637,5.3405,4.7720,8.1846
2026-07-30,2026-07-29,1,1.5400,2.0283,1.5800,5.0880,1.7551,1.3494,5.6855
2026-07-31,2026-07-30,1,1.1300,1.3837,1.0246,1.6048,1.3204,0.8436,1.8605
2026-08-01,2026-07-31,1,3.3100,1.4354,1.3623,2.5315,1.2130,1.1512,2.8781
2026-08-02,2026-08-01,1,1.8000,1.0575,0.9363,4.3709,1.4988,0.7632,4.8980
2026-08-03,2026-08-02,1,3.0100,7.2650,2.6900,9.7046,2.0952,2.3602,10.7552
2026-08-04,2026-08-03,1,13.0300,4.4704,2.9466,6.3167,3.1783,2.5939,7.0348
2026-08-05,2026-08-04,1,8.5100,10.1634,7.6716,19.2513,9.1483,6.8966,21.2389
2026-08-06,2026-08-05,1,4.7900,7.8043,5.8460,9.8847,6.1172,5.2341,10.9530
2026-08-07,2026-08-06,1,2.8100,3.8813,2.8448,4.7924,4.4289,2.5012,5.3609
2026-08-08,2026-08-07,1,4.0300,3.4469,3.3960,3.7044,3.8229,3.0031,4.1661
2026-08-09,2026-08-08,1,2.0500,2.7875,2.0386,4.0288,3.2346,1.7670,4.5224
2026-08-10,2026-08-09,1,1.0400,3.7077,1.8550,5.3185,0.9649,1.5998,5.9387
2026-08-11,2026-08-10,1,2.4300,0.8857,0.7788,1.2555,1.1123,0.6198,1.4769
2026-08-12,2026-08-11,1,1.4600,2.5135,1.3322,2.9132,2.9999,1.1238,3.2973
2026-08-13,2026-08-12,1,0.9900,1.0592,0.8129,1.3794,1.0410,0.6509,1.6129
2026-08-14,2026-08-13,1,1.4400,2.4798,1.3152,3.8977,0.9087,1.1083,4.3784
2026-08-15,2026-08-14,1,1.6600,1.9792,1.3558,2.2971,2.0107,1.1452,2.6207
2026-08-16,2026-08-15,1,5.5100,6.2979,4.0067,10.3877,2.2950,3.5592,11.5054
2026-08-17,2026-08-16,1,6.0700,7.8158,5.3594,10.3241,6.5654,4.7910,11.4355
2026-08-18,2026-08-17,1,6.5700,7.5974,6.2151,8.8188,5.5060,5.5702,9.7825
2026-08-19,2026-08-18,1,2.1800,3.1925,2.1454,5.8602,2.9587,1.8643,6.5335
2026-08-20,2026-08-19,1,4.3600,1.8191,1.2304,2.4364,1.8920,1.0311,2.7737
2026-08-21,2026-08-20,1,6.3900,6.1603,5.0106,10.8211,6.8200,4.4734,11.9813
2026-08-22,2026-08-21,1,7.1200,8.1948,5.9038,9.4737,7.3270,5.2868,10.5017
2026-08-23,2026-08-22,1,5.6900,5.1394,4.3869,6.6944,5.6310,3.9054,7.4496
2026-08-24,2026-08-23,1,8.1600,2.3870,2.0556,5.2507,2.3003,1.7825,5.8642
2026-08-25,2026-08-24,1,7.8600,4.6635,3.4706,10.1901,6.4201,3.0710,11.2884
2026-08-26,2026-08-25,1,6.6600,7.5192,5.0284,11.1306,7.7093,4.4896,12.3212
2026-08-27,2026-08-26,1,15.1200,5.8407,4.4204,6.9327,5.4869,3.9359,7.7113
2026-08-28,2026-08-27,1,7.3200,8.4306,6.4469,12.4835,9.8228,5.7813,13.8069
2026-08-29,2026-08-28,1,4.0200,5.4496,4.1442,7.0434,6.2171,3.6844,7.8328
2026-08-30,2026-08-29,1,4.0400,3.8639,2.5307,4.6406,3.2546,2.2151,5.1942
2026-08-31,2026-08-30,1,6.7400,10.4576,3.6344,12.5874,4.3954,3.2202,13.9210
2026-09-01,2026-08-31,1,7.4000,5.1109,2.7090,8.9541,3.7918,2.3775,9.9311
2026-09-02,2026-09-01,1,10.4500,16.1537,7.3545,22.1368,8.9589,6.6078,24.4076
2026-09-03,2026-09-02,1,10.9700,10.8016,7.9033,11.9595,12.0006,7.1076,13.2315
2026-09-04,2026-09-03,1,10.4100,10.6665,8.1476,11.8689,11.4889,7.3300,13.1320
2026-09-05,2026-09-04,1,8.9000,12.0962,6.2611,15.2096,6.6305,5.6121,16.8005
2026-09-06,2026-09-05,1,38.5500,32.7937,12.2444,38.6614,9.5871,11.0607,42.5541
2026-09-07,2026-09-06,1,71.5300,41.9345,20.7195,52.5689,33.9809,18.7783,57.8266
2026-09-08,2026-09-07,1,54.6300,55.2838,22.0209,64.9371,56.9003,19.9634,71.4087
2026-09-09,2026-09-08,1,32.9000,32.3064,20.8076,35.9183,31.7712,18.8585,39.5418
2026-09-10,2026-09-09,1,20.7100,15.0161,12.4782,17.7165,13.5021,11.2736,19.5535
2026-09-11,2026-09-10,1,22.9100,14.4543,10.8719,15.3596,13.8846,9.8108,16.9653
2026-09-12,2026-09-11,1,20.9600,16.9369,12.6478,18.2046,17.4127,11.4280,20.0895
2026-09-13,2026-09-12,1,19.5200,16.4941,11.1196,16.8329,15.2771,10.0364,18.5832
2026-09-14,2026-09-13,1,17.4300,13.2480,8.6170,15.7863,13.9268,7.7575,17.4338
2026-09-15,2026-09-14,1,17.4300,13.9585,5.7248,16.0724,14.3820,5.1238,17.7480
2026-09-16,2026-09-15,1,17.0500,13.4725,5.7504,15.6387,13.5819,5.1471,17.2718
2026-09-17,2026-09-16,1,15.8200,11.7455,5.5670,13.6022,12.5904,4.9801,15.0354
2026-09-18,2026-09-17,1,15.1000,11.6037,5.4838,12.6081,12.6610,4.9043,13.9437
2026-09-19,2026-09-18,1,14.6900,10.5114,5.5033,12.6052,11.0847,4.9221,13.9405
2026-09-20,2026-09-19,1,14.2300,10.4193,5.4859,12.5741,11.1313,4.9062,13.9064
2026-09-21,2026-09-20,1,13.7700,10.2522,5.5063,12.2267,11.0270,4.9248,13.5249
2026-09-22,2026-09-21,1,13.3100,10.1663,5.5063,12.0283,10.6611,4.9248,13.3070
2026-09-23,2026-09-22,1,12.8700,10.1957,5.5063,11.8766,9.9464,4.9248,13.1404
2024-03-04,2024-03-01,3,1.7100,1.4852,1.3012,1.8389,1.2562,1.2884,1.8548
2024-03-05,2024-03-02,3,3.1800,1.4950,1.2929,1.5623,1.2822,1.2801,1.5767
2024-03-06,2024-03-03,3,3.8800,1.2207,1.1518,1.3546,1.2445,1.1398,1.3678
2024-03-07,2024-03-04,3,1.4800,1.3280,1.1906,1.6640,1.3143,1.1784,1.6789
2024-03-08,2024-03-05,3,1.1800,1.2205,1.0968,2.7572,1.2046,1.0851,2.7783
2024-03-09,2024-03-06,3,1.1600,1.1554,1.0050,2.4482,1.1651,0.9938,2.4675
2024-03-10,2024-03-07,3,1.1600,1.1852,1.0830,1.5409,1.1762,1.0714,1.5551
2024-03-11,2024-03-08,3,1.1400,1.1749,1.1193,1.3671,1.1745,1.1075,1.3804
2024-03-12,2024-03-09,3,1.1200,1.1399,1.1000,1.2134,1.1100,1.0883,1.2258
2024-03-13,2024-03-10,3,1.1100,1.1231,1.1071,1.2246,1.1084,1.0954,1.2371
2024-03-14,2024-03-11,3,1.0900,1.0878,1.0874,1.2263,1.0908,1.0758,1.2388
2024-03-15,2024-03-12,3,1.0800,1.0789,1.0504,1.2002,1.0528,1.0390,1.2125
2024-03-16,2024-03-13,3,1.0800,1.0727,1.0504,1.1038,1.0675,1.0390,1.1156
2024-03-17,2024-03-14,3,1.0600,1.0405,1.0293,1.0555,1.0307,1.0180,1.0670
2024-03-18,2024-03-15,3,1.0400,1.0424,1.0178,1.0443,1.0311,1.0066,1.0558
2024-03-19,2024-03-16,3,1.0400,1.0395,1.0178,1.0434,1.0352,1.0066,1.0549
2024-03-20,2024-03-17,3,1.0200,1.0292,1.0077,1.0415,1.0164,0.9965,1.0529
2024-03-21,2024-03-18,3,1.0000,1.0285,0.9822,1.0421,1.0113,0.9712,1.0535
2024-03-22,2024-03-19,3,0.9900,1.0297,0.9800,1.0436,1.0000,0.9690,1.0551
2024-03-23,2024-03-20,3,0.9700,0.9669,0.9579,0.9886,0.9755,0.9470,0.9997
2024-03-24,2024-03-21,3,0.9500,0.9675,0.9500,0.9683,0.9536,0.9391,0.9793
2024-03-25,2024-03-22,3,0.9400,0.9410,0.9313,0.9674,0.9514,0.9205,0.9784
2024-03-26,2024-03-23,3,0.9300,0.9310,0.9090,0.9666,0.9374,0.8984,0.9776
2024-03-27,2024-03-24,3,0.9200,0.9098,0.8995,0.9222,0.9245,0.8889,0.9330
2024-03-28,2024-03-25,3,0.9100,0.9007,0.8882,0.9212,0.9241,0.8777,0.9320
2024-03-29,2024-03-26,3,0.9000,0.9035,0.8882,0.9086,0.8951,0.8777,0.9193
2024-03-30,2024-03-27,3,0.9100,0.9071,0.8841,0.9203,0.9003,0.8736,0.9311
2024-03-31,2024-03-28,3,0.8900,0.8753,0.8707,0.8982,0.8989,0.8603,0.9088
2024-04-01,2024-03-29,3,0.8800,0.8812,0.8637,0.8874,0.8725,0.8533,0.8980
2024-04-02,2024-03-30,3,0.8600,0.8681,0.8520,0.8842,0.8793,0.8417,0.8948
2024-04-03,2024-03-31,3,0.8500,0.8658,0.8513,0.8688,0.8708,0.8410,0.8793
2024-04-04,2024-04-01,3,0.8300,0.8345,0.8337,0.8366,0.8534,0.8235,0.8469
2024-04-05,2024-04-02,3,0.8200,0.8112,0.8094,0.8308,0.8135,0.7993,0.8411
2024-04-06,2024-04-03,3,0.8200,0.8120,0.8107,0.8311,0.8124,0.8006,0.8414
2024-04-07,2024-04-04,3,0.8100,0.7965,0.7891,0.8003,0.7959,0.7791,0.8104
2024-04-08,2024-04-05,3,0.8000,0.7877,0.7794,0.7950,0.7908,0.7695,0.8051
2024-04-09,2024-04-06,3,0.7700,0.7820,0.7808,0.7900,0.7822,0.7709,0.8000
2024-04-10,2024-04-07,3,0.7700,0.7692,0.7624,0.7827,0.7787,0.7526,0.7927
2024-04-11,2024-04-08,3,0.7600,0.7644,0.7500,0.7794,0.7609,0.7402,0.7894
2024-04-12,2024-04-09,3,0.7400,0.7382,0.7207,0.7439,0.7413,0.7111,0.7537
2024-04-13,2024-04-10,3,0.7300,0.7382,0.7192,0.7439,0.7415,0.7096,0.7537
2024-04-14,2024-04-11,3,0.7300,0.7346,0.7207,0.7374,0.7371,0.7111,0.7471
2024-04-15,2024-04-12,3,0.7300,0.7166,0.6947,0.7242,0.7278,0.6853,0.7339
2024-04-16,2024-04-13,3,0.7200,0.6994,0.6933,0.7264,0.7238,0.6839,0.7361
2024-04-17,2024-04-14,3,0.7000,0.6957,0.6903,0.7232,0.7205,0.6809,0.7329
2024-04-18,2024-04-15,3,0.6900,0.6918,0.6745,0.7194,0.6971,0.6652,0.7290
2024-04-19,2024-04-16,3,0.6800,0.6826,0.6774,0.7113,0.6992,0.6681,0.7209
2024-04-20,2024-04-17,3,0.6700,0.6686,0.6678,0.6833,0.6803,0.6585,0.6927
2024-04-21,2024-04-18,3,0.6600,0.6674,0.6430,0.6845,0.6635,0.6338,0.6939
2024-04-22,2024-04-19,3,0.6400,0.6492,0.6323,0.6576,0.6580,0.6232,0.6669
2024-04-23,2024-04-20,3,0.6400,0.6286,0.6225,0.6482,0.6487,0.6135,0.6574
2024-04-24,2024-04-21,3,0.6400,0.6288,0.6146,0.6431,0.6439,0.6056,0.6523
2024-04-25,2024-04-22,3,0.6400,0.6122,0.6053,0.6321,0.6295,0.5964,0.6412
2024-04-26,2024-04-23,3,0.6300,0.6115,0.6071,0.6205,0.6132,0.5981,0.6296
2024-04-27,2024-04-24,3,0.6300,0.6097,0.6068,0.6169,0.6108,0.5978,0.6260
2024-04-28,2024-04-25,3,0.6100,0.6049,0.6045,0.6147,0.6055,0.5956,0.6237
2024-04-29,2024-04-26,3,0.6000,0.6081,0.5965,0.6083,0.6079,0.5876,0.6173
2024-04-30,2024-04-27,3,0.5900,0.6072,0.5943,0.6084,0.6051,0.5854,0.6174
2024-05-01,2024-04-28,3,0.5800,0.5769,0.5689,0.6007,0.5769,0.5602,0.6097
2024-05-02,2024-04-29,3,0.5700,0.5776,0.5614,0.6004,0.5771,0.5527,0.6094
2024-05-03,2024-04-30,3,0.5700,0.5630,0.5618,0.5815,0.5778,0.5531,0.5904
2024-05-04,2024-05-01,3,0.5600,0.5605,0.5532,0.5620,0.5607,0.5445,0.5708
2024-05-05,2024-05-02,3,0.5500,0.5472,0.5368,0.5611,0.5463,0.5282,0.5698
2024-05-06,2024-05-03,3,0.5500,0.5450,0.5267,0.5588,0.5441,0.5182,0.5675
2024-05-07,2024-05-04,3,0.5600,0.5315,0.5203,0.5422,0.5459,0.5118,0.5508
2024-05-08,2024-05-05,3,0.5500,0.5318,0.5059,0.5399,0.5300,0.4975,0.5485
2024-05-09,2024-05-06,3,0.5400,0.5407,0.5087,0.5442,0.5300,0.5003,0.5529
2024-05-10,2024-05-07,3,0.5400,0.5263,0.5121,0.5352,0.5391,0.5037,0.5438
2024-05-11,2024-05-08,3,0.5300,0.5253,0.5026,0.5322,0.5251,0.4942,0.5408
2024-05-12,2024-05-09,3,0.5200,0.5101,0.5028,0.5311,0.5170,0.4944,0.5397
2024-05-13,2024-05-10,3,0.5100,0.5481,0.5235,0.5592,0.5186,0.5150,0.5679
2024-05-14,2024-05-11,3,0.5000,0.5053,0.4981,0.5145,0.5181,0.4898,0.5230
2024-05-15,2024-05-12,3,0.4900,0.4953,0.4924,0.5015,0.5049,0.4841,0.5099
2024-05-16,2024-05-13,3,0.4900,0.4935,0.4809,0.5002,0.4952,0.4726,0.5086
2024-05-17,2024-05-14,3,0.4800,0.4821,0.4478,0.4896,0.4828,0.4397,0.4979
2024-05-18,2024-05-15,3,0.4800,0.4710,0.4491,0.4834,0.4719,0.4410,0.4917
2024-05-19,2024-05-16,3,0.4800,0.4675,0.4488,0.4795,0.4695,0.4407,0.4878
2024-05-20,2024-05-17,3,0.4700,0.4585,0.4492,0.4795,0.4695,0.4411,0.4878
2024-05-21,2024-05-18,3,0.4600,0.4699,0.4559,0.4879,0.4679,0.4478,0.4962
2024-05-22,2024-05-19,3,0.4500,0.4674,0.4540,0.4807,0.4679,0.4459,0.4890
2024-05-23,2024-05-20,3,0.4400,0.4463,0.4439,0.4572,0.4580,0.4359,0.4654
2024-05-24,2024-05-21,3,0.4400,0.4454,0.4447,0.4498,0.4487,0.4366,0.4579
2024-05-25,2024-05-22,3,0.4400,0.4373,0.4294,0.4519,0.4417,0.4214,0.4600
2024-05-26,2024-05-23,3,0.4400,0.4269,0.4136,0.4351,0.4331,0.4057,0.4431
2024-05-27,2024-05-24,3,0.4200,0.4232,0.4132,0.4329,0.4287,0.4053,0.4409
2024-05-28,2024-05-25,3,0.4300,0.4228,0.4114,0.4310,0.4270,0.4035,0.4390
2024-05-29,2024-05-26,3,0.4300,0.4218,0.4042,0.4310,0.4211,0.3964,0.4390
2024-05-30,2024-05-27,3,0.4200,0.4036,0.3907,0.4145,0.4086,0.3829,0.4224
2024-05-31,2024-05-28,3,0.4000,0.4228,0.4035,0.4287,0.4148,0.3957,0.4367
2024-06-01,2024-05-29,3,0.4000,0.4135,0.3969,0.4219,0.4057,0.0028,0.9807
2024-06-02,2024-05-30,3,0.4000,0.4000,0.3890,0.4077,0.4033,0.0000,0.9609
2024-06-03,2024-05-31,3,0.4000,0.3886,0.3837,0.3948,0.3935,0.0000,0.9429
2024-06-04,2024-06-01,3,0.3900,0.3895,0.3745,0.3948,0.3968,0.0000,0.9429
2024-06-05,2024-06-02,3,0.3900,0.3863,0.3827,0.3932,0.3933,0.0000,0.9407
2024-06-06,2024-06-03,3,0.3800,0.3843,0.3730,0.3903,0.3843,0.0000,0.9367
2024-06-07,2024-06-04,3,0.3700,0.3775,0.3678,0.3855,0.3742,0.0000,0.9300
2024-06-08,2024-06-05,3,0.3700,0.3862,0.3748,0.3932,0.3782,0.0000,0.9407
2024-06-09,2024-06-06,3,0.3700,0.3725,0.3598,0.3812,0.3735,0.0000,0.9240
2024-06-10,2024-06-07,3,0.3600,0.3545,0.3521,0.3669,0.3583,0.0000,0.9041
2024-06-11,2024-06-08,3,0.3600,0.3538,0.3523,0.3671,0.3583,0.0000,0.9044
2024-06-12,2024-06-09,3,0.3500,0.3527,0.3518,0.3660,0.3569,0.0000,0.9028
2024-06-13,2024-06-10,3,0.3500,0.3452,0.3361,0.3557,0.3492,0.0000,0.8885
2024-06-14,2024-06-11,3,0.3500,0.3447,0.3359,0.3549,0.3492,0.0000,0.8874
2024-06-15,2024-06-12,3,0.3400,0.3381,0.3205,0.3511,0.3491,0.0000,0.8821
2024-06-16,2024-06-13,3,0.3300,0.3365,0.3200,0.3480,0.3490,0.0000,0.8777
2024-06-17,2024-06-14,3,0.3300,0.3365,0.3196,0.3480,0.3490,0.0000,0.8777
2024-06-18,2024-06-15,3,0.3300,0.3293,0.3197,0.3363,0.3288,0.0000,0.8614
2024-06-19,2024-06-16,3,0.3300,0.3237,0.3129,0.3295,0.3232,0.0000,0.8520
2024-06-20,2024-06-17,3,0.3300,0.3237,0.3129,0.3295,0.3232,0.0000,0.8520
2024-06-21,2024-06-18,3,0.3200,0.3221,0.3050,0.3286,0.3229,0.0000,0.8507
2024-06-22,2024-06-19,3,0.3300,0.3184,0.3032,0.3264,0.3302,0.0000,0.8477
2024-06-23,2024-06-20,3,0.4700,0.4756,0.3654,0.4875,0.3201,0.0000,1.0721
2024-06-24,2024-06-21,3,0.5700,0.3519,0.3191,0.3593,0.3132,0.0000,0.8935
2024-06-25,2024-06-22,3,1.2800,0.3682,0.3204,0.4176,0.3303,0.0000,0.9747
2024-06-26,2024-06-23,3,0.7200,0.7145,0.5400,1.1980,0.5282,0.1055,2.0618
2024-06-27,2024-06-24,3,0.8700,1.2300,1.1201,3.0243,0.5227,0.5220,4.6058
2024-06-28,2024-06-25,3,0.7200,11.7005,7.0644,17.9655,1.1563,4.7893,25.4187
2024-06-29,2024-06-26,3,0.5800,2.9361,1.9183,6.3338,0.9159,1.0950,9.2159
2024-06-30,2024-06-27,3,0.6200,2.3688,1.6780,5.1941,1.1226,0.9225,7.6283
2024-07-01,2024-06-28,3,0.5800,3.7503,2.6595,7.2010,1.0144,1.6271,10.4239
2024-07-02,2024-06-29,3,2.6600,8.9984,4.0456,11.4840,0.9919,2.6221,16.3900
2024-07-03,2024-06-30,3,15.3300,2.9591,2.1702,5.4496,1.0383,1.2758,7.9842
2024-07-04,2024-07-01,3,35.7400,8.9137,3.7550,12.0543,0.9864,2.4135,17.1845
2024-07-05,2024-07-02,3,41.0400,5.4630,4.3950,9.4499,2.6542,2.8730,13.5566
2024-07-06,2024-07-03,3,17.0300,19.3940,9.1359,19.7019,8.8470,6.2764,27.8375
2024-07-07,2024-07-04,3,16.2900,40.0832,27.3713,89.0368,4.4762,19.3672,124.4201
2024-07-08,2024-07-05,3,22.8200,40.4023,27.9757,68.8332,7.1932,19.8011,96.2767
2024-07-09,2024-07-06,3,15.0200,34.9681,16.9016,54.4362,8.2113,11.8512,76.2219
2024-07-10,2024-07-07,3,5.1600,17.3243,7.5846,22.5410,5.9483,5.1627,31.7923
2024-07-11,2024-07-08,3,1.4400,4.5959,1.8877,9.9266,4.9700,1.0730,14.2206
2024-07-12,2024-07-09,3,1.1500,2.1381,0.9973,7.3726,3.1716,0.4338,10.6629
2024-07-13,2024-07-10,3,1.4100,2.2789,1.1075,4.5535,2.6774,0.5129,6.7360
2024-07-14,2024-07-11,3,1.3400,2.8666,1.7498,7.2602,2.1071,0.9740,10.5063
2024-07-15,2024-07-12,3,2.2600,2.0987,1.2713,4.5861,1.8693,0.6305,6.7814
2024-07-16,2024-07-13,3,1.7100,2.5096,1.2688,5.4799,2.4405,0.6287,8.0264
2024-07-17,2024-07-14,3,1.3200,1.8812,0.9470,3.0922,1.7470,0.3977,4.7004
2024-07-18,2024-07-15,3,1.2400,1.2947,0.5511,2.0843,3.2152,0.1135,3.2964
2024-07-19,2024-07-16,3,1.3500,1.8949,0.8638,3.2243,1.9979,0.3380,4.8844
2024-07-20,2024-07-17,3,1.2900,1.5867,0.6975,1.8566,1.5318,0.2186,2.9792
2024-07-21,2024-07-18,3,1.3600,2.2702,1.2900,4.8662,1.5691,0.6439,7.1715
2024-07-22,2024-07-19,3,1.2900,2.7668,1.3533,4.9674,2.0807,0.6894,7.3125
2024-07-23,2024-07-20,3,1.3100,6.6259,4.5003,11.3377,1.4608,2.9486,16.1863
2024-07-24,2024-07-21,3,1.3400,14.6643,7.7497,27.1032,1.8310,5.2813,38.1474
2024-07-25,2024-07-22,3,1.3100,10.3937,6.3202,20.2846,1.6188,4.2550,28.6492
2024-07-26,2024-07-23,3,1.4900,3.2461,1.9309,7.4927,1.7553,1.1040,10.8302
2024-07-27,2024-07-24,3,1.7400,7.5389,4.1375,12.0227,1.6426,2.6881,17.1404
2024-07-28,2024-07-25,3,1.8900,3.2279,1.6377,6.7954,1.5529,0.8936,9.8589
2024-07-29,2024-07-26,3,1.8700,1.2941,0.7260,1.6310,2.0960,0.2391,2.6649
2024-07-30,2024-07-27,3,1.4600,2.2053,1.0698,3.1107,1.7714,0.4859,4.7262
2024-07-31,2024-07-28,3,4.4700,3.5797,1.8720,7.1968,1.6404,1.0618,10.4180
2024-08-01,2024-07-29,3,8.1000,11.7385,4.9526,19.6302,1.6091,3.2733,27.7376
2024-08-02,2024-07-30,3,4.0700,31.7598,11.4160,45.4173,1.6054,7.9132,63.6587
2024-08-03,2024-07-31,3,1.5000,4.4983,1.9765,8.8102,5.4638,1.1368,12.6655
2024-08-04,2024-08-01,3,1.4000,1.9036,1.4197,6.1405,1.7745,0.7371,8.9466
2024-08-05,2024-08-02,3,1.3500,1.1280,1.1040,3.1806,1.6210,0.5104,4.8235
2024-08-06,2024-08-03,3,1.4900,5.5612,1.5855,8.7126,1.7437,0.8561,12.5295
2024-08-07,2024-08-04,3,1.5900,3.0783,1.3557,6.7680,1.6818,0.6911,9.8207
2024-08-08,2024-08-05,3,2.5700,3.1514,1.3352,6.7131,1.5317,0.6764,9.7442
2024-08-09,2024-08-06,3,3.1400,3.5569,1.3492,7.6211,2.3688,0.6864,11.0091
2024-08-10,2024-08-07,3,11.4400,7.6516,1.6369,10.2138,2.4408,0.8930,14.6207
2024-08-11,2024-08-08,3,20.3300,8.4906,1.8812,13.7830,3.5765,1.0684,19.5925
2024-08-12,2024-08-09,3,24.3300,7.3515,1.5561,12.7767,3.7341,0.8350,18.1908
2024-08-13,2024-08-10,3,17.1500,8.0201,2.1288,13.4736,6.0463,1.2461,19.1615
2024-08-14,2024-08-11,3,10.5900,4.2846,2.1043,10.0696,5.9113,1.2285,14.4198
2024-08-15,2024-08-12,3,6.9900,5.2709,2.4174,10.2470,4.8340,1.4533,14.6669
2024-08-16,2024-08-13,3,4.2300,4.8684,2.8629,10.1053,4.3249,1.7731,14.4695
2024-08-17,2024-08-14,3,4.4900,4.8640,2.8925,11.1346,5.2405,1.7944,15.9033
2024-08-18,2024-08-15,3,5.5000,4.2379,2.2905,8.4152,3.7588,1.3622,12.1152
2024-08-19,2024-08-16,3,6.2600,4.8712,2.2696,9.4593,4.7993,1.3472,13.5697
2024-08-20,2024-08-17,3,9.1700,9.3972,2.3885,12.1145,5.0094,1.4325,17.2683
2024-08-21,2024-08-18,3,7.9400,4.0230,2.1252,5.5615,5.2407,1.2435,8.1401
2024-08-22,2024-08-19,3,6.2200,11.5084,2.7840,17.8961,5.6791,1.7165,25.3220
2024-08-23,2024-08-20,3,4.3000,6.3118,2.6331,11.7157,5.6599,1.6081,16.7128
2024-08-24,2024-08-21,3,3.9600,3.8485,2.5788,7.5171,4.1211,1.5692,10.8642
2024-08-25,2024-08-22,3,4.1800,4.7259,2.1872,6.9672,3.7703,1.2880,10.0982
2024-08-26,2024-08-23,3,6.7900,3.1077,2.1518,4.5923,3.6850,1.2626,6.7900
2024-08-27,2024-08-24,3,6.3800,4.1071,2.4406,5.5222,4.3674,1.4699,8.0853
2024-08-28,2024-08-25,3,8.8200,5.1257,2.4821,8.0925,3.6833,1.4997,11.6657
2024-08-29,2024-08-26,3,17.3300,4.0279,2.4256,6.8265,5.4217,1.4592,9.9022
2024-08-30,2024-08-27,3,20.5500,5.2346,2.4035,10.4735,4.7103,1.4433,14.9824
2024-08-31,2024-08-28,3,13.4900,3.3701,2.3572,7.3315,5.6854,1.4101,10.6057
2024-09-01,2024-08-29,3,7.2800,5.6561,3.8576,10.1230,8.0704,2.4872,14.4942
2024-09-02,2024-08-30,3,6.0700,7.4797,4.0790,12.5731,6.8752,2.6461,17.9071
2024-09-03,2024-08-31,3,6.3200,6.4772,3.5464,10.4040,4.6372,2.2638,14.8856
2024-09-04,2024-09-01,3,5.4200,5.5412,3.6606,7.2304,5.7953,2.3458,10.4648
2024-09-05,2024-09-02,3,6.0300,7.8899,3.7822,12.1757,5.4153,2.4331,17.3536
2024-09-06,2024-09-03,3,11.6500,12.9055,3.4073,17.3056,5.8681,2.1639,24.4995
2024-09-07,2024-09-04,3,8.6000,6.2441,3.2139,8.0030,6.0698,2.0251,11.5411
2024-09-08,2024-09-05,3,6.2600,6.9364,3.3013,9.4526,5.9131,2.0878,13.5603
2024-09-09,2024-09-06,3,5.6200,4.0934,3.5256,9.6428,7.6283,2.2488,13.8253
2024-09-10,2024-09-07,3,5.3200,6.2808,4.2942,9.2988,4.9826,2.8006,13.3461
2024-09-11,2024-09-08,3,11.7800,7.2281,4.4618,11.4509,5.2957,2.9209,16.3439
2024-09-12,2024-09-09,3,117.1800,78.0294,4.8699,120.4664,6.0623,3.2139,168.2011
2024-09-13,2024-09-10,3,99.4600,108.9146,4.6553,257.5635,5.1784,3.0598,359.1755
2024-09-14,2024-09-11,3,68.5000,70.4030,4.7166,130.7954,6.8339,3.1038,182.5893
2024-09-15,2024-09-12,3,39.4000,25.8910,5.0602,34.9427,34.2767,3.3505,49.0677
2024-09-16,2024-09-13,3,28.7600,26.1645,5.1898,43.6534,34.9296,3.4435,61.2016
2024-09-17,2024-09-14,3,26.5700,20.6728,4.7153,28.3200,21.1551,3.1029,39.8424
2024-09-18,2024-09-15,3,25.5800,20.8292,5.3542,21.4476,18.6708,3.5616,30.2692
2024-09-19,2024-09-16,3,24.4200,17.8112,5.7106,21.5709,15.6264,3.8174,30.4410
2024-09-20,2024-09-17,3,23.2100,15.8722,5.5121,17.0267,15.9276,3.6749,24.1110
2024-09-21,2024-09-18,3,22.0300,15.9496,5.7697,16.4000,16.8523,3.8598,23.2380
2024-09-22,2024-09-19,3,20.9000,15.0248,5.7612,16.5275,14.7154,3.8537,23.4156
2024-09-23,2024-09-20,3,19.8300,14.6823,5.7612,16.5189,14.4068,3.8537,23.4036
2024-09-24,2024-09-21,3,18.7900,12.9816,5.7659,16.7511,13.2954,3.8571,23.7270
2024-09-25,2024-09-22,3,18.2900,12.1125,5.7795,16.4950,12.5088,3.8669,23.3703
2024-09-26,2024-09-23,3,17.4100,11.9970,5.8648,13.9872,12.0487,3.9281,19.8770
2024-09-27,2024-09-24,3,40.0400,15.7334,5.6552,22.9380,11.8465,3.7776,32.3453
2024-09-28,2024-09-25,3,47.8000,19.8982,5.6552,32.3522,12.7760,3.7776,45.4592
2024-09-29,2024-09-26,3,37.1300,31.1213,5.6552,44.1955,11.8432,3.7776,61.9567
2024-09-30,2024-09-27,3,19.8100,20.8939,5.6552,23.8079,20.6748,3.7776,33.5571
2024-10-01,2024-09-28,3,14.6900,19.6980,5.6180,21.9696,17.5266,5.5811,22.0983
2024-10-02,2024-09-29,3,13.9900,14.5795,5.6282,16.4569,13.4644,5.5913,16.5547
2024-10-03,2024-09-30,3,13.6000,12.9689,5.6616,16.7320,12.2721,5.6245,16.8314
2024-10-04,2024-10-01,3,13.2100,11.9472,5.5375,14.5609,11.9916,5.5011,14.6481
2024-10-05,2024-10-02,3,12.8200,11.1824,5.5375,14.6773,11.3570,5.5011,14.7652
2024-10-06,2024-10-03,3,12.4400,11.2517,5.4490,12.4938,11.2297,5.4131,12.5694
2024-10-07,2024-10-04,3,12.0800,10.8599,5.4461,11.5567,11.1511,5.4102,11.6271
2024-10-08,2024-10-05,3,11.7300,10.5028,5.3500,11.5577,10.2298,5.3146,11.6281
2024-10-09,2024-10-06,3,11.3600,9.3743,5.3354,10.3170,9.8097,5.3001,10.3804
2024-10-10,2024-10-07,3,11.0100,9.3715,5.3540,10.1482,9.0028,5.3186,10.2107
2024-10-11,2024-10-08,3,10.6600,9.1724,5.3354,9.7063,8.7086,5.3001,9.7663
2024-10-12,2024-10-09,3,10.3200,8.8901,5.2186,9.6036,8.6010,5.1839,9.6630
2024-10-13,2024-10-10,3,9.9900,9.0117,5.3362,10.3795,8.9202,5.3009,10.4433
2024-10-14,2024-10-11,3,9.6700,8.3641,5.3362,9.7817,8.7789,5.3009,9.8421
2024-10-15,2024-10-12,3,9.3500,8.2971,5.3362,9.4141,8.7417,5.3009,9.4725
2024-10-16,2024-10-13,3,9.0300,8.2684,5.3362,8.9741,8.2260,5.3009,9.0300
2024-10-17,2024-10-14,3,8.7300,7.4242,5.3362,8.9750,7.9469,5.3009,9.0309
2024-10-18,2024-10-15,3,8.4500,7.3667,5.3362,8.5539,7.7509,5.3009,8.6074
2024-10-19,2024-10-16,3,8.1600,7.3221,5.3362,8.1817,7.7506,5.3009,8.2332
2024-10-20,2024-10-17,3,7.8900,7.2051,5.3362,8.2151,7.6357,5.3009,8.2667
2024-10-21,2024-10-18,3,7.6400,6.3391,5.3362,7.8989,7.3358,5.3009,7.9488
2024-10-22,2024-10-19,3,7.4000,6.2164,5.3362,7.5492,6.6939,5.3009,7.5971
2024-10-23,2024-10-20,3,7.1800,5.7508,5.3362,6.9667,6.2183,5.3009,7.0113
2024-10-24,2024-10-21,3,6.9600,5.6291,5.3362,6.9468,6.0190,5.3009,6.9913
2024-10-25,2024-10-22,3,6.7500,5.5881,5.3362,7.0004,6.0054,5.3009,7.0452
2024-10-26,2024-10-23,3,6.5500,5.6115,5.3362,6.7534,5.8330,5.3009,6.7969
2024-10-27,2024-10-24,3,6.3600,5.3860,5.3362,6.7494,5.4465,5.3009,6.7928
2024-10-28,2024-10-25,3,6.1800,5.4117,5.3362,6.0938,5.2877,5.3009,6.1336
2024-10-29,2024-10-26,3,6.0200,5.4224,5.3362,5.9113,5.2877,5.3009,5.9500
2024-10-30,2024-10-27,3,5.8600,5.3943,5.3362,5.7417,5.2877,5.3009,5.7795
2024-10-31,2024-10-28,3,5.7000,5.3624,5.2821,5.5398,5.2877,5.2471,5.5765
2024-11-01,2024-10-29,3,5.5400,5.2821,4.9167,5.5393,5.2877,4.8837,5.5759
2024-11-02,2024-10-30,3,5.4000,5.2821,4.9104,5.5305,5.2877,4.8775,5.5671
2024-11-03,2024-10-31,3,5.2600,5.0794,4.8801,5.3347,5.0833,4.8473,5.3702
2024-11-04,2024-11-01,3,5.1300,4.8331,4.6573,5.1189,4.8402,4.6258,5.1532
2024-11-05,2024-11-02,3,5.0000,4.8331,4.6637,5.1079,4.8402,4.6321,5.1421
2024-11-06,2024-11-03,3,4.8900,4.6600,4.6354,4.9391,4.6741,4.6040,4.9724
2024-11-07,2024-11-04,3,4.7800,4.6371,4.5721,4.9302,4.6366,4.5410,4.9634
2024-11-08,2024-11-05,3,4.6800,4.4305,4.3432,4.6638,4.4314,4.3134,4.6955
2024-11-09,2024-11-06,3,4.5800,4.4128,4.1545,4.6718,4.4314,4.1258,4.7036
2024-11-10,2024-11-07,3,4.4800,4.3033,4.0920,4.5463,4.2994,4.0636,4.5774
2024-11-11,2024-11-08,3,4.3900,4.3033,3.9796,4.4121,4.2816,3.9518,4.4424
2024-11-12,2024-11-09,3,4.3000,4.1435,3.8388,4.2807,4.1524,3.8118,4.3103
2024-11-13,2024-11-10,3,4.2200,4.1128,3.8476,4.1421,4.1506,3.8206,4.1709
2024-11-14,2024-11-11,3,4.1300,4.0206,3.7913,4.1215,4.0370,3.7646,4.1502
2024-11-15,2024-11-12,3,4.0500,3.9052,3.7728,4.0055,3.9206,3.7462,4.0336
2024-11-16,2024-11-13,3,3.9700,3.9052,3.5758,4.0328,3.9206,3.5503,4.0610
2024-11-17,2024-11-14,3,3.9000,3.7846,3.5694,3.8169,3.7735,3.5439,3.8439
2024-11-18,2024-11-15,3,3.8400,3.7423,3.5723,3.7786,3.7735,3.5468,3.8054
2024-11-19,2024-11-16,3,3.7700,3.6076,3.4024,3.7177,3.5932,3.3779,3.7441
2024-11-20,2024-11-17,3,3.7100,3.6027,3.3977,3.6498,3.5932,3.3732,3.6759
2024-11-21,2024-11-18,3,3.6500,3.4898,3.2409,3.6478,3.4793,3.2173,3.6738
2024-11-22,2024-11-19,3,3.6000,3.4874,3.2409,3.5696,3.4793,3.2173,3.5952
2024-11-23,2024-11-20,3,3.5500,3.3784,3.2412,3.4820,3.3713,3.2176,3.5071
2024-11-24,2024-11-21,3,3.4900,3.3784,3.0861,3.3990,3.3713,3.0633,3.4237
2024-11-25,2024-11-22,3,3.4300,3.3790,3.0894,3.3991,3.3725,3.0666,3.4238
2024-11-26,2024-11-23,3,3.3800,3.2543,3.0944,3.3188,3.2492,3.0716,3.3430
2024-11-27,2024-11-24,3,3.3300,3.2542,3.0945,3.3184,3.2492,3.0717,3.3426
2024-11-28,2024-11-25,3,3.2800,3.2072,3.1007,3.3043,3.2039,3.0778,3.3284
2024-11-29,2024-11-26,3,3.2300,3.1031,3.0917,3.2284,3.1585,3.0689,3.2521
2024-11-30,2024-11-27,3,3.1900,3.1111,3.0917,3.1593,3.1527,3.0689,3.1826
2024-12-01,2024-11-28,3,3.1400,3.0017,2.9233,3.1521,3.1109,2.9014,3.1754
2024-12-02,2024-11-29,3,3.1000,3.0008,2.8988,3.1521,3.1079,2.8771,3.1754
2024-12-03,2024-11-30,3,3.0600,3.0009,2.8929,3.0129,3.0322,2.8712,3.0354
2024-12-04,2024-12-01,3,3.0100,2.9152,2.8428,3.0134,2.9501,2.8214,3.0359
2024-12-05,2024-12-02,3,2.9700,2.9152,2.8368,3.0036,2.9475,2.8154,3.0260
2024-12-06,2024-12-03,3,2.9300,2.8730,2.8336,3.0168,2.8863,2.8122,3.0393
2024-12-07,2024-12-04,3,2.8900,2.8095,2.6898,2.9550,2.8581,2.6692,2.9772
2024-12-08,2024-12-05,3,2.8500,2.8116,2.6790,2.8979,2.8218,2.6585,2.9197
2024-12-09,2024-12-06,3,2.8100,2.7507,2.6845,2.9063,2.7939,2.6640,2.9282
2024-12-10,2024-12-07,3,2.7800,2.7507,2.6843,2.8327,2.7801,2.6638,2.8542
2024-12-11,2024-12-08,3,2.7500,2.7154,2.6849,2.7428,2.7170,2.6644,2.7638
2024-12-12,2024-12-09,3,2.7200,2.6657,2.6334,2.7237,2.6961,2.6132,2.7446
2024-12-13,2024-12-10,3,2.6900,2.6571,2.6334,2.7258,2.6742,2.6132,2.7467
2024-12-14,2024-12-11,3,2.6500,2.5781,2.5168,2.7271,2.6742,2.4972,2.7480
2024-12-15,2024-12-12,3,2.6200,2.5781,2.5198,2.6246,2.6122,2.5002,2.6449
2024-12-16,2024-12-13,3,2.5900,2.5235,2.5198,2.6236,2.6084,2.5002,2.6439
2024-12-17,2024-12-14,3,2.5700,2.5235,2.5055,2.5776,2.5420,2.4860,2.5977
2024-12-18,2024-12-15,3,2.5400,2.4631,2.4477,2.5322,2.5383,2.4285,2.5520
2024-12-19,2024-12-16,3,2.5100,2.4593,2.4477,2.5334,2.5383,2.4285,2.5532
2024-12-20,2024-12-17,3,2.4800,2.4545,2.4477,2.4914,2.4611,2.4285,2.5110
2024-12-21,2024-12-18,3,2.4500,2.4380,2.4098,2.4882,2.4146,2.3908,2.5077
2024-12-22,2024-12-19,3,2.4200,2.4141,2.4098,2.4446,2.4146,2.3908,2.4639
2024-12-23,2024-12-20,3,2.4100,2.3614,2.3444,2.4667,2.4027,2.3258,2.4861
2024-12-24,2024-12-21,3,2.4100,2.4125,2.3941,2.5539,2.3872,2.3752,2.5738
2024-12-25,2024-12-22,3,2.3600,2.3757,2.3631,2.4637,2.3070,2.3444,2.4831
2024-12-26,2024-12-23,3,2.3300,2.3247,2.3024,2.4174,2.3055,2.2840,2.4366
2024-12-27,2024-12-24,3,2.3100,2.5025,2.4993,3.9572,2.2998,2.4798,3.9850
2024-12-28,2024-12-25,3,2.8300,2.4857,2.4406,2.6049,2.2809,2.4214,2.6251
2024-12-29,2024-12-26,3,2.5300,2.4613,2.3829,3.8645,2.2601,2.3640,3.8918
2024-12-30,2024-12-27,3,2.3700,2.3845,2.2586,2.4652,2.2621,2.2404,2.4846
2024-12-31,2024-12-28,3,2.2300,2.2520,2.1310,2.5538,2.6222,2.1136,2.5737
2025-01-01,2024-12-29,3,2.2000,2.1737,2.1224,2.2735,2.1710,2.1050,2.2918
2025-01-02,2024-12-30,3,2.1800,2.1659,2.1525,2.1812,2.2817,2.1349,2.1990
2025-01-03,2024-12-31,3,2.1700,2.1156,2.0820,2.1213,2.1800,2.0648,2.1388
2025-01-04,2025-01-01,3,2.1500,2.1285,2.0877,2.1741,2.1749,2.0705,2.1919
2025-01-05,2025-01-02,3,2.1400,2.0881,2.0631,2.1741,2.1182,2.0460,2.1919
2025-01-06,2025-01-03,3,2.1300,2.0693,2.0416,2.1766,2.1098,2.0246,2.1944
2025-01-07,2025-01-04,3,2.1200,2.0765,2.0479,2.1646,2.1693,2.0309,2.1823
2025-01-08,2025-01-05,3,2.1000,2.0543,2.0480,2.0768,2.0589,2.0310,2.0940
2025-01-09,2025-01-06,3,2.0900,2.0543,2.0319,2.0882,2.0645,2.0150,2.1055
2025-01-10,2025-01-07,3,2.0800,2.0479,2.0287,2.0896,2.0654,2.0118,2.1069
2025-01-11,2025-01-08,3,2.0600,2.0280,1.9468,2.0336,2.0624,1.9304,2.0506
2025-01-12,2025-01-09,3,2.0900,2.0437,2.0166,2.1553,2.0612,1.9998,2.1730
2025-01-13,2025-01-10,3,2.0800,2.2086,2.0254,2.4964,1.9613,2.0085,2.5160
2025-01-14,2025-01-11,3,2.0500,1.9892,1.9831,2.1054,1.9676,1.9665,2.1228
2025-01-15,2025-01-12,3,2.0200,1.9679,1.9423,2.0243,1.9605,1.9259,2.0412
2025-01-16,2025-01-13,3,2.0600,2.1136,2.0116,2.1635,1.9588,1.9948,2.1812
2025-01-17,2025-01-14,3,2.0400,2.0037,1.9723,2.1068,1.9587,1.9557,2.1242
2025-01-18,2025-01-15,3,2.0100,1.9780,1.9360,2.0244,1.9613,1.9196,2.0414
2025-01-19,2025-01-16,3,1.9800,1.9318,1.9216,1.9971,1.9473,1.9053,2.0139
2025-01-20,2025-01-17,3,1.9600,1.9346,1.9203,1.9413,1.9419,1.9040,1.9578
2025-01-21,2025-01-18,3,1.9500,1.9381,1.9229,1.9418,1.9478,1.9066,1.9583
2025-01-22,2025-01-19,3,1.9300,1.9417,1.8883,1.9465,1.9485,1.8722,1.9630
2025-01-23,2025-01-20,3,1.9300,1.9766,1.8982,2.0100,1.9438,1.8820,2.0269
2025-01-24,2025-01-21,3,1.9200,1.9403,1.8774,1.9551,1.9396,1.8614,1.9717
2025-01-25,2025-01-22,3,1.9000,1.9012,1.8761,1.9407,1.9478,1.8601,1.9572
2025-01-26,2025-01-23,3,1.8900,1.8999,1.8739,1.9386,1.9513,1.8579,1.9551
2025-01-27,2025-01-24,3,1.8800,1.9005,1.8482,1.9399,1.9512,1.8323,1.9564
2025-01-28,2025-01-25,3,1.8600,1.8480,1.8379,1.8774,1.8472,1.8221,1.8935
2025-01-29,2025-01-26,3,1.8500,1.8379,1.8047,1.8652,1.8470,1.7891,1.8813
2025-01-30,2025-01-27,3,1.8400,1.8379,1.8044,1.8645,1.8470,1.7888,1.8806
2025-01-31,2025-01-28,3,1.8200,1.8360,1.7647,1.8645,1.8470,1.7493,1.8806
2025-02-01,2025-01-29,3,1.8100,1.8360,1.7626,1.8384,1.8467,1.7472,1.8543
2025-02-02,2025-01-30,3,1.8100,1.8360,1.7626,1.8395,1.8476,1.7472,1.8554
2025-02-03,2025-01-31,3,1.7900,1.7401,1.7361,1.7703,1.7491,1.7209,1.7858
2025-02-04,2025-02-01,3,1.7800,1.9009,1.8083,1.9499,1.7463,1.7926,1.9664
2025-02-05,2025-02-02,3,1.7700,1.9001,1.8084,1.9536,1.7468,1.7927,1.9702
2025-02-06,2025-02-03,3,1.7500,1.7741,1.7332,1.7978,1.7468,1.7180,1.8135
2025-02-07,2025-02-04,3,1.7200,1.7347,1.7207,1.7595,1.7508,1.7055,1.7750
2025-02-08,2025-02-05,3,1.7200,1.7303,1.7213,1.7580,1.7387,1.7061,1.7735
2025-02-09,2025-02-06,3,1.7000,1.7136,1.6946,1.7252,1.7411,1.6796,1.7405
2025-02-10,2025-02-07,3,1.6800,1.6917,1.6552,1.7261,1.7324,1.6404,1.7414
2025-02-11,2025-02-08,3,1.6700,1.6917,1.6540,1.7290,1.7371,1.6392,1.7443
2025-02-12,2025-02-09,3,1.6500,1.6411,1.6377,1.6731,1.6464,1.6230,1.6881
2025-02-13,2025-02-10,3,1.6300,1.6335,1.6136,1.6660,1.6406,1.5990,1.6809
2025-02-14,2025-02-11,3,1.6200,1.6376,1.6102,1.6650,1.6391,1.5957,1.6799
2025-02-15,2025-02-12,3,1.6000,1.6311,1.5956,1.6336,1.6368,1.5811,1.6484
2025-02-16,2025-02-13,3,1.5800,1.6129,1.5714,1.6340,1.6373,1.5571,1.6488
2025-02-17,2025-02-14,3,1.5700,1.5522,1.5472,1.5587,1.5563,1.5330,1.5730
2025-02-18,2025-02-15,3,1.5600,1.5463,1.5443,1.5527,1.5541,1.5301,1.5670
2025-02-19,2025-02-16,3,1.5500,1.5239,1.5213,1.5500,1.5525,1.5072,1.5643
2025-02-20,2025-02-17,3,1.5500,1.5372,1.5258,1.5570,1.5526,1.5117,1.5713
2025-02-21,2025-02-18,3,1.5500,1.6255,1.5402,1.6344,1.5518,1.5260,1.6492
2025-02-22,2025-02-19,3,1.5300,1.5768,1.5526,1.6246,1.4806,1.5384,1.6393
2025-02-23,2025-02-20,3,1.4900,1.4834,1.4638,1.5069,1.5543,1.4501,1.5209
2025-02-24,2025-02-21,3,1.4800,1.4717,1.4552,1.4787,1.4744,1.4415,1.4926
2025-02-25,2025-02-22,3,1.4600,1.4578,1.4431,1.4594,1.4691,1.4295,1.4732
2025-02-26,2025-02-23,3,1.4400,1.4526,1.4314,1.4641,1.4243,1.4178,1.4779
2025-02-27,2025-02-24,3,1.4300,1.4362,1.4308,1.4641,1.4243,1.4173,1.4779
2025-02-28,2025-02-25,3,1.4300,1.4115,1.3905,1.4416,1.4194,1.3772,1.4553
2025-03-01,2025-02-26,3,1.5700,1.4113,1.3476,1.4629,1.3891,1.3345,1.4767
2025-03-02,2025-02-27,3,1.6600,1.4136,1.3719,1.4284,1.3946,1.3587,1.4420
2025-03-03,2025-02-28,3,1.4800,1.3634,1.3088,1.3680,1.3597,1.2959,1.3813
2025-03-04,2025-03-01,3,1.3700,1.3557,1.3523,1.4070,1.4506,1.3392,1.4205
2025-03-05,2025-03-02,3,1.3500,1.3460,1.3241,1.4989,1.3426,1.3111,1.5129
2025-03-06,2025-03-03,3,1.3300,1.3335,1.2304,1.3427,1.3430,1.2180,1.3558
2025-03-07,2025-03-04,3,1.3200,1.3053,1.2173,1.3298,1.3086,1.2049,1.3429
2025-03-08,2025-03-05,3,1.3100,1.3073,1.2312,1.3241,1.3061,1.2188,1.3371
2025-03-09,2025-03-06,3,1.3000,1.2757,1.2111,1.3186,1.2975,1.1988,1.3316
2025-03-10,2025-03-07,3,1.2800,1.2535,1.2267,1.3166,1.2936,1.2143,1.3296
2025-03-11,2025-03-08,3,1.2600,1.2533,1.2349,1.3183,1.2531,1.2224,1.3313
2025-03-12,2025-03-09,3,1.2500,1.2317,1.2275,1.3001,1.2358,1.2151,1.3130
2025-03-13,2025-03-10,3,1.2500,1.2324,1.2216,1.2951,1.2401,1.2092,1.3080
2025-03-14,2025-03-11,3,1.2400,1.2143,1.1988,1.2274,1.2280,1.1865,1.2399
2025-03-15,2025-03-12,3,1.2200,1.2246,1.2014,1.2429,1.2273,1.1891,1.2555
2025-03-16,2025-03-13,3,1.2300,1.2058,1.1942,1.2240,1.2777,1.1820,1.2365
2025-03-17,2025-03-14,3,1.1900,1.1785,1.1589,1.2018,1.1797,1.1469,1.2141
2025-03-18,2025-03-15,3,1.1700,1.1685,1.1570,1.1718,1.1736,1.1450,1.1840
2025-03-19,2025-03-16,3,1.1600,1.1723,1.1590,1.1970,1.2160,1.1470,1.2093
2025-03-20,2025-03-17,3,1.1400,1.1542,1.1270,1.1675,1.1560,1.1151,1.1796
2025-03-21,2025-03-18,3,1.1200,1.1022,1.1014,1.1053,1.1094,1.0897,1.1171
2025-03-22,2025-03-19,3,1.1100,1.1098,1.1096,1.1189,1.1153,1.0978,1.1308
2025-03-23,2025-03-20,3,1.0900,1.0872,1.0789,1.1074,1.0892,1.0673,1.1192
2025-03-24,2025-03-21,3,1.0800,1.0739,1.0544,1.0832,1.0779,1.0430,1.0949
2025-03-25,2025-03-22,3,1.0700,1.0746,1.0519,1.0824,1.0787,1.0405,1.0941
2025-03-26,2025-03-23,3,1.0600,1.0379,1.0309,1.0449,1.0360,1.0196,1.0564
2025-03-27,2025-03-24,3,1.0500,1.0359,1.0194,1.0369,1.0438,1.0081,1.0483
2025-03-28,2025-03-25,3,1.0300,1.0281,1.0208,1.0365,1.0233,1.0095,1.0479
2025-03-29,2025-03-26,3,1.0100,1.0255,1.0106,1.0344,1.0188,0.9994,1.0458
2025-03-30,2025-03-27,3,0.9900,1.0261,1.0108,1.0284,1.0112,0.9996,1.0398
2025-03-31,2025-03-28,3,0.9800,0.9893,0.9847,0.9930,0.9899,0.9736,1.0042
2025-04-01,2025-03-29,3,0.9800,0.9679,0.9586,0.9747,0.9749,0.9477,0.9858
2025-04-02,2025-03-30,3,0.9700,0.9446,0.9264,0.9559,0.9441,0.9157,0.9669
2025-04-03,2025-03-31,3,0.9500,0.9380,0.9238,0.9477,0.9439,0.9131,0.9586
2025-04-04,2025-04-01,3,0.9400,0.9372,0.9297,0.9463,0.9414,0.9189,0.9572
2025-04-05,2025-04-02,3,0.9200,0.9110,0.9020,0.9383,0.9064,0.8914,0.9492
2025-04-06,2025-04-03,3,0.9000,0.9020,0.8887,0.9025,0.9065,0.8782,0.9132
2025-04-07,2025-04-04,3,0.8900,0.8896,0.8794,0.8932,0.8852,0.8689,0.9038
2025-04-08,2025-04-05,3,0.8800,0.8784,0.8684,0.8857,0.8739,0.8580,0.8963
2025-04-09,2025-04-06,3,0.8800,0.8474,0.8454,0.8516,0.8543,0.8351,0.8620
2025-04-10,2025-04-07,3,0.8800,0.8488,0.8459,0.8523,0.8543,0.8356,0.8627
2025-04-11,2025-04-08,3,0.8700,0.8559,0.8477,0.8573,0.8408,0.8374,0.8677
2025-04-12,2025-04-09,3,0.9400,0.8519,0.8431,0.8544,0.8345,0.8328,0.8648
2025-04-13,2025-04-10,3,0.9400,0.8686,0.8444,0.8720,0.8335,0.8341,0.8825
2025-04-14,2025-04-11,3,0.9000,0.8219,0.8138,0.8238,0.8167,0.8037,0.8340
2025-04-15,2025-04-12,3,0.8200,0.8158,0.8018,0.8396,0.8629,0.7918,0.8499
2025-04-16,2025-04-13,3,0.8000,0.8043,0.7881,0.8303,0.8022,0.7781,0.8406
2025-04-17,2025-04-14,3,0.7900,0.7994,0.7260,0.8166,0.8000,0.7164,0.8268
2025-04-18,2025-04-15,3,0.7800,0.7742,0.7604,0.7849,0.7712,0.7506,0.7949
2025-04-19,2025-04-16,3,0.7700,0.7738,0.7518,0.7915,0.7567,0.7420,0.8015
2025-04-20,2025-04-17,3,0.7600,0.7728,0.7480,0.7805,0.7675,0.7383,0.7905
2025-04-21,2025-04-18,3,0.7500,0.7601,0.7485,0.7702,0.7614,0.7388,0.7801
2025-04-22,2025-04-19,3,0.7400,0.7285,0.7152,0.7569,0.7578,0.7056,0.7667
2025-04-23,2025-04-20,3,0.7300,0.7290,0.7132,0.7444,0.7297,0.7037,0.7542
2025-04-24,2025-04-21,3,0.7200,0.7071,0.7058,0.7136,0.7173,0.6963,0.7232
2025-04-25,2025-04-22,3,0.7100,0.7004,0.6881,0.7086,0.6996,0.6787,0.7182
2025-04-26,2025-04-23,3,0.7100,0.6892,0.6787,0.7079,0.7002,0.6693,0.7175
2025-04-27,2025-04-24,3,0.7200,0.6878,0.6799,0.6894,0.6913,0.6705,0.6989
2025-04-28,2025-04-25,3,0.7100,0.6874,0.6712,0.6882,0.6832,0.6619,0.6977
2025-04-29,2025-04-26,3,0.6900,0.6853,0.6673,0.6864,0.6838,0.6580,0.6959
2025-04-30,2025-04-27,3,0.6800,0.6763,0.6661,0.6823,0.6810,0.6568,0.6917
2025-05-01,2025-04-28,3,0.6700,0.6799,0.6661,0.6837,0.6778,0.6568,0.6931
2025-05-02,2025-04-29,3,0.6700,0.6911,0.6484,0.6997,0.6603,0.6392,0.7092
2025-05-03,2025-04-30,3,0.6700,0.6624,0.6353,0.6647,0.6640,0.6262,0.6740
2025-05-04,2025-05-01,3,0.7200,0.6404,0.6318,0.6483,0.6581,0.6227,0.6575
2025-05-05,2025-05-02,3,0.7200,0.6383,0.6321,0.6434,0.6451,0.6230,0.6526
2025-05-06,2025-05-03,3,0.7200,0.6293,0.6154,0.6400,0.6579,0.6064,0.6492
2025-05-07,2025-05-04,3,0.7300,0.7076,0.6542,0.7153,0.6663,0.6450,0.7249
2025-05-08,2025-05-05,3,0.7000,0.6154,0.6115,0.6595,0.6373,0.6025,0.6688
2025-05-09,2025-05-06,3,0.6400,0.6276,0.6059,0.6336,0.6316,0.5969,0.6428
2025-05-10,2025-05-07,3,0.6500,0.6870,0.6582,0.7083,0.6305,0.6490,0.7179
2025-05-11,2025-05-08,3,0.6400,0.6371,0.6347,0.6528,0.6257,0.6256,0.6621
2025-05-12,2025-05-09,3,0.6200,0.5971,0.5901,0.6050,0.6005,0.5812,0.6140
2025-05-13,2025-05-10,3,0.6100,0.6323,0.6047,0.6325,0.6074,0.5958,0.6416
2025-05-14,2025-05-11,3,0.5900,0.5932,0.5860,0.6167,0.6069,0.5772,0.6258
2025-05-15,2025-05-12,3,0.5800,0.5742,0.5563,0.6068,0.5921,0.5476,0.6158
2025-05-16,2025-05-13,3,0.5800,0.5741,0.5198,0.6031,0.5773,0.5113,0.6121
2025-05-17,2025-05-14,3,0.5700,0.5648,0.5186,0.5818,0.5795,0.5101,0.5907
2025-05-18,2025-05-15,3,0.5700,0.5597,0.5103,0.5646,0.5663,0.5019,0.5734
2025-05-19,2025-05-16,3,0.5700,0.5589,0.5110,0.5641,0.5668,0.5026,0.5729
2025-05-20,2025-05-17,3,0.5700,0.5607,0.5037,0.5694,0.5468,0.4953,0.5782
2025-05-21,2025-05-18,3,0.5600,0.5353,0.4910,0.5539,0.5381,0.4827,0.5626
2025-05-22,2025-05-19,3,0.6200,0.5329,0.4912,0.5541,0.5390,0.4829,0.5628
2025-05-23,2025-05-20,3,0.6000,0.5508,0.4942,0.5611,0.5373,0.4859,0.5698
2025-05-24,2025-05-21,3,0.5700,0.5587,0.4995,0.5595,0.5473,0.4911,0.5682
2025-05-25,2025-05-22,3,0.5700,0.5482,0.5158,0.5714,0.6106,0.5074,0.5802
2025-05-26,2025-05-23,3,0.6900,0.5312,0.5017,0.5643,0.5292,0.4933,0.5731
2025-05-27,2025-05-24,3,0.6600,0.5127,0.4573,0.5440,0.5218,0.4492,0.5527
2025-05-28,2025-05-25,3,0.6700,0.5777,0.5224,0.5967,0.5553,0.5139,0.6056
2025-05-29,2025-05-26,3,0.5500,0.5293,0.5068,0.5933,0.5314,0.4984,0.6022
2025-05-30,2025-05-27,3,0.5300,0.5071,0.4873,0.5983,0.5116,0.4790,0.6073
2025-05-31,2025-05-28,3,0.5200,0.5581,0.4561,0.5818,0.4951,0.4480,0.5907
2025-06-01,2025-05-29,3,0.5000,0.4989,0.4590,0.5203,0.5004,0.0474,1.1178
2025-06-02,2025-05-30,3,0.4800,0.5017,0.4714,0.5102,0.5070,0.0563,1.1037
2025-06-03,2025-05-31,3,0.5300,0.5558,0.5071,0.6043,0.4839,0.0819,1.2348
2025-06-04,2025-06-01,3,0.5500,0.5000,0.4691,0.5031,0.4621,0.0546,1.0938
2025-06-05,2025-06-02,3,0.5400,0.4900,0.4666,0.5053,0.4707,0.0528,1.0969
2025-06-06,2025-06-03,3,0.5100,0.4898,0.4490,0.4932,0.5462,0.0402,1.0800
2025-06-07,2025-06-04,3,0.4800,0.4853,0.4505,0.4982,0.5013,0.0413,1.0870
2025-06-08,2025-06-05,3,0.4700,0.4711,0.4399,0.4981,0.4831,0.0337,1.0868
2025-06-09,2025-06-06,3,0.4700,0.4758,0.4373,0.4811,0.4815,0.0318,1.0632
2025-06-10,2025-06-07,3,0.4600,0.4594,0.4380,0.4744,0.4744,0.0323,1.0538
2025-06-11,2025-06-08,3,0.4400,0.4484,0.4381,0.4583,0.4660,0.0324,1.0314
2025-06-12,2025-06-09,3,0.4400,0.4478,0.4358,0.4605,0.4626,0.0307,1.0345
2025-06-13,2025-06-10,3,0.4400,0.4665,0.4510,0.4727,0.4496,0.0416,1.0515
2025-06-14,2025-06-11,3,0.4400,0.4279,0.4061,0.4358,0.4343,0.0094,1.0001
2025-06-15,2025-06-12,3,0.4800,0.4511,0.4116,0.4552,0.4343,0.0134,1.0271
2025-06-16,2025-06-13,3,2.9200,0.4644,0.4235,0.4670,0.4390,0.0219,1.0435
2025-06-17,2025-06-14,3,1.6000,0.4764,0.4259,0.4834,0.4268,0.0236,1.0664
2025-06-18,2025-06-15,3,1.2700,0.5444,0.4867,0.7104,0.4704,0.0673,1.3826
2025-06-19,2025-06-16,3,0.6600,3.7862,1.3797,5.4086,1.9562,0.7083,7.9271
2025-06-20,2025-06-17,3,0.9900,2.8214,1.6411,4.7374,0.5467,0.8960,6.9921
2025-06-21,2025-06-18,3,1.0400,2.7861,1.7329,5.0615,0.8971,0.9619,7.4436
2025-06-22,2025-06-19,3,0.7300,1.3159,0.8067,2.8897,0.7828,0.2970,4.4183
2025-06-23,2025-06-20,3,0.7900,1.7977,1.0542,4.8256,1.1749,0.4747,7.1150
2025-06-24,2025-06-21,3,0.8000,1.8146,1.2120,3.9481,0.6413,0.5880,5.8926
2025-06-25,2025-06-22,3,0.6800,0.7287,0.5042,1.0375,0.9257,0.0798,1.8382
2025-06-26,2025-06-23,3,0.6900,1.1181,0.7047,2.0666,1.2598,0.2238,3.2717
2025-06-27,2025-06-24,3,0.9800,0.9052,0.6630,1.5983,0.7607,0.1938,2.6194
2025-06-28,2025-06-25,3,0.6300,0.6460,0.4875,0.9127,1.4698,0.0678,1.6644
2025-06-29,2025-06-26,3,3.0100,5.5417,4.1119,10.4597,0.8229,2.6697,14.9632
2025-06-30,2025-06-27,3,9.7400,14.8435,8.9067,28.6558,1.0070,6.1118,40.3101
2025-07-01,2025-06-28,3,11.0300,38.2241,13.6384,43.2687,1.3857,9.5086,60.6657
2025-07-02,2025-06-29,3,6.5200,35.6460,14.6951,37.1522,4.3229,10.2672,52.1455
2025-07-03,2025-06-30,3,2.0100,1.2671,1.0495,6.2654,6.1164,0.4713,9.1206
2025-07-04,2025-07-01,3,2.3500,5.5818,2.0290,11.1689,1.4618,1.1745,15.9511
2025-07-05,2025-07-02,3,2.3400,1.7465,0.7446,4.9678,1.4560,0.2524,7.3131
2025-07-06,2025-07-03,3,1.0800,3.0614,0.9624,4.8656,1.8703,0.4088,7.1707
2025-07-07,2025-07-04,3,0.7900,1.9013,0.7546,3.5029,3.6711,0.2596,5.2725
2025-07-08,2025-07-05,3,2.3500,3.6421,1.1190,6.1119,1.4434,0.5212,8.9068
2025-07-09,2025-07-06,3,12.7800,5.1904,3.5494,9.0765,1.1913,2.2659,13.0364
2025-07-10,2025-07-07,3,10.2600,8.4543,5.9866,18.6595,2.4329,4.0156,26.3854
2025-07-11,2025-07-08,3,6.7400,7.8255,5.7595,15.9473,3.4859,3.8525,22.6074
2025-07-12,2025-07-09,3,8.9400,7.8541,4.5883,14.5083,5.0184,3.0117,20.6029
2025-07-13,2025-07-10,3,8.6200,1.7922,1.1665,6.6167,3.4747,0.5553,9.6100
2025-07-14,2025-07-11,3,7.7300,3.0061,1.4542,6.8189,2.2596,0.7618,9.8916
2025-07-15,2025-07-12,3,5.5800,4.2921,1.7871,8.1515,4.0928,1.0008,11.7479
2025-07-16,2025-07-13,3,4.4500,5.5081,2.0928,8.7455,4.5609,1.2203,12.5754
2025-07-17,2025-07-14,3,4.4000,2.1067,1.0152,6.1781,4.6717,0.4467,8.9990
2025-07-18,2025-07-15,3,3.1500,4.6235,1.9104,8.5983,4.6452,1.0893,12.3703
2025-07-19,2025-07-16,3,0.9800,1.9878,0.8818,4.1119,4.3251,0.3509,6.1208
2025-07-20,2025-07-17,3,0.5300,1.9228,0.7494,4.0736,4.2494,0.2559,6.0675
2025-07-21,2025-07-18,3,0.5200,1.5906,0.8200,3.5278,2.4589,0.3065,5.3072
2025-07-22,2025-07-19,3,0.5300,0.6931,0.6351,1.0999,0.9554,0.1738,1.9251
2025-07-23,2025-07-20,3,0.5600,3.5723,1.6637,6.8485,0.8844,0.9122,9.9329
2025-07-24,2025-07-21,3,0.5700,3.7999,1.8670,7.3259,0.9114,1.0582,10.5979
2025-07-25,2025-07-22,3,0.5800,1.9089,1.0361,3.9720,0.7656,0.4617,5.9259
2025-07-26,2025-07-23,3,0.5600,1.0762,0.8175,2.3914,0.9974,0.3048,3.7242
2025-07-27,2025-07-24,3,0.5800,1.6442,1.0080,2.8405,0.9366,0.4415,4.3498
2025-07-28,2025-07-25,3,0.7000,2.4273,1.2757,4.4433,0.7567,0.6337,6.5824
2025-07-29,2025-07-26,3,0.6700,12.8260,7.2468,16.9046,0.7534,4.9202,23.9409
2025-07-30,2025-07-27,3,1.0800,66.8259,21.1222,89.5980,0.7841,14.8811,125.2018
2025-07-31,2025-07-28,3,8.4900,25.4261,12.1734,35.7379,1.0976,8.4569,50.1754
2025-08-01,2025-07-29,3,13.8400,4.0623,3.0717,8.1438,0.9797,1.9230,11.7372
2025-08-02,2025-07-30,3,8.4200,8.2439,4.7726,9.7355,2.2953,3.1440,13.9544
2025-08-03,2025-07-31,3,5.8600,13.7086,5.3292,17.2506,5.5543,3.5436,24.4228
2025-08-04,2025-08-01,3,13.2400,16.7556,8.7895,29.2714,5.1345,6.0277,41.1677
2025-08-05,2025-08-02,3,70.9800,50.1655,19.4903,72.5161,2.2423,13.7096,101.4070
2025-08-06,2025-08-03,3,55.6700,100.6768,19.5391,119.0617,4.2093,13.7446,166.2444
2025-08-07,2025-08-04,3,25.7200,43.3508,21.6810,83.2312,10.9959,15.2823,116.3329
2025-08-08,2025-08-05,3,17.3500,16.2642,6.5027,19.7703,12.4094,4.3861,27.9328
2025-08-09,2025-08-06,3,52.0700,6.6593,3.4021,9.9749,5.4363,2.1602,14.2879
2025-08-10,2025-08-07,3,28.4800,6.2897,4.3481,11.2651,4.4272,2.8393,16.0851
2025-08-11,2025-08-08,3,18.1400,3.3041,2.0833,8.2993,6.4465,1.2134,11.9538
2025-08-12,2025-08-09,3,11.9900,9.9182,4.2212,18.0835,10.5930,2.7482,25.5831
2025-08-13,2025-08-10,3,9.6900,8.5062,5.8995,15.3618,7.4802,3.9530,21.7918
2025-08-14,2025-08-11,3,111.4400,24.6418,10.7649,45.7694,8.3721,7.4458,64.1492
2025-08-15,2025-08-12,3,81.3700,14.7878,10.2675,24.3733,7.8559,7.0887,34.3447
2025-08-16,2025-08-13,3,48.4600,24.8204,9.6699,37.4690,6.9481,6.6597,52.5868
2025-08-17,2025-08-14,3,15.0900,25.3249,6.2268,31.5060,24.1317,4.1880,44.2804
2025-08-18,2025-08-15,3,10.9800,15.9328,5.8800,22.6328,18.3232,3.9390,31.9202
2025-08-19,2025-08-16,3,11.0000,12.0331,5.4662,16.7725,15.1658,3.6420,23.7569
2025-08-20,2025-08-17,3,11.4500,9.4376,4.9430,11.8302,11.5691,3.2664,16.8723
2025-08-21,2025-08-18,3,11.2100,9.6373,5.6328,13.8036,11.3000,3.7616,19.6212
2025-08-22,2025-08-19,3,13.2000,11.0280,7.4698,17.6991,10.4007,5.0803,25.0476
2025-08-23,2025-08-20,3,12.1700,11.5099,7.5081,16.0147,11.1249,5.1078,22.7013
2025-08-24,2025-08-21,3,10.9600,11.4750,7.2884,17.5344,10.6534,4.9501,24.8182
2025-08-25,2025-08-22,3,13.4500,17.0055,10.2289,23.9160,13.4820,7.0610,33.7077
2025-08-26,2025-08-23,3,16.4500,17.5201,10.7035,30.2176,11.8200,7.4017,42.4857
2025-08-27,2025-08-24,3,16.6900,19.6421,10.6347,37.7314,10.7529,7.3523,52.9523
2025-08-28,2025-08-25,3,14.2500,13.3929,9.0883,17.9311,14.0965,6.2422,25.3708
2025-08-29,2025-08-26,3,13.5600,16.6361,10.2648,21.6248,15.8196,7.0868,30.5160
2025-08-30,2025-08-27,3,14.0800,21.1099,11.9274,33.6052,12.5429,8.2803,47.2046
2025-08-31,2025-08-28,3,14.5100,16.9562,7.3183,21.9760,12.4231,4.9716,31.0053
2025-09-01,2025-08-29,3,30.9000,35.7842,5.4042,67.3187,14.1524,3.5975,94.1670
2025-09-02,2025-08-30,3,49.8300,41.3963,5.4042,67.1659,13.7723,3.5975,93.9542
2025-09-03,2025-08-31,3,58.6600,42.7400,5.4042,68.0204,16.9834,3.5975,95.1445
2025-09-04,2025-09-01,3,52.6700,53.2854,5.4042,86.7481,46.0439,3.5975,121.2319
2025-09-05,2025-09-02,3,39.8500,49.6244,5.3362,74.0899,54.5886,3.5486,103.5992
2025-09-06,2025-09-03,3,35.7400,39.5044,5.3362,58.5212,31.4049,3.5486,81.9122
2025-09-07,2025-09-04,3,33.0900,43.0933,5.3362,48.7032,30.1294,3.5486,68.2359
2025-09-08,2025-09-05,3,35.4000,31.0800,5.3362,37.0761,29.3314,3.5486,52.0395
2025-09-09,2025-09-06,3,31.7800,28.9508,5.3362,33.2544,29.0596,3.5486,46.7159
2025-09-10,2025-09-07,3,28.4400,24.2811,5.3362,28.7281,28.1838,3.5486,40.4109
2025-09-11,2025-09-08,3,24.6400,27.3145,5.3362,32.8942,27.9537,3.5486,46.2142
2025-09-12,2025-09-09,3,23.2600,23.4054,5.3362,27.0958,26.2590,3.5486,38.1371
2025-09-13,2025-09-10,3,22.2500,22.0836,5.3362,22.7259,24.0010,3.5486,32.0499
2025-09-14,2025-09-11,3,21.2500,21.4699,5.3362,21.9851,22.3457,3.5486,31.0179
2025-09-15,2025-09-12,3,20.3400,21.8521,5.3362,27.5270,19.3420,3.5486,38.7377
2025-09-16,2025-09-13,3,19.4800,20.6472,5.3362,25.5496,18.8380,3.5486,35.9832
2025-09-17,2025-09-14,3,19.1300,20.1891,5.3362,23.8607,17.2495,3.5486,33.6306
2025-09-18,2025-09-15,3,20.3700,17.6214,5.3362,19.1371,17.1256,3.5486,27.0507
2025-09-19,2025-09-16,3,18.4800,16.9965,5.3362,17.1333,16.8941,3.5486,24.2594
2025-09-20,2025-09-17,3,16.5900,15.9984,5.3362,16.7617,17.3597,3.5486,23.7418
2025-09-21,2025-09-18,3,15.4700,14.9304,5.3362,15.7454,16.3542,3.5486,22.3261
2025-09-22,2025-09-19,3,14.6800,14.0010,5.3362,15.6953,14.1626,3.5486,22.2563
2025-09-23,2025-09-20,3,14.0300,13.6928,5.3362,15.5298,13.3923,3.5486,22.0258
2025-09-24,2025-09-21,3,13.4300,12.4454,5.3362,14.6548,12.6728,3.5486,20.8069
2025-09-25,2025-09-22,3,12.8700,12.1285,5.3362,13.8585,12.7453,3.5486,19.6977
2025-09-26,2025-09-23,3,12.3300,11.5077,5.3362,13.6166,12.0930,3.5486,19.3607
2025-09-27,2025-09-24,3,11.8300,11.3754,5.3362,12.6238,11.8609,3.5486,17.9778
2025-09-28,2025-09-25,3,11.3400,11.1430,5.3362,11.7485,11.0729,3.5486,16.7585
2025-09-29,2025-09-26,3,10.8900,10.4251,5.3362,10.5331,10.4278,3.5486,15.0655
2025-09-30,2025-09-27,3,10.6500,10.4207,5.3362,10.5652,9.8620,3.5486,15.1102
2025-10-01,2025-09-28,3,10.1600,10.5761,5.3362,12.2704,9.5794,5.3009,12.3448
2025-10-02,2025-09-29,3,10.9200,10.2331,5.3362,12.6707,9.2949,5.3009,12.7473
2025-10-03,2025-09-30,3,10.1300,10.2345,5.3362,12.6888,9.6119,5.3009,12.7655
2025-10-04,2025-10-01,3,9.4200,8.8703,5.3362,8.9700,8.9568,5.3009,9.0259
2025-10-05,2025-10-02,3,8.7400,9.0300,5.3362,9.3204,9.6148,5.3009,9.3782
2025-10-06,2025-10-03,3,8.4400,8.9231,5.3362,9.1602,8.7080,5.3009,9.2171
2025-10-07,2025-10-04,3,8.3600,8.5548,5.3362,9.7789,8.6921,5.3009,9.8393
2025-10-08,2025-10-05,3,7.9000,8.2110,5.3362,12.2112,7.8162,5.3009,12.2852
2025-10-09,2025-10-06,3,8.4400,8.0263,5.3362,9.3972,7.8369,5.3009,9.4555
2025-10-10,2025-10-07,3,7.5200,6.7976,5.3362,7.6161,7.5111,5.3009,7.6644
2025-10-11,2025-10-08,3,7.0700,7.2981,5.3362,7.5805,7.5892,5.3009,7.6286
2025-10-12,2025-10-09,3,6.8300,6.9942,5.3362,7.2423,6.9856,5.3009,7.2885
2025-10-13,2025-10-10,3,6.6100,6.4185,5.3362,6.9293,6.6361,5.3009,6.9737
2025-10-14,2025-10-11,3,6.4100,6.2762,5.3362,6.7664,6.3916,5.3009,6.8099
2025-10-15,2025-10-12,3,6.2100,6.0101,5.3362,6.2699,6.1090,5.3009,6.3106
2025-10-16,2025-10-13,3,6.0200,5.7608,5.3362,6.0855,5.9383,5.3009,6.1252
2025-10-17,2025-10-14,3,5.8400,5.7329,5.3362,6.0812,5.6111,5.3009,6.1209
2025-10-18,2025-10-15,3,5.6700,5.7296,5.3362,5.8762,5.5937,5.3009,5.9147
2025-10-19,2025-10-16,3,5.5000,5.5350,5.2821,5.6977,5.3933,5.2471,5.7352
2025-10-20,2025-10-17,3,5.3400,5.2821,5.2794,5.3194,5.2877,5.2444,5.3548
2025-10-21,2025-10-18,3,5.1900,5.0794,5.0672,5.3194,5.1332,5.0334,5.3548
2025-10-22,2025-10-19,3,5.0400,5.0293,4.8331,5.0812,5.1153,4.8006,5.1153
2025-10-23,2025-10-20,3,4.9000,4.9504,4.8331,5.0629,4.8979,4.8006,5.0969
2025-10-24,2025-10-21,3,4.7600,4.8950,4.6354,4.9058,4.6752,4.6040,4.9389
2025-10-25,2025-10-22,3,4.6400,4.7146,4.6354,4.8922,4.6675,4.6040,4.9252
2025-10-26,2025-10-23,3,4.5100,4.5336,4.4288,4.6062,4.4344,4.3985,4.6376
2025-10-27,2025-10-24,3,4.4100,4.4006,4.3091,4.4834,4.4362,4.2795,4.5141
2025-10-28,2025-10-25,3,4.3500,4.1421,4.1182,4.3917,4.3510,4.0897,4.4219
2025-10-29,2025-10-26,3,4.2200,4.3278,4.1979,4.3333,4.2041,4.1689,4.3632
2025-10-30,2025-10-27,3,4.1800,4.1168,4.0246,4.1711,4.1924,3.9966,4.2001
2025-10-31,2025-10-28,3,4.0800,4.0620,4.0181,4.1150,4.1744,3.9901,4.1437
2025-11-01,2025-10-29,3,3.9800,4.0312,3.9023,4.0362,3.9690,3.8750,4.0644
2025-11-02,2025-10-30,3,3.8800,3.8947,3.8565,4.0835,4.1237,3.8294,4.1120
2025-11-03,2025-10-31,3,3.8000,3.7699,3.7633,3.7867,3.7846,3.7368,3.8135
2025-11-04,2025-11-01,3,3.7400,3.7881,3.6013,3.8065,3.6889,3.5757,3.8334
2025-11-05,2025-11-02,3,3.6700,3.6523,3.6014,3.6783,3.6599,3.5758,3.7045
2025-11-06,2025-11-03,3,3.6000,3.5024,3.4885,3.6431,3.4870,3.4635,3.6691
2025-11-07,2025-11-04,3,3.5200,3.5009,3.4895,3.5913,3.5001,3.4645,3.6170
2025-11-08,2025-11-05,3,3.4700,3.3748,3.3335,3.6107,3.4042,3.3093,3.6365
2025-11-09,2025-11-06,3,3.4000,3.3762,3.3266,3.4309,3.3644,3.3025,3.4557
2025-11-10,2025-11-07,3,3.3400,3.2527,3.2365,3.3640,3.3620,3.2129,3.3885
2025-11-11,2025-11-08,3,3.2800,3.2515,3.2381,3.3005,3.2521,3.2145,3.3246
2025-11-12,2025-11-09,3,3.2300,3.2047,3.0930,3.2870,3.1973,3.0702,3.3110
2025-11-13,2025-11-10,3,3.1700,3.0892,3.0818,3.2011,3.1373,3.0591,3.2246
2025-11-14,2025-11-11,3,3.1200,3.0522,2.9993,3.1296,3.1073,2.9770,3.1527
2025-11-15,2025-11-12,3,3.0700,3.0604,3.0000,3.1310,3.1080,2.9777,3.1542
2025-11-16,2025-11-13,3,3.0200,2.9908,2.9101,3.0436,3.0364,2.8883,3.0663
2025-11-17,2025-11-14,3,2.9800,2.9924,2.9113,3.0205,2.9792,2.8895,3.0430
2025-11-18,2025-11-15,3,2.9400,2.9136,2.8680,3.0000,2.9543,2.8464,3.0224
2025-11-19,2025-11-16,3,2.8900,2.8986,2.8057,2.9405,2.8777,2.7845,2.9626
2025-11-20,2025-11-17,3,2.8400,2.8065,2.7793,2.8794,2.8765,2.7582,2.9011
2025-11-21,2025-11-18,3,2.8000,2.7817,2.7467,2.8808,2.7652,2.7258,2.9026
2025-11-22,2025-11-19,3,2.7600,2.7910,2.7467,2.8188,2.7591,2.7258,2.8402
2025-11-23,2025-11-20,3,2.7100,2.7049,2.7040,2.7070,2.7110,2.6834,2.7278
2025-11-24,2025-11-21,3,2.6700,2.6967,2.6304,2.7049,2.6903,2.6102,2.7257
2025-11-25,2025-11-22,3,2.6400,2.6865,2.5745,2.7049,2.6226,2.5546,2.7257
2025-11-26,2025-11-23,3,2.6000,2.5745,2.5637,2.6062,2.6259,2.5438,2.6264
2025-11-27,2025-11-24,3,2.5700,2.5495,2.5217,2.5614,2.5308,2.5021,2.5814
2025-11-28,2025-11-25,3,2.5400,2.5404,2.5217,2.5621,2.5308,2.5021,2.5821
2025-11-29,2025-11-26,3,2.5000,2.5011,2.4467,2.5194,2.5289,2.4275,2.5391
2025-11-30,2025-11-27,3,2.4700,2.4773,2.4467,2.4862,2.4661,2.4275,2.5057
2025-12-01,2025-11-28,3,2.4400,2.4713,2.4089,2.4732,2.4127,2.3899,2.4927
2025-12-02,2025-11-29,3,2.4100,2.4284,2.4094,2.4581,2.4127,2.3904,2.4775
2025-12-03,2025-11-30,3,2.3800,2.4036,2.3416,2.4232,2.3885,2.3230,2.4424
2025-12-04,2025-12-01,3,2.3600,2.3964,2.3416,2.4262,2.3885,2.3230,2.4454
2025-12-05,2025-12-02,3,2.3300,2.3482,2.2884,2.3885,2.3072,2.2701,2.4075
2025-12-06,2025-12-03,3,2.3100,2.2638,2.2537,2.3488,2.2809,2.2356,2.3676
2025-12-07,2025-12-04,3,2.2800,2.2638,2.2537,2.3507,2.2825,2.2356,2.3695
2025-12-08,2025-12-05,3,2.2600,2.2479,2.1868,2.2699,2.2442,2.1690,2.2882
2025-12-09,2025-12-06,3,2.2400,2.2466,2.1868,2.2500,2.2620,2.1690,2.2682
2025-12-10,2025-12-07,3,2.2200,2.2100,2.1868,2.2479,2.1911,2.1690,2.2661
2025-12-11,2025-12-08,3,2.1900,2.2091,2.1366,2.2533,2.1583,2.1191,2.2715
2025-12-12,2025-12-09,3,2.1700,2.1384,2.1277,2.1746,2.1583,2.1103,2.1924
2025-12-13,2025-12-10,3,2.1600,2.1411,2.1275,2.1746,2.1640,2.1101,2.1924
2025-12-14,2025-12-11,3,2.1400,2.1385,2.0956,2.1765,2.1418,2.0783,2.1943
2025-12-15,2025-12-12,3,2.1200,2.1209,2.0496,2.1415,2.0863,2.0326,2.1591
2025-12-16,2025-12-13,3,2.0900,2.0924,2.0479,2.1435,2.0931,2.0309,2.1611
2025-12-17,2025-12-14,3,2.0800,2.0488,2.0371,2.0911,2.0534,2.0202,2.1084
2025-12-18,2025-12-15,3,2.0700,2.0371,2.0322,2.0921,2.0509,2.0153,2.1094
2025-12-19,2025-12-16,3,2.0500,2.0318,1.9711,2.0347,2.0428,1.9545,2.0517
2025-12-20,2025-12-17,3,2.0400,2.0302,1.9716,2.0440,2.0496,1.9550,2.0611
2025-12-21,2025-12-18,3,2.0300,1.9716,1.9499,2.0301,1.9993,1.9335,2.0471
2025-12-22,2025-12-19,3,2.0200,1.9572,1.9495,2.0282,1.9656,1.9331,2.0452
2025-12-23,2025-12-20,3,2.0000,1.9499,1.9443,1.9642,1.9562,1.9279,1.9808
2025-12-24,2025-12-21,3,1.9900,1.9499,1.9433,1.9554,1.9555,1.9269,1.9720
2025-12-25,2025-12-22,3,1.9800,1.9505,1.9142,1.9577,1.9465,1.8980,1.9743
2025-12-26,2025-12-23,3,1.9800,1.9492,1.9289,1.9527,1.9249,1.9126,1.9692
2025-12-27,2025-12-24,3,1.9700,1.9404,1.8888,1.9492,1.9523,1.8727,1.9657
2025-12-28,2025-12-25,3,1.9600,1.9399,1.8888,1.9489,1.9523,1.8727,1.9654
2025-12-29,2025-12-26,3,1.9400,1.9404,1.8878,1.9484,1.9557,1.8717,1.9649
2025-12-30,2025-12-27,3,1.9300,1.9344,1.8878,1.9477,1.9560,1.8717,1.9642
2025-12-31,2025-12-28,3,1.9300,1.9354,1.8878,1.9487,1.9578,1.8717,1.9652
2026-01-01,2025-12-29,3,1.9200,1.8926,1.8758,1.9358,1.9552,1.8598,1.9523
2026-01-02,2025-12-30,3,1.9100,1.8928,1.8818,1.9366,1.9613,1.8657,1.9531
2026-01-03,2025-12-31,3,1.9000,1.8799,1.8328,1.8909,1.9309,1.8170,1.9071
2026-01-04,2026-01-01,3,1.8900,1.8477,1.8340,1.8909,1.8488,1.8182,1.9071
2026-01-05,2026-01-02,3,1.8900,1.8516,1.8402,1.8696,1.8585,1.8244,1.8857
2026-01-06,2026-01-03,3,1.8800,1.8536,1.8423,1.8719,1.8781,1.8265,1.8880
2026-01-07,2026-01-04,3,1.8700,1.8406,1.8143,1.8671,1.8755,1.7986,1.8832
2026-01-08,2026-01-05,3,1.8500,1.8406,1.8138,1.8709,1.8755,1.7981,1.8870
2026-01-09,2026-01-06,3,1.8500,1.8399,1.8127,1.8697,1.8750,1.7970,1.8858
2026-01-10,2026-01-07,3,1.8400,1.8393,1.8088,1.8701,1.8515,1.7931,1.8862
2026-01-11,2026-01-08,3,1.8300,1.8011,1.7733,1.8399,1.8568,1.7578,1.8558
2026-01-12,2026-01-09,3,1.8300,1.8011,1.7728,1.8428,1.8781,1.7573,1.8587
2026-01-13,2026-01-10,3,1.8200,1.8011,1.7728,1.8448,1.8762,1.7573,1.8607
2026-01-14,2026-01-11,3,1.8100,1.8080,1.7728,1.8406,1.8757,1.7573,1.8565
2026-01-15,2026-01-12,3,1.8000,1.8093,1.7728,1.8406,1.8757,1.7573,1.8565
2026-01-16,2026-01-13,3,1.7900,1.7462,1.7448,1.7839,1.7787,1.7295,1.7995
2026-01-17,2026-01-14,3,1.7900,1.7462,1.7454,1.7841,1.7780,1.7301,1.7997
2026-01-18,2026-01-15,3,1.7800,1.7462,1.7448,1.7840,1.7601,1.7295,1.7996
2026-01-19,2026-01-16,3,1.7800,1.7461,1.7297,1.7833,1.7551,1.7145,1.7989
2026-01-20,2026-01-17,3,1.7600,1.7461,1.7297,1.7828,1.7554,1.7145,1.7984
2026-01-21,2026-01-18,3,1.7500,1.7446,1.7303,1.7836,1.7539,1.7151,1.7992
2026-01-22,2026-01-19,3,1.7400,1.7440,1.7292,1.7836,1.7546,1.7140,1.7992
2026-01-23,2026-01-20,3,1.9300,1.8692,1.7744,1.9437,1.7535,1.7589,1.9602
2026-01-24,2026-01-21,3,2.0400,1.8975,1.7692,1.9532,1.7535,1.7538,1.9698
2026-01-25,2026-01-22,3,1.9000,2.1275,1.7469,2.2324,1.7508,1.7316,2.2505
2026-01-26,2026-01-23,3,1.7600,1.6799,1.6675,1.8317,2.1182,1.6526,1.8476
2026-01-27,2026-01-24,3,1.9000,2.0251,1.7180,2.4018,1.8541,1.7029,2.4209
2026-01-28,2026-01-25,3,2.1500,2.9649,1.7279,4.4355,1.6356,1.7127,4.4660
2026-01-29,2026-01-26,3,1.9000,3.7367,1.7273,5.2271,1.6504,1.7121,5.2620
2026-01-30,2026-01-27,3,1.7300,1.8259,1.7257,1.9570,2.1730,1.7105,1.9736
2026-01-31,2026-01-28,3,1.6500,1.6552,1.6301,1.9058,1.8653,1.6154,1.9221
2026-02-01,2026-01-29,3,1.6500,1.6258,1.6215,1.6492,1.5819,1.6069,1.6640
2026-02-02,2026-01-30,3,1.6500,1.6228,1.6121,1.6937,1.6481,1.5975,1.7088
2026-02-03,2026-01-31,3,1.6400,1.6618,1.6033,1.6779,1.6578,1.5888,1.6929
2026-02-04,2026-02-01,3,1.6300,1.6621,1.6090,1.6766,1.6946,1.5945,1.6916
2026-02-05,2026-02-02,3,1.6000,1.6623,1.6054,1.6734,1.6678,1.5909,1.6884
2026-02-06,2026-02-03,3,1.6000,1.6560,1.5787,1.6774,1.6597,1.5643,1.6924
2026-02-07,2026-02-04,3,1.6000,1.6494,1.5825,1.6601,1.6535,1.5681,1.6750
2026-02-08,2026-02-05,3,1.5900,1.5786,1.5581,1.5805,1.5804,1.5438,1.5950
2026-02-09,2026-02-06,3,1.5700,1.5767,1.5528,1.5809,1.5816,1.5386,1.5954
2026-02-10,2026-02-07,3,1.5600,1.5605,1.5524,1.5756,1.5801,1.5382,1.5900
2026-02-11,2026-02-08,3,1.5500,1.5495,1.5418,1.5710,1.5792,1.5276,1.5854
2026-02-12,2026-02-09,3,1.5400,1.5430,1.5284,1.5655,1.5719,1.5143,1.5799
2026-02-13,2026-02-10,3,1.5300,1.5240,1.4861,1.5637,1.5153,1.4722,1.5781
2026-02-14,2026-02-11,3,1.5200,1.4856,1.4832,1.5224,1.4921,1.4694,1.5365
2026-02-15,2026-02-12,3,1.5100,1.4785,1.4715,1.5191,1.4819,1.4577,1.5332
2026-02-16,2026-02-13,3,1.4900,1.4763,1.4712,1.4814,1.4759,1.4574,1.4953
2026-02-17,2026-02-14,3,1.4800,1.4763,1.4684,1.4804,1.4759,1.4546,1.4943
2026-02-18,2026-02-15,3,1.4600,1.4741,1.4469,1.4790,1.4721,1.4333,1.4929
2026-02-19,2026-02-16,3,1.4400,1.4614,1.4354,1.4719,1.4639,1.4218,1.4858
2026-02-20,2026-02-17,3,1.4400,1.4463,1.4330,1.4683,1.4637,1.4194,1.4821
2026-02-21,2026-02-18,3,1.4200,1.4120,1.3774,1.4468,1.4097,1.3642,1.4605
2026-02-22,2026-02-19,3,1.4100,1.3910,1.3883,1.4486,1.3951,1.3750,1.4623
2026-02-23,2026-02-20,3,1.3900,1.3900,1.3883,1.4439,1.4044,1.3750,1.4576
2026-02-24,2026-02-21,3,1.3700,1.3900,1.3652,1.4099,1.4044,1.3520,1.4234
2026-02-25,2026-02-22,3,1.3500,1.3435,1.3063,1.3436,1.3439,1.2934,1.3567
2026-02-26,2026-02-23,3,1.3300,1.3229,1.3043,1.3360,1.3261,1.2915,1.3491
2026-02-27,2026-02-24,3,1.3200,1.3076,1.3037,1.3241,1.3224,1.2909,1.3371
2026-02-28,2026-02-25,3,1.3100,1.3081,1.3074,1.3089,1.3130,1.2945,1.3218
2026-03-01,2026-02-26,3,1.2900,1.3001,1.2751,1.3020,1.3099,1.2624,1.3149
2026-03-02,2026-02-27,3,1.2700,1.2991,1.2536,1.3022,1.3103,1.2410,1.3151
2026-03-03,2026-02-28,3,1.2600,1.2540,1.2389,1.2978,1.2542,1.2264,1.3107
2026-03-04,2026-03-01,3,1.2500,1.2473,1.2357,1.2984,1.2529,1.2232,1.3113
2026-03-05,2026-03-02,3,1.2300,1.2318,1.2225,1.2369,1.2353,1.2101,1.2494
2026-03-06,2026-03-03,3,1.2200,1.2168,1.2011,1.2365,1.2353,1.1888,1.2490
2026-03-07,2026-03-04,3,1.2100,1.2168,1.2010,1.2406,1.2401,1.1887,1.2532
2026-03-08,2026-03-05,3,1.1900,1.1891,1.1796,1.2157,1.1861,1.1675,1.2281
2026-03-09,2026-03-06,3,1.1700,1.1745,1.1740,1.1865,1.1806,1.1619,1.1988
2026-03-10,2026-03-07,3,1.1700,1.1639,1.1522,1.1862,1.1758,1.1402,1.1985
2026-03-11,2026-03-08,3,1.1600,1.1628,1.1316,1.1853,1.1721,1.1197,1.1975
2026-03-12,2026-03-09,3,1.1400,1.1192,1.1102,1.1220,1.1144,1.0984,1.1339
2026-03-13,2026-03-10,3,1.1300,1.1219,1.1103,1.1276,1.1272,1.0985,1.1395
2026-03-14,2026-03-11,3,1.1200,1.1143,1.1125,1.1225,1.1302,1.1007,1.1344
2026-03-15,2026-03-12,3,1.1000,1.1177,1.1055,1.1344,1.0943,1.0938,1.1464
2026-03-16,2026-03-13,3,1.1000,1.0999,1.0977,1.1136,1.0939,1.0860,1.1254
2026-03-17,2026-03-14,3,1.0900,1.1408,1.0996,1.1463,1.0873,1.0879,1.1583
2026-03-18,2026-03-15,3,1.0800,1.0419,1.0375,1.0526,1.0353,1.0261,1.0641
2026-03-19,2026-03-16,3,1.0600,1.0318,1.0311,1.0464,1.0325,1.0198,1.0579
2026-03-20,2026-03-17,3,1.1100,1.2129,1.1025,1.3384,1.0456,1.0908,1.3515
2026-03-21,2026-03-18,3,1.1000,1.1017,1.0929,1.1250,1.0310,1.0812,1.1369
2026-03-22,2026-03-19,3,1.0900,1.0993,1.0879,1.1134,1.0305,1.0763,1.1252
2026-03-23,2026-03-20,3,1.0500,1.0026,0.9713,1.0413,1.0690,0.9603,1.0527
2026-03-24,2026-03-21,3,1.0200,0.9967,0.9694,1.0139,1.0001,0.9584,1.0252
2026-03-25,2026-03-22,3,1.0000,0.9998,0.9716,1.0137,0.9974,0.9606,1.0250
2026-03-26,2026-03-23,3,0.9900,1.0241,1.0071,1.0304,1.0042,0.9959,1.0418
2026-03-27,2026-03-24,3,0.9900,1.0002,0.9811,1.0010,0.9692,0.9701,1.0122
2026-03-28,2026-03-25,3,0.9700,0.9629,0.9556,0.9814,0.9483,0.9447,0.9925
2026-03-29,2026-03-26,3,0.9600,0.9458,0.9303,0.9611,0.9415,0.9195,0.9721
2026-03-30,2026-03-27,3,0.9400,0.9433,0.9348,0.9601,0.9601,0.9240,0.9711
2026-03-31,2026-03-28,3,0.9300,0.9332,0.9086,0.9606,0.9322,0.8980,0.9716
2026-04-01,2026-03-29,3,0.9200,0.9106,0.9022,0.9317,0.9080,0.8916,0.9425
2026-04-02,2026-03-30,3,0.9100,0.8842,0.8839,0.8934,0.8901,0.8734,0.9040
2026-04-03,2026-03-31,3,0.8900,0.8876,0.8808,0.8939,0.8885,0.8703,0.9045
2026-04-04,2026-04-01,3,0.8900,0.8849,0.8713,0.8938,0.8777,0.8609,0.9044
2026-04-05,2026-04-02,3,0.9400,0.8669,0.8628,0.8794,0.8729,0.8524,0.8899
2026-04-06,2026-04-03,3,0.9000,0.8612,0.8573,0.8678,0.8577,0.8469,0.8783
2026-04-07,2026-04-04,3,0.8800,0.8609,0.8604,0.8696,0.8581,0.8500,0.8801
2026-04-08,2026-04-05,3,0.9200,0.9617,0.8964,0.9890,0.8586,0.8858,1.0001
2026-04-09,2026-04-06,3,0.9000,0.9026,0.8922,0.9774,0.8419,0.8817,0.9885
2026-04-10,2026-04-07,3,0.8800,0.9134,0.8832,0.9864,0.8315,0.8727,0.9975
2026-04-11,2026-04-08,3,0.8300,0.8339,0.8321,0.8500,0.8348,0.8219,0.8604
2026-04-12,2026-04-09,3,0.8100,0.8215,0.7864,0.8325,0.8172,0.7764,0.8428
2026-04-13,2026-04-10,3,0.8000,0.8126,0.7692,0.8239,0.7902,0.7593,0.8341
2026-04-14,2026-04-11,3,0.7900,0.7983,0.7889,0.7987,0.7968,0.7789,0.8088
2026-04-15,2026-04-12,3,0.7700,0.7785,0.7669,0.7927,0.7689,0.7571,0.8027
2026-04-16,2026-04-13,3,0.7600,0.7751,0.7484,0.7902,0.7566,0.7387,0.8002
2026-04-17,2026-04-14,3,0.7500,0.7501,0.7372,0.7635,0.7522,0.7275,0.7734
2026-04-18,2026-04-15,3,0.7500,0.7446,0.7175,0.7528,0.7419,0.7079,0.7626
2026-04-19,2026-04-16,3,0.7400,0.7333,0.7071,0.7343,0.7269,0.6976,0.7440
2026-04-20,2026-04-17,3,0.7200,0.7126,0.7005,0.7227,0.7138,0.6910,0.7324
2026-04-21,2026-04-18,3,0.7100,0.7049,0.7021,0.7087,0.7112,0.6926,0.7183
2026-04-22,2026-04-19,3,0.7000,0.7042,0.6830,0.7052,0.6965,0.6736,0.7148
2026-04-23,2026-04-20,3,0.6900,0.6848,0.6750,0.6872,0.6842,0.6657,0.6967
2026-04-24,2026-04-21,3,0.6800,0.6842,0.6663,0.6873,0.6775,0.6570,0.6968
2026-04-25,2026-04-22,3,0.6600,0.6656,0.6597,0.6732,0.6734,0.6505,0.6826
2026-04-26,2026-04-23,3,0.6600,0.6661,0.6330,0.6725,0.6659,0.6239,0.6819
2026-04-27,2026-04-24,3,0.6500,0.6466,0.6238,0.6542,0.6658,0.6148,0.6635
2026-04-28,2026-04-25,3,0.6500,0.6288,0.6144,0.6402,0.6383,0.6054,0.6494
2026-04-29,2026-04-26,3,0.6400,0.6495,0.6235,0.6507,0.6333,0.6145,0.6600
2026-04-30,2026-04-27,3,0.7000,0.6416,0.6131,0.6474,0.6224,0.6041,0.6566
2026-05-01,2026-04-28,3,0.6800,0.6923,0.6331,0.6999,0.6213,0.6240,0.7094
2026-05-02,2026-04-29,3,0.6500,0.6514,0.6297,0.6531,0.6047,0.6206,0.6624
2026-05-03,2026-04-30,3,0.6500,0.6105,0.5921,0.6170,0.6031,0.5832,0.6261
2026-05-04,2026-05-01,3,2.4300,0.8929,0.5989,1.5955,0.5940,0.5900,1.6100
2026-05-05,2026-05-02,3,1.1300,0.6974,0.6343,0.8311,0.5884,0.6252,0.8414
2026-05-06,2026-05-03,3,0.9000,0.6177,0.6081,0.6323,0.5998,0.5991,0.6414
2026-05-07,2026-05-04,3,0.6300,0.6305,0.5322,1.9690,1.0253,0.5237,1.9856
2026-05-08,2026-05-05,3,0.5800,0.6764,0.6107,1.0216,0.5903,0.6017,1.0329
2026-05-09,2026-05-06,3,0.5700,0.5604,0.5094,0.8296,0.5803,0.5010,0.8399
2026-05-10,2026-05-07,3,0.5600,0.5665,0.5222,0.6915,0.5839,0.5137,0.7010
2026-05-11,2026-05-08,3,0.5600,0.5329,0.5037,0.6482,0.5746,0.4953,0.6574
2026-05-12,2026-05-09,3,0.5500,0.5194,0.4854,0.6460,0.5352,0.4771,0.6552
2026-05-13,2026-05-10,3,0.5500,0.5082,0.4953,0.6386,0.5672,0.4870,0.6478
2026-05-14,2026-05-11,3,0.5400,0.5408,0.4875,0.5842,0.5644,0.4792,0.5931
2026-05-15,2026-05-12,3,0.5400,0.5466,0.4717,0.5533,0.5373,0.4635,0.5620
2026-05-16,2026-05-13,3,0.5300,0.5302,0.4670,0.5358,0.5283,0.4588,0.5444
2026-05-17,2026-05-14,3,0.5200,0.5341,0.4779,0.5415,0.5156,0.4697,0.5501
2026-05-18,2026-05-15,3,0.5200,0.5167,0.4677,0.5298,0.5199,0.4595,0.5384
2026-05-19,2026-05-16,3,0.5200,0.5077,0.4696,0.5114,0.5188,0.4614,0.5199
2026-05-20,2026-05-17,3,0.5000,0.4952,0.4627,0.5024,0.5056,0.4545,0.5108
2026-05-21,2026-05-18,3,0.4900,0.4957,0.4646,0.5038,0.4951,0.4564,0.5122
2026-05-22,2026-05-19,3,0.5000,0.4949,0.4628,0.4974,0.4972,0.4546,0.5058
2026-05-23,2026-05-20,3,0.4800,0.4813,0.4566,0.4858,0.4814,0.4485,0.4941
2026-05-24,2026-05-21,3,0.4700,0.4723,0.4488,0.4792,0.4739,0.4407,0.4875
2026-05-25,2026-05-22,3,0.4700,0.4815,0.4498,0.4834,0.4822,0.4417,0.4917
2026-05-26,2026-05-23,3,0.4700,0.4582,0.4390,0.4755,0.4714,0.4310,0.4838
2026-05-27,2026-05-24,3,0.4600,0.4472,0.4384,0.4587,0.4604,0.4304,0.4669
2026-05-28,2026-05-25,3,0.4600,0.4507,0.4384,0.4613,0.4636,0.4304,0.4695
2026-05-29,2026-05-26,3,0.6800,0.5131,0.4601,0.5458,0.4574,0.4520,0.5545
2026-05-30,2026-05-27,3,0.6100,0.5468,0.4490,0.6784,0.4461,0.4409,0.6878
2026-05-31,2026-05-28,3,0.5300,0.5807,0.4885,0.9914,0.4479,0.4802,1.0026
2026-06-01,2026-05-29,3,0.5000,0.5269,0.4333,0.5546,0.5012,0.0289,1.1655
2026-06-02,2026-05-30,3,0.4500,0.4557,0.4061,0.5307,0.4227,0.0094,1.1322
2026-06-03,2026-05-31,3,0.4500,0.4330,0.4161,0.4457,0.4120,0.0166,1.0138
2026-06-04,2026-06-01,3,0.4300,0.4284,0.4238,0.4656,0.4284,0.0221,1.0416
2026-06-05,2026-06-02,3,0.4300,0.4290,0.4257,0.4346,0.4017,0.0235,0.9984
2026-06-06,2026-06-03,3,0.4200,0.4029,0.4010,0.4354,0.4281,0.0058,0.9995
2026-06-07,2026-06-04,3,0.4200,0.4059,0.3734,0.4215,0.4292,0.0000,0.9801
2026-06-08,2026-06-05,3,0.4100,0.4070,0.3906,0.4237,0.4150,0.0000,0.9832
2026-06-09,2026-06-06,3,0.4000,0.4046,0.3751,0.4122,0.4095,0.0000,0.9672
2026-06-10,2026-06-07,3,0.4000,0.4056,0.3594,0.4106,0.4053,0.0000,0.9649
2026-06-11,2026-06-08,3,0.4300,0.4379,0.3823,0.4651,0.4067,0.0000,1.0409
2026-06-12,2026-06-09,3,0.6800,0.4476,0.3780,0.4752,0.3892,0.0000,1.0549
2026-06-13,2026-06-10,3,0.6200,0.4929,0.3905,0.5669,0.3928,0.0000,1.1827
2026-06-14,2026-06-11,3,0.4900,0.3581,0.3445,0.4097,0.4193,0.0000,0.9637
2026-06-15,2026-06-12,3,0.3900,0.4122,0.3682,0.5914,0.6578,0.0000,1.2168
2026-06-16,2026-06-13,3,0.3800,0.3771,0.3090,0.5434,0.4013,0.0000,1.1499
2026-06-17,2026-06-14,3,0.3700,0.3524,0.3371,0.4245,0.3521,0.0000,0.9843
2026-06-18,2026-06-15,3,0.3700,0.3567,0.3195,0.3811,0.3224,0.0000,0.9239
2026-06-19,2026-06-16,3,0.3700,0.3531,0.3221,0.3750,0.3431,0.0000,0.9154
2026-06-20,2026-06-17,3,0.3600,0.3421,0.3159,0.3654,0.3376,0.0000,0.9020
2026-06-21,2026-06-18,3,0.3600,0.3457,0.3219,0.3665,0.3493,0.0000,0.9035
2026-06-22,2026-06-19,3,0.3600,0.3536,0.3222,0.3702,0.3597,0.0000,0.9087
2026-06-23,2026-06-20,3,0.3400,0.3443,0.3261,0.3566,0.3522,0.0000,0.8897
2026-06-24,2026-06-21,3,0.3300,0.3449,0.3218,0.3573,0.3591,0.0000,0.8907
2026-06-25,2026-06-22,3,0.3300,0.3430,0.3205,0.3534,0.3545,0.0000,0.8853
2026-06-26,2026-06-23,3,0.3300,0.3309,0.3070,0.3377,0.3322,0.0000,0.8634
2026-06-27,2026-06-24,3,0.3300,0.3244,0.2993,0.3302,0.3329,0.0000,0.8530
2026-06-28,2026-06-25,3,0.3300,0.3265,0.3018,0.3306,0.3327,0.0000,0.8535
2026-06-29,2026-06-26,3,0.3400,0.3391,0.3128,0.3474,0.3293,0.0000,0.8769
2026-06-30,2026-06-27,3,0.6300,0.4743,0.3461,0.5267,0.3212,0.0000,1.1267
2026-07-01,2026-06-28,3,0.8900,0.4846,0.3672,0.5317,0.3222,0.0000,1.1336
2026-07-02,2026-06-29,3,5.9600,1.0943,0.5771,2.4721,0.3574,0.1322,3.8366
2026-07-03,2026-06-30,3,2.8800,9.0109,4.2122,9.5011,1.0784,2.7417,13.6279
2026-07-04,2026-07-01,3,2.5000,1.8864,1.2411,4.4194,0.7208,0.6088,6.5492
2026-07-05,2026-07-02,3,1.2600,2.6282,1.0881,4.7032,3.7928,0.4990,6.9445
2026-07-06,2026-07-03,3,0.6600,2.2344,1.0771,3.8710,1.6975,0.4911,5.7852
2026-07-07,2026-07-04,3,0.6100,3.1131,1.2207,5.5324,0.7873,0.5942,8.0995
2026-07-08,2026-07-05,3,0.8200,3.5984,2.7202,8.5284,1.2492,1.6707,12.2729
2026-07-09,2026-07-06,3,7.6200,9.4158,5.0034,15.3272,1.1123,3.3097,21.7436
2026-07-10,2026-07-07,3,10.3900,45.2678,16.5765,58.1913,1.1944,11.6179,81.4527
2026-07-11,2026-07-08,3,9.5400,50.9381,20.7939,89.2478,1.7793,14.6454,124.7140
2026-07-12,2026-07-09,3,3.0400,5.5442,2.9759,9.2972,4.7827,1.8542,13.3439
2026-07-13,2026-07-10,3,0.8100,2.6940,1.4423,7.2560,4.0296,0.7533,10.5005
2026-07-14,2026-07-11,3,0.3900,0.7875,0.4787,5.2794,2.3620,0.0615,7.7471
2026-07-15,2026-07-12,3,0.3500,0.5540,0.4863,2.7861,1.5661,0.0670,4.2740
2026-07-16,2026-07-13,3,0.4100,0.4801,0.4658,0.9749,1.1033,0.0523,1.7510
2026-07-17,2026-07-14,3,0.5200,0.5202,0.4876,1.2439,0.5580,0.0679,2.1257
2026-07-18,2026-07-15,3,1.5800,2.7436,1.6172,6.5646,0.8898,0.8788,9.5374
2026-07-19,2026-07-16,3,5.9600,8.0809,4.8750,16.9167,0.9099,3.2176,23.9577
2026-07-20,2026-07-17,3,8.0500,6.8099,4.1849,11.5765,1.2725,2.7221,16.5189
2026-07-21,2026-07-18,3,7.3000,19.9716,12.3504,40.6879,2.6203,8.5840,57.0707
2026-07-22,2026-07-19,3,7.4900,10.2725,7.1351,15.5327,5.2702,4.8400,22.0298
2026-07-23,2026-07-20,3,1.8300,1.8104,1.4312,6.1705,6.9369,0.7453,8.9884
2026-07-24,2026-07-21,3,0.5800,3.1200,1.3989,7.0723,1.7777,0.7221,10.2446
2026-07-25,2026-07-22,3,1.6700,1.8427,1.1116,5.0276,1.4583,0.5159,7.3964
2026-07-26,2026-07-23,3,1.4300,3.7384,1.9759,6.8774,1.4091,1.1363,9.9731
2026-07-27,2026-07-24,3,2.4000,1.9581,1.1286,4.3041,1.6804,0.5281,6.3885
2026-07-28,2026-07-25,3,5.1700,10.5826,9.1803,20.0112,2.6463,6.3083,28.2683
2026-07-29,2026-07-26,3,5.7700,5.6382,3.4175,10.4157,1.3955,2.1712,14.9019
2026-07-30,2026-07-27,3,1.5400,4.7514,1.9808,7.2020,3.7338,1.1399,10.4253
2026-07-31,2026-07-28,3,1.1300,2.6948,1.3950,5.6151,3.4779,0.7193,8.2147
2026-08-01,2026-07-29,3,3.3100,3.6066,1.6977,5.7613,2.3158,0.9366,8.4184
2026-08-02,2026-07-30,3,1.8000,3.5061,2.3753,7.9203,1.7906,1.4231,11.4259
2026-08-03,2026-07-31,3,3.0100,3.4622,2.2627,7.8299,1.7980,1.3422,11.2999
2026-08-04,2026-08-01,3,13.0300,12.5456,6.6508,18.0336,3.6396,4.4924,25.5136
2026-08-05,2026-08-02,3,8.5100,16.2967,8.0185,26.2574,2.5781,5.4742,36.9692
2026-08-06,2026-08-03,3,4.7900,10.3518,6.3814,14.0717,3.7297,4.2990,19.9947
2026-08-07,2026-08-04,3,2.8100,14.3963,8.0842,20.1674,6.1164,5.5214,28.4859
2026-08-08,2026-08-05,3,4.0300,3.9914,1.8635,6.9289,3.7281,1.0557,10.0449
2026-08-09,2026-08-06,3,2.0500,1.9106,1.4478,4.9829,3.8835,0.7572,7.3341
2026-08-10,2026-08-07,3,1.0400,2.6538,1.3850,4.2538,2.8703,0.7121,6.3185
2026-08-11,2026-08-08,3,2.4300,8.3896,2.8037,10.4132,3.0415,1.7306,14.8984
2026-08-12,2026-08-09,3,1.4600,4.1570,2.2824,9.7008,2.0132,1.3564,13.9061
2026-08-13,2026-08-10,3,0.9900,1.5040,0.9472,2.6954,1.9318,0.3979,4.1476
2026-08-14,2026-08-11,3,1.4400,1.9303,1.1429,3.3242,3.6412,0.5383,5.0236
2026-08-15,2026-08-12,3,1.6600,3.3146,2.1424,8.8991,1.6276,1.2559,12.7893
2026-08-16,2026-08-13,3,5.5100,8.2356,5.5830,13.6831,1.6787,3.7258,19.4534
2026-08-17,2026-08-14,3,6.0700,7.2568,5.3589,15.1009,2.3567,3.5649,21.4283
2026-08-18,2026-08-15,3,6.5700,26.4880,11.4531,40.7494,2.5215,7.9399,57.1564
2026-08-19,2026-08-16,3,2.1800,10.3187,4.0324,15.0595,4.3595,2.6127,21.3707
2026-08-20,2026-08-17,3,4.3600,4.1204,1.7762,7.2053,2.4425,0.9930,10.4299
2026-08-21,2026-08-18,3,6.3900,2.9853,1.5135,5.9353,4.0572,0.8044,8.6608
2026-08-22,2026-08-19,3,7.1200,5.7690,2.9163,10.6460,2.3728,1.8114,15.2227
2026-08-23,2026-08-20,3,5.6900,16.9681,5.7937,19.7881,5.2261,3.8771,27.9575
2026-08-24,2026-08-21,3,8.1600,6.3698,2.8840,10.9019,4.9758,1.7883,15.5792
2026-08-25,2026-08-22,3,7.8600,2.3922,1.5235,6.4807,2.8500,0.8116,9.4205
2026-08-26,2026-08-23,3,6.6600,3.0164,1.3019,5.4277,3.5833,0.6525,7.9537
2026-08-27,2026-08-24,3,15.1200,3.7113,1.8784,7.5836,5.3866,1.0664,10.9568
2026-08-28,2026-08-25,3,7.3200,14.3117,3.6073,16.9861,5.4744,2.3075,24.0544
2026-08-29,2026-08-26,3,4.0200,10.7236,2.8626,16.7242,3.4199,1.7729,23.6896
2026-08-30,2026-08-27,3,4.0400,5.5991,2.5247,10.1104,5.8489,1.5303,14.4766
2026-08-31,2026-08-28,3,6.7400,16.5824,3.8388,23.2405,5.3586,2.4737,32.7667
2026-09-01,2026-08-29,3,7.4000,27.1746,5.3421,35.9746,3.8702,3.5529,50.5051
2026-09-02,2026-08-30,3,10.4500,48.4323,9.1624,51.4435,5.2264,6.2954,72.0531
2026-09-03,2026-08-31,3,10.9700,11.3112,3.1829,17.2301,5.5925,2.0028,24.3943
2026-09-04,2026-09-01,3,10.4100,14.4318,4.9274,18.9587,7.0962,3.2552,26.8022
2026-09-05,2026-09-02,3,8.9000,6.5303,3.5468,11.9498,6.9548,2.2641,17.0389
2026-09-06,2026-09-03,3,38.5500,25.4612,8.3383,40.2971,7.2133,5.7038,56.5263
2026-09-07,2026-09-04,3,71.5300,37.2871,6.9911,63.1594,6.6611,4.7367,88.3732
2026-09-08,2026-09-05,3,54.6300,34.2840,8.1466,61.6525,7.9207,5.5662,86.2741
2026-09-09,2026-09-06,3,32.9000,14.1703,7.4304,21.9016,13.1071,5.0520,30.9016
2026-09-10,2026-09-07,3,20.7100,20.8592,6.9020,23.3513,17.8046,4.6727,32.9210
2026-09-11,2026-09-08,3,22.9100,13.5159,5.6381,14.0559,13.3491,3.7654,19.9727
2026-09-12,2026-09-09,3,20.9600,12.0418,6.5668,12.7516,12.0457,4.4321,18.1558
2026-09-13,2026-09-10,3,19.5200,12.0456,6.2819,13.2289,13.0710,4.2275,18.8207
2026-09-14,2026-09-11,3,17.4300,12.8632,6.9411,16.0446,14.1980,4.7008,22.7429
2026-09-15,2026-09-12,3,17.4300,14.0014,5.9359,15.7968,12.4863,3.9792,22.3977
2026-09-16,2026-09-13,3,17.0500,14.0703,6.4022,17.0330,12.4044,4.3139,24.1197
2026-09-17,2026-09-14,3,15.8200,12.4676,6.3842,13.7057,14.6612,4.3010,19.4848
2026-09-18,2026-09-15,3,15.1000,11.2017,6.3184,12.5166,12.3307,4.2537,17.8284
2026-09-19,2026-09-16,3,14.6900,9.7576,6.3184,12.3080,10.9793,4.2537,17.5379
2026-09-20,2026-09-17,3,14.2300,9.5428,6.2255,12.0525,10.8045,4.1871,17.1820
2026-09-21,2026-09-18,3,13.7700,9.6972,5.6934,12.0172,10.2107,3.8051,17.1328
2026-09-22,2026-09-19,3,13.3100,9.4635,5.6934,11.3806,10.4066,3.8051,16.2460
2026-09-23,2026-09-20,3,12.8700,8.5347,5.7359,10.6365,9.8614,3.8356,15.2095
2024-03-08,2024-03-01,7,1.1800,1.1778,1.1609,1.2032,1.1560,1.1486,1.2158
2024-03-09,2024-03-02,7,1.1600,1.1695,1.1490,1.1838,1.1648,1.1368,1.1963
2024-03-10,2024-03-03,7,1.1600,1.1458,1.0562,1.2306,1.1509,1.0445,1.2433
2024-03-11,2024-03-04,7,1.1400,1.1685,1.0167,1.4482,1.1850,1.0053,1.4622
2024-03-12,2024-03-05,7,1.1200,1.1718,0.9439,2.1076,1.1615,0.9329,2.1253
2024-03-13,2024-03-06,7,1.1100,1.1460,1.0393,2.2912,1.1374,1.0277,2.3100
2024-03-14,2024-03-07,7,1.0900,1.1450,1.0025,1.9606,1.1378,0.9911,1.9775
2024-03-15,2024-03-08,7,1.0800,1.0729,1.0568,1.6239,1.1270,1.0451,1.6389
2024-03-16,2024-03-09,7,1.0800,1.1670,1.0497,1.4869,1.0848,1.0381,1.5011
2024-03-17,2024-03-10,7,1.0600,1.1351,1.0475,1.5200,1.1209,1.0359,1.5344
2024-03-18,2024-03-11,7,1.0400,1.1083,1.0307,1.5498,1.0357,1.0192,1.5644
2024-03-19,2024-03-12,7,1.0400,1.1486,1.0045,1.5431,1.0061,0.9931,1.5576
2024-03-20,2024-03-13,7,1.0200,1.1277,1.0036,1.1345,1.0147,0.9922,1.1467
2024-03-21,2024-03-14,7,1.0000,0.9897,0.9609,1.0022,1.0104,0.9498,1.0136
2024-03-22,2024-03-15,7,0.9900,0.9877,0.9586,1.0026,0.9774,0.9475,1.0140
2024-03-23,2024-03-16,7,0.9700,0.9761,0.9482,1.0011,0.9722,0.9371,1.0125
2024-03-24,2024-03-17,7,0.9500,0.9473,0.9397,1.0011,0.9496,0.9287,1.0125
2024-03-25,2024-03-18,7,0.9400,0.9387,0.9251,0.9909,0.9393,0.9142,1.0023
2024-03-26,2024-03-19,7,0.9300,0.9380,0.9250,0.9453,0.9366,0.9141,0.9564
2024-03-27,2024-03-20,7,0.9200,0.9335,0.9005,0.9730,0.9074,0.8897,0.9843
2024-03-28,2024-03-21,7,0.9100,0.8951,0.8814,0.9260,0.8860,0.8707,0.9370
2024-03-29,2024-03-22,7,0.9000,0.8957,0.8828,0.9245,0.8863,0.8721,0.9355
2024-03-30,2024-03-23,7,0.9100,0.8648,0.8499,0.9133,0.8822,0.8394,0.9242
2024-03-31,2024-03-24,7,0.8900,0.8688,0.8607,0.8875,0.8921,0.8501,0.8983
2024-04-01,2024-03-25,7,0.8800,0.8693,0.8299,0.8870,0.8666,0.8195,0.8978
2024-04-02,2024-03-26,7,0.8600,0.8411,0.8320,0.8870,0.8706,0.8216,0.8978
2024-04-03,2024-03-27,7,0.8500,0.8368,0.8267,0.8731,0.8416,0.8163,0.8838
2024-04-04,2024-03-28,7,0.8300,0.8387,0.8164,0.8728,0.8434,0.8061,0.8835
2024-04-05,2024-03-29,7,0.8200,0.8354,0.8176,0.8462,0.8429,0.8073,0.8567
2024-04-06,2024-03-30,7,0.8200,0.8118,0.8107,0.8424,0.8450,0.8004,0.8529
2024-04-07,2024-03-31,7,0.8100,0.8073,0.7892,0.8218,0.8129,0.7790,0.8322
2024-04-08,2024-04-01,7,0.8000,0.8059,0.7884,0.8211,0.8069,0.7782,0.8315
2024-04-09,2024-04-02,7,0.7700,0.7641,0.7616,0.8002,0.7848,0.7516,0.8105
2024-04-10,2024-04-03,7,0.7700,0.7663,0.7650,0.7731,0.7885,0.7550,0.7832
2024-04-11,2024-04-04,7,0.7600,0.7527,0.7461,0.7637,0.7640,0.7362,0.7738
2024-04-12,2024-04-05,7,0.7400,0.7373,0.7342,0.7523,0.7619,0.7244,0.7623
2024-04-13,2024-04-06,7,0.7300,0.7388,0.7370,0.7468,0.7411,0.7271,0.7568
2024-04-14,2024-04-07,7,0.7300,0.7227,0.7175,0.7481,0.7269,0.7077,0.7581
2024-04-15,2024-04-08,7,0.7300,0.7163,0.7035,0.7469,0.7101,0.6938,0.7569
2024-04-16,2024-04-09,7,0.7200,0.7177,0.6810,0.7251,0.7064,0.6715,0.7350
2024-04-17,2024-04-10,7,0.7000,0.6967,0.6707,0.7015,0.6866,0.6612,0.7112
2024-04-18,2024-04-11,7,0.6900,0.6767,0.6702,0.7012,0.6871,0.6607,0.7109
2024-04-19,2024-04-12,7,0.6800,0.6567,0.6466,0.6817,0.6677,0.6373,0.6913
2024-04-20,2024-04-13,7,0.6700,0.6604,0.6482,0.6764,0.6722,0.6388,0.6860
2024-04-21,2024-04-14,7,0.6600,0.6660,0.6536,0.6765,0.6749,0.6442,0.6861
2024-04-22,2024-04-15,7,0.6400,0.6660,0.6514,0.6682,0.6731,0.6420,0.6777
2024-04-23,2024-04-16,7,0.6400,0.6611,0.6421,0.6646,0.6713,0.6328,0.6741
2024-04-24,2024-04-17,7,0.6400,0.6453,0.6286,0.6651,0.6508,0.6194,0.6746
2024-04-25,2024-04-18,7,0.6400,0.6241,0.6085,0.6600,0.6345,0.5994,0.6695
2024-04-26,2024-04-19,7,0.6300,0.6223,0.6063,0.6381,0.6289,0.5972,0.6475
2024-04-27,2024-04-20,7,0.6300,0.6229,0.5930,0.6383,0.6287,0.5840,0.6477
2024-04-28,2024-04-21,7,0.6100,0.5935,0.5766,0.6207,0.6114,0.5676,0.6300
2024-04-29,2024-04-22,7,0.6000,0.5780,0.5716,0.6206,0.5833,0.5627,0.6299
2024-04-30,2024-04-23,7,0.5900,0.5723,0.5685,0.5870,0.5715,0.5596,0.5961
2024-05-01,2024-04-24,7,0.5800,0.5729,0.5682,0.5810,0.5710,0.5593,0.5900
2024-05-02,2024-04-25,7,0.5700,0.5732,0.5670,0.5810,0.5711,0.5581,0.5900
2024-05-03,2024-04-26,7,0.5700,0.5668,0.5555,0.5800,0.5705,0.5467,0.5890
2024-05-04,2024-04-27,7,0.5600,0.5638,0.5550,0.5799,0.5713,0.5462,0.5889
2024-05-05,2024-04-28,7,0.5500,0.5478,0.5309,0.5641,0.5442,0.5222,0.5730
2024-05-06,2024-04-29,7,0.5500,0.5491,0.5324,0.5587,0.5457,0.5237,0.5676
2024-05-07,2024-04-30,7,0.5600,0.5308,0.5264,0.5449,0.5459,0.5177,0.5537
2024-05-08,2024-05-01,7,0.5500,0.5299,0.5261,0.5412,0.5330,0.5174,0.5500
2024-05-09,2024-05-02,7,0.5400,0.5212,0.5100,0.5389,0.5330,0.5014,0.5477
2024-05-10,2024-05-03,7,0.5400,0.5082,0.5005,0.5368,0.5322,0.4920,0.5456
2024-05-11,2024-05-04,7,0.5300,0.5042,0.4910,0.5316,0.5028,0.4825,0.5403
2024-05-12,2024-05-05,7,0.5200,0.4971,0.4873,0.5282,0.5048,0.4789,0.5369
2024-05-13,2024-05-06,7,0.5100,0.5978,0.5210,0.6396,0.5094,0.5124,0.6490
2024-05-14,2024-05-07,7,0.5000,0.5335,0.5172,0.5721,0.5149,0.5086,0.5811
2024-05-15,2024-05-08,7,0.4900,0.4882,0.4817,0.5015,0.4841,0.4733,0.5101
2024-05-16,2024-05-09,7,0.4900,0.4652,0.4647,0.4980,0.4745,0.4564,0.5066
2024-05-17,2024-05-10,7,0.4800,0.4706,0.4694,0.4889,0.4780,0.4611,0.4974
2024-05-18,2024-05-11,7,0.4800,0.4665,0.4640,0.4813,0.4761,0.4557,0.4898
2024-05-19,2024-05-12,7,0.4800,0.4633,0.4497,0.4741,0.4667,0.4415,0.4825
2024-05-20,2024-05-13,7,0.4700,0.4524,0.4504,0.4728,0.4662,0.4422,0.4812
2024-05-21,2024-05-14,7,0.4600,0.4429,0.4422,0.4625,0.4624,0.4340,0.4709
2024-05-22,2024-05-15,7,0.4500,0.4430,0.4412,0.4582,0.4546,0.4330,0.4665
2024-05-23,2024-05-16,7,0.4400,0.4397,0.4346,0.4579,0.4620,0.4265,0.4662
2024-05-24,2024-05-17,7,0.4400,0.4381,0.4348,0.4507,0.4590,0.4267,0.4590
2024-05-25,2024-05-18,7,0.4400,0.4388,0.4282,0.4469,0.4617,0.4201,0.4552
2024-05-26,2024-05-19,7,0.4400,0.4388,0.4201,0.4469,0.4531,0.4120,0.4552
2024-05-27,2024-05-20,7,0.4200,0.4273,0.4111,0.4408,0.4329,0.4031,0.4490
2024-05-28,2024-05-21,7,0.4300,0.4181,0.4026,0.4408,0.4299,0.3946,0.4490
2024-05-29,2024-05-22,7,0.4300,0.4023,0.3965,0.4359,0.4152,0.3886,0.4441
2024-05-30,2024-05-23,7,0.4200,0.4019,0.3941,0.4190,0.4155,0.3862,0.4271
2024-05-31,2024-05-24,7,0.4000,0.4013,0.3937,0.4129,0.4145,0.3858,0.4210
2024-06-01,2024-05-25,7,0.4000,0.3935,0.3918,0.4024,0.4133,0.0000,1.5021
2024-06-02,2024-05-26,7,0.4000,0.3916,0.3846,0.4012,0.4138,0.0000,1.5000
2024-06-03,2024-05-27,7,0.4000,0.3828,0.3768,0.3940,0.4071,0.0000,1.4871
2024-06-04,2024-05-28,7,0.3900,0.3826,0.3819,0.3863,0.3896,0.0000,1.4734
2024-06-05,2024-05-29,7,0.3900,0.3818,0.3777,0.3824,0.3896,0.0000,1.4664
2024-06-06,2024-05-30,7,0.3800,0.3774,0.3690,0.3823,0.3943,0.0000,1.4662
2024-06-07,2024-05-31,7,0.3700,0.3656,0.3548,0.3791,0.3802,0.0000,1.4605
2024-06-08,2024-06-01,7,0.3700,0.3671,0.3576,0.3790,0.3800,0.0000,1.4603
2024-06-09,2024-06-02,7,0.3700,0.3731,0.3577,0.3746,0.3799,0.0000,1.4525
2024-06-10,2024-06-03,7,0.3600,0.3550,0.3420,0.3616,0.3784,0.0000,1.4293
2024-06-11,2024-06-04,7,0.3600,0.3539,0.3423,0.3575,0.3777,0.0000,1.4220
2024-06-12,2024-06-05,7,0.3500,0.3547,0.3428,0.3576,0.3783,0.0000,1.4222
2024-06-13,2024-06-06,7,0.3500,0.3546,0.3261,0.3575,0.3628,0.0000,1.4220
2024-06-14,2024-06-07,7,0.3500,0.3387,0.3265,0.3514,0.3681,0.0000,1.4111
2024-06-15,2024-06-08,7,0.3400,0.3319,0.3265,0.3511,0.3681,0.0000,1.4106
2024-06-16,2024-06-09,7,0.3300,0.3311,0.3230,0.3508,0.3701,0.0000,1.4100
2024-06-17,2024-06-10,7,0.3300,0.3302,0.3226,0.3323,0.3482,0.0000,1.3770
2024-06-18,2024-06-11,7,0.3300,0.3305,0.3223,0.3323,0.3490,0.0000,1.3770
2024-06-19,2024-06-12,7,0.3300,0.3236,0.3159,0.3247,0.3492,0.0000,1.3635
2024-06-20,2024-06-13,7,0.3300,0.3187,0.3151,0.3231,0.3289,0.0000,1.3606
2024-06-21,2024-06-14,7,0.3200,0.3185,0.3008,0.3231,0.3286,0.0000,1.3606
2024-06-22,2024-06-15,7,0.3300,0.3092,0.3012,0.3185,0.3042,0.0000,1.3524
2024-06-23,2024-06-16,7,0.4700,0.3040,0.2942,0.3172,0.3111,0.0000,1.3501
2024-06-24,2024-06-17,7,0.5700,0.3040,0.2936,0.3172,0.3036,0.0000,1.3501
2024-06-25,2024-06-18,7,1.2800,0.3039,0.2858,0.3158,0.3095,0.0000,1.3476
2024-06-26,2024-06-19,7,0.7200,0.3311,0.3010,0.3351,0.3430,0.0000,1.3820
2024-06-27,2024-06-20,7,0.8700,0.3530,0.2994,0.4016,0.3221,0.0000,1.5007
2024-06-28,2024-06-21,7,0.7200,5.5367,3.3905,8.5760,0.3479,1.4608,16.0850
2024-06-29,2024-06-22,7,0.5800,1.4463,1.0504,3.6605,0.3728,0.1492,7.3150
2024-06-30,2024-06-23,7,0.6200,3.2836,1.1459,5.5059,0.5351,0.2028,10.6075
2024-07-01,2024-06-24,7,0.5800,8.9348,3.9487,12.2025,0.5072,1.7737,22.5553
2024-07-02,2024-06-25,7,2.6600,12.1239,5.5300,17.4550,0.9466,2.6600,31.9265
2024-07-03,2024-06-26,7,15.3300,6.0033,1.6742,10.5021,1.3220,0.4989,19.5215
2024-07-04,2024-06-27,7,35.7400,6.3895,3.1217,12.6035,1.3979,1.3102,23.2707
2024-07-05,2024-06-28,7,41.0400,36.7452,18.6434,57.7605,1.3363,10.0099,103.8377
2024-07-06,2024-06-29,7,17.0300,26.4881,11.8204,38.7043,1.3523,6.1857,69.8385
2024-07-07,2024-06-30,7,16.2900,38.2117,20.8432,57.8621,1.4328,11.2429,104.0190
2024-07-08,2024-07-01,7,22.8200,28.5161,11.7285,40.0671,1.4826,6.1342,72.2700
2024-07-09,2024-07-02,7,15.0200,40.5648,25.4370,58.5490,1.4639,13.8177,105.2445
2024-07-10,2024-07-03,7,5.1600,14.9369,7.4739,21.3836,2.4393,3.7495,38.9358
2024-07-11,2024-07-04,7,1.4400,21.4549,11.9825,37.7557,2.4432,6.2766,68.1461
2024-07-12,2024-07-05,7,1.1500,5.9014,3.2608,9.0339,2.8913,1.3881,16.9020
2024-07-13,2024-07-06,7,1.4100,8.1780,4.6631,9.3341,3.7404,2.1741,17.4376
2024-07-14,2024-07-07,7,1.3400,5.4057,2.6772,7.1815,4.8962,1.0610,13.5970
2024-07-15,2024-07-08,7,2.2600,0.5046,0.4272,5.0899,5.1650,0.0000,9.8653
2024-07-16,2024-07-09,7,1.7100,1.0580,0.4244,4.9085,4.5648,0.0000,9.5417
2024-07-17,2024-07-10,7,1.3200,3.3600,1.7385,6.5294,3.6318,0.5349,12.4336
2024-07-18,2024-07-11,7,1.2400,6.5118,3.4300,9.9280,2.8375,1.4830,18.4972
2024-07-19,2024-07-12,7,1.3500,3.5935,1.8376,5.7328,2.6840,0.5904,11.0123
2024-07-20,2024-07-13,7,1.2900,4.2961,1.6642,6.3235,2.5314,0.4933,12.0662
2024-07-21,2024-07-14,7,1.3600,14.6426,7.4315,15.2828,1.8342,3.7258,28.0510
2024-07-22,2024-07-15,7,1.2900,8.2956,3.8010,10.4400,2.2648,1.6909,19.4107
2024-07-23,2024-07-16,7,1.3100,10.2587,7.3585,13.7741,2.1171,3.6849,25.3593
2024-07-24,2024-07-17,7,1.3400,13.4565,8.9262,18.7539,1.9892,4.5635,34.2440
2024-07-25,2024-07-18,7,1.3100,14.8965,11.5914,20.5288,2.4004,6.0574,37.4107
2024-07-26,2024-07-19,7,1.4900,3.8494,1.8455,6.1548,2.1931,0.5949,11.7653
2024-07-27,2024-07-20,7,1.7400,10.5597,7.0152,15.7389,1.9922,3.4924,28.8648
2024-07-28,2024-07-21,7,1.8900,5.4448,4.2910,11.8525,1.9684,1.9656,21.9308
2024-07-29,2024-07-22,7,1.8700,2.3718,1.0452,3.4080,1.9817,0.1463,6.8645
2024-07-30,2024-07-23,7,1.4600,6.1938,3.3423,13.1274,1.9559,1.4338,24.2054
2024-07-31,2024-07-24,7,4.4700,5.0563,2.9895,9.8266,1.9604,1.2361,18.3163
2024-08-01,2024-07-25,7,8.1000,23.3531,7.6628,37.9229,1.8879,3.8554,68.4444
2024-08-02,2024-07-26,7,4.0700,14.2123,5.1135,19.8754,2.2198,2.4266,36.2449
2024-08-03,2024-07-27,7,1.5000,14.4523,7.1549,25.8643,1.9424,3.5707,46.9300
2024-08-04,2024-07-28,7,1.4000,8.6048,3.9052,15.6937,1.9224,1.7493,28.7841
2024-08-05,2024-07-29,7,1.3500,3.3719,1.9602,8.0340,1.9737,0.6592,15.1180
2024-08-06,2024-07-30,7,1.4900,14.9835,5.4604,19.9125,1.9595,2.6210,36.3111
2024-08-07,2024-07-31,7,1.5900,26.3124,2.2956,45.5090,2.7450,0.8472,81.9792
2024-08-08,2024-08-01,7,2.5700,121.5702,5.1031,228.4142,2.6438,2.4207,408.3100
2024-08-09,2024-08-02,7,3.1400,15.1380,1.9363,23.6030,2.1263,0.6458,42.8955
2024-08-10,2024-08-03,7,11.4400,17.5772,1.9798,24.4587,2.4619,0.6701,44.4222
2024-08-11,2024-08-04,7,20.3300,12.3353,1.4369,16.6591,2.6110,0.3659,30.5065
2024-08-12,2024-08-05,7,24.3300,14.0596,1.6870,16.0909,2.1780,0.5060,29.4928
2024-08-13,2024-08-06,7,17.1500,13.4874,1.6427,20.2963,1.9360,0.4812,36.9959
2024-08-14,2024-08-07,7,10.5900,9.8699,1.5947,17.2559,2.2705,0.4543,31.5713
2024-08-15,2024-08-08,7,6.9900,15.5503,1.7559,21.9940,2.9483,0.5447,40.0248
2024-08-16,2024-08-09,7,4.2300,13.6662,2.0060,20.7448,3.0807,0.6848,37.7961
2024-08-17,2024-08-10,7,4.4900,11.1105,1.7125,18.1326,3.3355,0.5203,33.1355
2024-08-18,2024-08-11,7,5.5000,11.7489,1.8413,17.7432,3.7337,0.5925,32.4407
2024-08-19,2024-08-12,7,6.2600,2.3753,1.9383,6.5990,3.8188,0.6469,12.5578
2024-08-20,2024-08-13,7,9.1700,15.2422,2.1325,24.3615,5.2924,0.7557,44.2488
2024-08-21,2024-08-14,7,7.9400,10.1681,2.1873,17.7928,5.7220,0.7864,32.5292
2024-08-22,2024-08-15,7,6.2200,18.9380,3.1881,26.0176,5.7311,1.3474,47.2035
2024-08-23,2024-08-16,7,4.3000,32.1367,3.4336,51.3038,5.6552,1.4850,92.3180
2024-08-24,2024-08-17,7,3.9600,9.2754,2.4995,14.3366,5.4367,0.9614,26.3628
2024-08-25,2024-08-18,7,4.1800,6.2249,2.5562,8.6344,5.4519,0.9932,16.1892
2024-08-26,2024-08-19,7,6.7900,7.2546,2.6938,12.0483,5.9807,1.0703,22.2802
2024-08-27,2024-08-20,7,6.3800,6.6428,2.7694,10.7582,5.8572,1.1127,19.9784
2024-08-28,2024-08-21,7,8.8200,9.3184,2.7733,14.2980,6.1558,1.1149,26.2940
2024-08-29,2024-08-22,7,17.3300,4.7990,2.6529,7.5532,5.0274,1.0474,14.2602
2024-08-30,2024-08-23,7,20.5500,15.1471,2.7421,23.2715,4.8428,1.0974,42.3041
2024-08-31,2024-08-24,7,13.4900,3.8400,2.2333,5.0650,4.8801,0.8122,9.8209
2024-09-01,2024-08-25,7,7.2800,4.0149,2.2111,4.4950,4.2276,0.7998,8.8039
2024-09-02,2024-08-26,7,6.0700,4.3422,2.3367,5.5526,4.4618,0.8702,10.6908
2024-09-03,2024-08-27,7,6.3200,8.0066,2.3926,10.7061,4.4264,0.9015,19.8855
2024-09-04,2024-08-28,7,5.4200,13.6722,2.4245,18.8246,4.7149,0.9194,34.3701
2024-09-05,2024-08-29,7,6.0300,13.0202,3.1074,17.7159,6.9407,1.3022,32.3920
2024-09-06,2024-08-30,7,11.6500,19.1126,3.5390,27.4580,6.4332,1.5441,49.7734
2024-09-07,2024-08-31,7,8.6000,19.9889,3.2757,25.6612,5.6388,1.3965,46.5677
2024-09-08,2024-09-01,7,6.2600,11.9500,2.9111,16.9451,5.9128,1.1921,31.0168
2024-09-09,2024-09-02,7,5.6200,10.2167,2.9552,12.5709,5.7577,1.2169,23.2126
2024-09-10,2024-09-03,7,5.3200,10.6512,2.6638,12.0168,5.7734,1.0535,22.2240
2024-09-11,2024-09-04,7,11.7800,5.8384,2.5431,6.4988,5.3778,0.9859,12.3790
2024-09-12,2024-09-05,7,117.1800,7.6496,3.0361,8.5863,5.5867,1.2622,16.1034
2024-09-13,2024-09-06,7,99.4600,15.7215,4.2995,20.1819,5.6211,1.9703,36.7918
2024-09-14,2024-09-07,7,68.5000,33.3771,4.7370,58.1848,5.4672,2.2155,104.5947
2024-09-15,2024-09-08,7,39.4000,24.8282,4.8512,28.9167,5.3456,2.2795,52.3760
2024-09-16,2024-09-09,7,28.7600,52.8894,4.7467,113.3923,5.4544,2.2210,203.0934
2024-09-17,2024-09-10,7,26.5700,51.2705,4.6505,103.4625,5.0926,2.1670,185.3771
2024-09-18,2024-09-11,7,25.5800,15.5973,4.2795,20.1573,5.7048,1.9591,36.7479
2024-09-19,2024-09-12,7,24.4200,11.2372,4.4000,14.6417,12.7506,2.0266,26.9072
2024-09-20,2024-09-13,7,23.2100,13.5243,5.9214,19.7435,18.5597,2.8794,36.0096
2024-09-21,2024-09-14,7,22.0300,13.6025,4.9631,19.0537,17.9725,2.3423,34.7789
2024-09-22,2024-09-15,7,20.9000,14.4671,5.2855,17.4925,15.8271,2.5230,31.9934
2024-09-23,2024-09-16,7,19.8300,13.7090,5.4082,15.6349,15.4216,2.5917,28.6792
2024-09-24,2024-09-17,7,18.7900,12.9131,5.3886,14.5460,14.1534,2.5807,26.7364
2024-09-25,2024-09-18,7,18.2900,14.1370,6.6420,15.3410,15.5611,3.2833,28.1548
2024-09-26,2024-09-19,7,17.4100,14.1534,6.6700,17.1086,14.6340,3.2990,31.3085
2024-09-27,2024-09-20,7,40.0400,13.4329,6.5386,16.7713,14.2435,3.2253,30.7067
2024-09-28,2024-09-21,7,47.8000,26.2003,6.2749,49.7968,12.6082,3.0775,89.6293
2024-09-29,2024-09-22,7,37.1300,15.7786,6.2749,23.9245,11.7424,3.0775,43.4691
2024-09-30,2024-09-23,7,19.8100,17.4235,6.3532,33.6002,10.6855,3.1214,60.7321
2024-10-01,2024-09-24,7,14.6900,10.5749,6.5902,20.1502,10.1129,6.5471,20.2710
2024-10-02,2024-09-25,7,13.9900,9.4744,6.5908,15.3712,10.3593,6.5477,15.4647
2024-10-03,2024-09-26,7,13.6000,10.4501,6.5009,21.1916,9.5660,6.4583,21.3183
2024-10-04,2024-09-27,7,13.2100,14.4270,6.5668,17.0040,20.1092,6.5238,17.1068
2024-10-05,2024-09-28,7,12.8200,14.5016,6.3939,15.0780,17.5481,6.3519,15.1698
2024-10-06,2024-09-29,7,12.4400,14.2366,6.3939,14.6225,13.5895,6.3519,14.7117
2024-10-07,2024-09-30,7,12.0800,11.4079,6.5105,11.9230,10.1525,6.4679,11.9968
2024-10-08,2024-10-01,7,11.7300,9.4658,6.3118,11.3541,10.0852,6.2703,11.4246
2024-10-09,2024-10-02,7,11.3600,9.2740,6.1776,10.5405,9.5561,6.1368,10.6064
2024-10-10,2024-10-03,7,11.0100,8.9136,6.0549,10.6781,8.8853,6.0148,10.7448
2024-10-11,2024-10-04,7,10.6600,8.3454,6.0554,10.4077,9.1485,6.0153,10.4728
2024-10-12,2024-10-05,7,10.3200,8.3131,5.9719,10.2905,8.7359,5.9323,10.3550
2024-10-13,2024-10-06,7,9.9900,8.3293,5.8462,9.3766,8.7989,5.8073,9.4358
2024-10-14,2024-10-07,7,9.6700,7.3085,5.8481,9.0534,8.6254,5.8092,9.1108
2024-10-15,2024-10-08,7,9.3500,6.5501,5.8048,8.1702,7.9609,5.7662,8.2226
2024-10-16,2024-10-09,7,9.0300,6.1267,5.8048,8.2093,7.0987,5.7662,8.2619
2024-10-17,2024-10-10,7,8.7300,7.3285,6.2763,8.5860,7.5271,6.2350,8.6407
2024-10-18,2024-10-11,7,8.4500,7.0436,6.2763,8.5916,7.5249,6.2350,8.6464
2024-10-19,2024-10-12,7,8.1600,6.9397,6.2763,8.4985,7.3038,6.2350,8.5527
2024-10-20,2024-10-13,7,7.8900,6.6553,6.2763,8.2834,7.2778,6.2350,8.3364
2024-10-21,2024-10-14,7,7.6400,6.6690,6.2763,8.2272,7.1036,6.2350,8.2799
2024-10-22,2024-10-15,7,7.4000,6.2763,6.2257,7.1745,7.0532,6.1847,7.2212
2024-10-23,2024-10-16,7,7.1800,6.2763,6.2079,7.1385,6.8766,6.1670,7.1850
2024-10-24,2024-10-17,7,6.9600,6.2763,6.2706,7.1570,6.5595,6.2293,7.2036
2024-10-25,2024-10-18,7,6.7500,6.2070,6.1434,6.8668,6.2821,6.1028,6.9117
2024-10-26,2024-10-19,7,6.5500,6.1538,5.9125,6.2070,6.2505,5.8733,6.2482
2024-10-27,2024-10-20,7,6.3600,5.9726,5.7692,6.2144,6.0871,5.7308,6.2556
2024-10-28,2024-10-21,7,6.1800,5.9564,5.6021,6.2086,6.0125,5.5646,6.2498
2024-10-29,2024-10-22,7,6.0200,5.8255,5.3335,5.9272,5.8539,5.2975,5.9668
2024-10-30,2024-10-23,7,5.8600,5.4667,5.1838,5.8760,5.4357,5.1487,5.9153
2024-10-31,2024-10-24,7,5.7000,5.4463,5.1784,5.4646,5.4384,5.1433,5.5015
2024-11-01,2024-10-25,7,5.5400,5.1511,5.0808,5.4774,5.1416,5.0463,5.5144
2024-11-02,2024-10-26,7,5.4000,5.1511,5.0808,5.4797,5.1416,5.0463,5.5167
2024-11-03,2024-10-27,7,5.2600,5.0223,4.8769,5.1360,5.0188,4.8435,5.1710
2024-11-04,2024-10-28,7,5.1300,4.7168,4.6851,4.9988,4.9259,4.6528,5.0331
2024-11-05,2024-10-29,7,5.0000,4.6851,4.4674,5.0095,4.7989,4.4364,5.0438
2024-11-06,2024-10-30,7,4.8900,4.6962,4.4924,4.8195,4.7904,4.4612,4.8527
2024-11-07,2024-10-31,7,4.7800,4.5718,4.2506,4.8125,4.5866,4.2208,4.8457
2024-11-08,2024-11-01,7,4.6800,4.3450,4.2164,4.6868,4.3683,4.1868,4.7193
2024-11-09,2024-11-02,7,4.5800,4.3450,4.2065,4.5534,4.3493,4.1769,4.5851
2024-11-10,2024-11-03,7,4.4800,4.2002,4.1412,4.5618,4.2167,4.1120,4.5936
2024-11-11,2024-11-04,7,4.3900,4.2052,3.9935,4.5623,4.1777,3.9651,4.5941
2024-11-12,2024-11-05,7,4.3000,3.9973,3.9082,4.3014,4.0101,3.8803,4.3317
2024-11-13,2024-11-06,7,4.2200,3.9949,3.9090,4.3173,4.0126,3.8811,4.3477
2024-11-14,2024-11-07,7,4.1300,3.8429,3.7464,4.1053,3.9350,3.7195,4.1345
2024-11-15,2024-11-08,7,4.0500,3.8380,3.5886,3.9866,3.9026,3.5625,4.0151
2024-11-16,2024-11-09,7,3.9700,3.7478,3.5940,3.9864,3.7822,3.5679,4.0149
2024-11-17,2024-11-10,7,3.9000,3.7477,3.3997,4.0001,3.7798,3.3747,4.0286
2024-11-18,2024-11-11,7,3.8400,3.6307,3.3931,3.7942,3.6557,3.3682,3.8216
2024-11-19,2024-11-12,7,3.7700,3.5445,3.4509,3.6948,3.5667,3.4256,3.7216
2024-11-20,2024-11-13,7,3.7100,3.5445,3.4487,3.7027,3.5667,3.4234,3.7296
2024-11-21,2024-11-14,7,3.6500,3.4467,3.3783,3.5791,3.4769,3.3534,3.6052
2024-11-22,2024-11-15,7,3.6000,3.4467,3.4007,3.5842,3.4769,3.3757,3.6104
2024-11-23,2024-11-16,7,3.5500,3.3762,3.2895,3.4868,3.3155,3.2651,3.5124
2024-11-24,2024-11-17,7,3.4900,3.3118,3.2815,3.4711,3.3155,3.2572,3.4966
2024-11-25,2024-11-18,7,3.4300,3.3461,3.1998,3.3782,3.2878,3.1760,3.4032
2024-11-26,2024-11-19,7,3.3800,3.1998,3.1176,3.3739,3.2274,3.0942,3.3989
2024-11-27,2024-11-20,7,3.3300,3.1195,3.0813,3.3390,3.1488,3.0581,3.3638
2024-11-28,2024-11-21,7,3.2800,3.0791,3.0752,3.3390,3.1259,3.0521,3.3638
2024-11-29,2024-11-22,7,3.2300,3.0736,3.0692,3.2569,3.1036,3.0461,3.2812
2024-11-30,2024-11-23,7,3.1900,3.0411,2.9830,3.1835,2.9877,2.9604,3.2074
2024-12-01,2024-11-24,7,3.1400,2.9999,2.9829,3.1627,2.9864,2.9603,3.1865
2024-12-02,2024-11-25,7,3.1000,2.9603,2.9078,3.0926,2.9657,2.8856,3.1160
2024-12-03,2024-11-26,7,3.0600,2.8398,2.8199,3.0951,2.8726,2.7982,3.1185
2024-12-04,2024-11-27,7,3.0100,2.8398,2.7886,2.9644,2.8726,2.7671,2.9870
2024-12-05,2024-11-28,7,2.9700,2.7812,2.7550,2.9116,2.8092,2.7337,2.9339
2024-12-06,2024-11-29,7,2.9300,2.7812,2.7551,2.9157,2.7866,2.7338,2.9381
2024-12-07,2024-11-30,7,2.8900,2.7551,2.6483,2.8489,2.7866,2.6276,2.8709
2024-12-08,2024-12-01,7,2.8500,2.7091,2.6458,2.8327,2.7245,2.6251,2.8546
2024-12-09,2024-12-02,7,2.8100,2.7137,2.5893,2.8395,2.7247,2.5689,2.8614
2024-12-10,2024-12-03,7,2.7800,2.6922,2.6438,2.8530,2.6970,2.6231,2.8750
2024-12-11,2024-12-04,7,2.7500,2.6433,2.6347,2.8734,2.6878,2.6141,2.8955
2024-12-12,2024-12-05,7,2.7200,2.6080,2.5917,2.7167,2.6558,2.5713,2.7379
2024-12-13,2024-12-06,7,2.6900,2.5917,2.5507,2.7198,2.6583,2.5305,2.7410
2024-12-14,2024-12-07,7,2.6500,2.5669,2.5507,2.6703,2.6665,2.5305,2.6913
2024-12-15,2024-12-08,7,2.6200,2.5515,2.5295,2.6212,2.6238,2.5095,2.6419
2024-12-16,2024-12-09,7,2.5900,2.4562,2.4419,2.6211,2.6255,2.4224,2.6418
2024-12-17,2024-12-10,7,2.5700,2.4562,2.4447,2.5816,2.5151,2.4251,2.6021
2024-12-18,2024-12-11,7,2.5400,2.4384,2.4012,2.5896,2.5273,2.3819,2.6101
2024-12-19,2024-12-12,7,2.5100,2.4385,2.3977,2.5557,2.5246,2.3784,2.5760
2024-12-20,2024-12-13,7,2.4800,2.4133,2.3198,2.5070,2.5246,2.3010,2.5270
2024-12-21,2024-12-14,7,2.4500,2.4132,2.3202,2.4887,2.4056,2.3013,2.5086
2024-12-22,2024-12-15,7,2.4200,2.4023,2.3004,2.4434,2.3074,2.2817,2.4631
2024-12-23,2024-12-16,7,2.4100,2.4026,2.2993,2.4499,2.3074,2.2806,2.4696
2024-12-24,2024-12-17,7,2.4100,2.3781,2.2993,2.3910,2.3074,2.2806,2.4104
2024-12-25,2024-12-18,7,2.3600,2.3594,2.2668,2.3700,2.2807,2.2483,2.3892
2024-12-26,2024-12-19,7,2.3300,2.2643,2.2378,2.3673,2.2807,2.2194,2.3865
2024-12-27,2024-12-20,7,2.3100,2.3101,2.2580,2.5027,2.2670,2.2395,2.5227
2024-12-28,2024-12-21,7,2.8300,2.3512,2.3476,2.5493,2.2603,2.3286,2.5696
2024-12-29,2024-12-22,7,2.5300,2.2593,2.1957,2.3362,2.1812,2.1776,2.3552
2024-12-30,2024-12-23,7,2.3700,2.2779,2.1948,2.3642,2.1760,2.1767,2.3834
2024-12-31,2024-12-24,7,2.2300,2.2454,2.1027,2.3118,2.1640,2.0851,2.3307
2025-01-01,2024-12-25,7,2.2000,2.2315,2.0693,2.2956,2.1735,2.0519,2.3144
2025-01-02,2024-12-26,7,2.1800,2.2082,1.9838,2.2244,2.1558,1.9669,2.2428
2025-01-03,2024-12-27,7,2.1700,2.0826,1.9885,2.2125,2.1441,1.9715,2.2308
2025-01-04,2024-12-28,7,2.1500,2.0459,1.9526,2.0740,2.0568,1.9358,2.0916
2025-01-05,2024-12-29,7,2.1400,2.0222,1.9524,2.2398,2.0013,1.9356,2.2583
2025-01-06,2024-12-30,7,2.1300,1.9671,1.9396,2.2355,2.0769,1.9229,2.2540
2025-01-07,2024-12-31,7,2.1200,2.0244,1.9594,2.1581,2.1702,1.9426,2.1761
2025-01-08,2025-01-01,7,2.1000,2.0373,1.9214,2.1764,2.0932,1.9048,2.1945
2025-01-09,2025-01-02,7,2.0900,1.9397,1.9154,2.1756,2.0901,1.8988,2.1937
2025-01-10,2025-01-03,7,2.0800,1.9905,1.8238,2.1929,2.0080,1.8078,2.2111
2025-01-11,2025-01-04,7,2.0600,2.0880,1.8287,2.1381,2.1523,1.8126,2.1560
2025-01-12,2025-01-05,7,2.0900,2.0065,1.9071,2.1396,2.0521,1.8906,2.1575
2025-01-13,2025-01-06,7,2.0800,2.0872,2.0224,2.2222,2.0498,2.0052,2.2406
2025-01-14,2025-01-07,7,2.0500,1.9842,1.9242,1.9935,1.9524,1.9076,2.0106
2025-01-15,2025-01-08,7,2.0200,1.9895,1.8638,1.9985,1.9467,1.8475,2.0156
2025-01-16,2025-01-09,7,2.0600,1.9624,1.8182,1.9945,1.9478,1.8022,2.0116
2025-01-17,2025-01-10,7,2.0400,1.9688,1.8760,1.9977,1.9478,1.8597,2.0148
2025-01-18,2025-01-11,7,2.0100,1.9580,1.8702,1.9883,1.9480,1.8539,2.0054
2025-01-19,2025-01-12,7,1.9800,1.9567,1.8608,1.9976,1.9631,1.8446,2.0147
2025-01-20,2025-01-13,7,1.9600,1.9632,1.8610,1.9999,1.8670,1.8448,2.0170
2025-01-21,2025-01-14,7,1.9500,1.9316,1.8602,2.0102,1.8742,1.8440,2.0274
2025-01-22,2025-01-15,7,1.9300,1.9220,1.8090,1.9882,1.8709,1.7931,2.0053
2025-01-23,2025-01-16,7,1.9300,1.9675,1.8360,2.0420,1.8776,1.8199,2.0594
2025-01-24,2025-01-17,7,1.9200,2.0133,1.8368,2.0344,1.8615,1.8207,2.0517
2025-01-25,2025-01-18,7,1.9000,1.9040,1.8209,1.9499,1.8599,1.8049,1.9667
2025-01-26,2025-01-19,7,1.8900,1.8914,1.8057,1.9842,1.8702,1.7898,2.0012
2025-01-27,2025-01-20,7,1.8800,1.8646,1.8082,1.8828,1.8694,1.7923,1.8993
2025-01-28,2025-01-21,7,1.8600,1.7983,1.7933,1.8544,1.8683,1.7774,1.8707
2025-01-29,2025-01-22,7,1.8500,1.7915,1.7855,1.8273,1.8424,1.7697,1.8434
2025-01-30,2025-01-23,7,1.8400,1.7927,1.7920,1.8303,1.8447,1.7761,1.8465
2025-01-31,2025-01-24,7,1.8200,1.8088,1.7772,1.8732,1.8430,1.7614,1.8896
2025-02-01,2025-01-25,7,1.8100,1.7920,1.7668,1.8287,1.8409,1.7511,1.8449
2025-02-02,2025-01-26,7,1.8100,1.7764,1.7399,1.8055,1.8290,1.7243,1.8215
2025-02-03,2025-01-27,7,1.7900,1.7810,1.7437,1.8159,1.8192,1.7281,1.8320
2025-02-04,2025-01-28,7,1.7800,1.7542,1.6994,1.7697,1.8041,1.6841,1.7855
2025-02-05,2025-01-29,7,1.7700,1.7609,1.6994,1.7769,1.7937,1.6841,1.7928
2025-02-06,2025-01-30,7,1.7500,1.7789,1.7068,1.7865,1.7937,1.6914,1.8024
2025-02-07,2025-01-31,7,1.7200,1.7692,1.6818,1.7755,1.7941,1.6666,1.7913
2025-02-08,2025-02-01,7,1.7200,1.6901,1.6894,1.7673,1.7116,1.6741,1.7831
2025-02-09,2025-02-02,7,1.7000,1.6935,1.6893,1.7481,1.7120,1.6740,1.7638
2025-02-10,2025-02-03,7,1.6800,1.6864,1.6638,1.7260,1.6475,1.6487,1.7416
2025-02-11,2025-02-04,7,1.6700,1.6725,1.6592,1.7252,1.6480,1.6441,1.7408
2025-02-12,2025-02-05,7,1.6500,1.6574,1.5818,1.7212,1.6427,1.5671,1.7367
2025-02-13,2025-02-06,7,1.6300,1.6303,1.5828,1.7149,1.6241,1.5681,1.7304
2025-02-14,2025-02-07,7,1.6200,1.5943,1.5738,1.7006,1.6090,1.5592,1.7160
2025-02-15,2025-02-08,7,1.6000,1.5931,1.5715,1.6959,1.6027,1.5569,1.7113
2025-02-16,2025-02-09,7,1.5800,1.5802,1.5635,1.6424,1.5929,1.5489,1.6575
2025-02-17,2025-02-10,7,1.5700,1.5618,1.5541,1.5703,1.5854,1.5396,1.5850
2025-02-18,2025-02-11,7,1.5600,1.5677,1.5492,1.5693,1.5804,1.5347,1.5840
2025-02-19,2025-02-12,7,1.5500,1.5567,1.5233,1.5654,1.5678,1.5090,1.5800
2025-02-20,2025-02-13,7,1.5500,1.5671,1.5307,1.5736,1.5551,1.5163,1.5883
2025-02-21,2025-02-14,7,1.5500,1.5250,1.5057,1.5602,1.5285,1.4915,1.5748
2025-02-22,2025-02-15,7,1.5300,1.5004,1.4802,1.5342,1.5372,1.4661,1.5487
2025-02-23,2025-02-16,7,1.4900,1.4771,1.4645,1.5334,1.4572,1.4505,1.5479
2025-02-24,2025-02-17,7,1.4800,1.4765,1.4560,1.5334,1.4526,1.4421,1.5479
2025-02-25,2025-02-18,7,1.4600,1.4692,1.4035,1.4954,1.4138,1.3899,1.5096
2025-02-26,2025-02-19,7,1.4400,1.4420,1.4026,1.4649,1.3644,1.3890,1.4790
2025-02-27,2025-02-20,7,1.4300,1.4016,1.3844,1.4202,1.3979,1.3709,1.4340
2025-02-28,2025-02-21,7,1.4300,1.4045,1.3849,1.4221,1.3931,1.3714,1.4359
2025-03-01,2025-02-22,7,1.5700,1.4050,1.3749,1.4065,1.3841,1.3614,1.4202
2025-03-02,2025-02-23,7,1.6600,1.3707,1.3624,1.3879,1.3507,1.3490,1.4015
2025-03-03,2025-02-24,7,1.4800,1.3772,1.3531,1.3882,1.3494,1.3397,1.4018
2025-03-04,2025-02-25,7,1.3700,1.3412,1.3235,1.3724,1.3379,1.3103,1.3859
2025-03-05,2025-02-26,7,1.3500,1.3246,1.3241,1.3818,1.3370,1.3109,1.3954
2025-03-06,2025-02-27,7,1.3300,1.3371,1.3245,1.3879,1.3434,1.3113,1.4015
2025-03-07,2025-02-28,7,1.3200,1.3043,1.3036,1.3198,1.3224,1.2905,1.3330
2025-03-08,2025-03-01,7,1.3100,1.2987,1.2681,1.3846,1.3038,1.2552,1.3982
2025-03-09,2025-03-02,7,1.3000,1.2948,1.2718,1.4456,1.2948,1.2589,1.4596
2025-03-10,2025-03-03,7,1.2800,1.2794,1.2695,1.2929,1.2898,1.2566,1.3060
2025-03-11,2025-03-04,7,1.2600,1.2718,1.2366,1.2773,1.2658,1.2239,1.2903
2025-03-12,2025-03-05,7,1.2500,1.2604,1.2272,1.2726,1.2412,1.2146,1.2856
2025-03-13,2025-03-06,7,1.2500,1.2168,1.1893,1.2467,1.2280,1.1769,1.2595
2025-03-14,2025-03-07,7,1.2400,1.2077,1.2034,1.2550,1.2045,1.1909,1.2679
2025-03-15,2025-03-08,7,1.2200,1.2115,1.1953,1.2642,1.2040,1.1828,1.2771
2025-03-16,2025-03-09,7,1.2300,1.2091,1.1790,1.2474,1.2116,1.1666,1.2602
2025-03-17,2025-03-10,7,1.1900,1.1844,1.1601,1.1906,1.1564,1.1478,1.2031
2025-03-18,2025-03-11,7,1.1700,1.1496,1.1182,1.1870,1.1348,1.1062,1.1995
2025-03-19,2025-03-12,7,1.1600,1.1380,1.1173,1.1482,1.1271,1.1053,1.1605
2025-03-20,2025-03-13,7,1.1400,1.1410,1.1130,1.1449,1.1345,1.1010,1.1571
2025-03-21,2025-03-14,7,1.1200,1.1244,1.1144,1.1404,1.1231,1.1024,1.1526
2025-03-22,2025-03-15,7,1.1100,1.1132,1.1057,1.1396,1.1317,1.0937,1.1518
2025-03-23,2025-03-16,7,1.0900,1.1058,1.0977,1.1097,1.1407,1.0858,1.1217
2025-03-24,2025-03-17,7,1.0800,1.0755,1.0696,1.0901,1.0933,1.0579,1.1020
2025-03-25,2025-03-18,7,1.0700,1.0430,1.0385,1.0652,1.0836,1.0269,1.0770
2025-03-26,2025-03-19,7,1.0600,1.0486,1.0381,1.0630,1.0852,1.0265,1.0748
2025-03-27,2025-03-20,7,1.0500,1.0258,1.0251,1.0298,1.0380,1.0136,1.0414
2025-03-28,2025-03-21,7,1.0300,1.0035,0.9879,1.0067,1.0340,0.9766,1.0182
2025-03-29,2025-03-22,7,1.0100,0.9958,0.9883,1.0067,1.0346,0.9770,1.0182
2025-03-30,2025-03-23,7,0.9900,0.9873,0.9597,1.0043,1.0189,0.9486,1.0157
2025-03-31,2025-03-24,7,0.9800,0.9783,0.9599,0.9881,0.9887,0.9488,0.9995
2025-04-01,2025-03-25,7,0.9800,0.9598,0.9517,0.9705,0.9714,0.9406,0.9818
2025-04-02,2025-03-26,7,0.9700,0.9594,0.9462,0.9705,0.9591,0.9352,0.9818
2025-04-03,2025-03-27,7,0.9500,0.9601,0.9447,0.9706,0.9591,0.9337,0.9819
2025-04-04,2025-03-28,7,0.9400,0.9313,0.9149,0.9370,0.9568,0.9040,0.9481
2025-04-05,2025-03-29,7,0.9200,0.9145,0.9120,0.9188,0.9221,0.9011,0.9298
2025-04-06,2025-03-30,7,0.9000,0.9064,0.8917,0.9164,0.8955,0.8810,0.9273
2025-04-07,2025-03-31,7,0.8900,0.8917,0.8727,0.9036,0.8959,0.8621,0.9145
2025-04-08,2025-04-01,7,0.8800,0.8902,0.8727,0.9043,0.8959,0.8621,0.9152
2025-04-09,2025-04-02,7,0.8800,0.8654,0.8523,0.8896,0.8879,0.8418,0.9004
2025-04-10,2025-04-03,7,0.8800,0.8644,0.8499,0.8749,0.8808,0.8394,0.8856
2025-04-11,2025-04-04,7,0.8700,0.8578,0.8280,0.8651,0.8509,0.8176,0.8757
2025-04-12,2025-04-05,7,0.9400,0.8336,0.8196,0.8726,0.8294,0.8093,0.8833
2025-04-13,2025-04-06,7,0.9400,0.8092,0.8064,0.8283,0.8272,0.7961,0.8387
2025-04-14,2025-04-07,7,0.9000,0.8201,0.7946,0.8327,0.8052,0.7844,0.8432
2025-04-15,2025-04-08,7,0.8200,0.7911,0.7903,0.8288,0.8045,0.7801,0.8392
2025-04-16,2025-04-09,7,0.8000,0.7878,0.7850,0.8021,0.7886,0.7749,0.8124
2025-04-17,2025-04-10,7,0.7900,0.7918,0.7889,0.8138,0.7881,0.7787,0.8242
2025-04-18,2025-04-11,7,0.7800,0.7819,0.7700,0.7876,0.7841,0.7600,0.7978
2025-04-19,2025-04-12,7,0.7700,0.7715,0.7475,0.7953,0.7629,0.7376,0.8056
2025-04-20,2025-04-13,7,0.7600,0.7754,0.7438,0.7949,0.7397,0.7339,0.8051
2025-04-21,2025-04-14,7,0.7500,0.7493,0.7250,0.7676,0.7479,0.7152,0.7777
2025-04-22,2025-04-15,7,0.7400,0.7364,0.7316,0.7470,0.7269,0.7218,0.7570
2025-04-23,2025-04-16,7,0.7300,0.7226,0.7035,0.7266,0.7010,0.6938,0.7365
2025-04-24,2025-04-17,7,0.7200,0.6951,0.6944,0.7090,0.6949,0.6848,0.7188
2025-04-25,2025-04-18,7,0.7100,0.6951,0.6947,0.7004,0.6976,0.6851,0.7101
2025-04-26,2025-04-19,7,0.7100,0.6851,0.6819,0.6997,0.7051,0.6724,0.7094
2025-04-27,2025-04-20,7,0.7200,0.6839,0.6838,0.6851,0.7107,0.6742,0.6947
2025-04-28,2025-04-21,7,0.7100,0.6705,0.6655,0.6828,0.6832,0.6560,0.6924
2025-04-29,2025-04-22,7,0.6900,0.6649,0.6601,0.6661,0.6681,0.6507,0.6756
2025-04-30,2025-04-23,7,0.6800,0.6639,0.6533,0.6646,0.6596,0.6439,0.6741
2025-05-01,2025-04-24,7,0.6700,0.6612,0.6396,0.6676,0.6654,0.6303,0.6771
2025-05-02,2025-04-25,7,0.6700,0.6396,0.6386,0.6519,0.6483,0.6293,0.6613
2025-05-03,2025-04-26,7,0.6700,0.6489,0.6456,0.6565,0.6530,0.6363,0.6660
2025-05-04,2025-04-27,7,0.7200,0.6632,0.6458,0.6712,0.6679,0.6365,0.6807
2025-05-05,2025-04-28,7,0.7200,0.6655,0.6537,0.6731,0.6504,0.6443,0.6827
2025-05-06,2025-04-29,7,0.7200,0.6722,0.6522,0.6933,0.6178,0.6428,0.7030
2025-05-07,2025-04-30,7,0.7300,0.6504,0.6249,0.6519,0.6197,0.6157,0.6613
2025-05-08,2025-05-01,7,0.7000,0.6298,0.6070,0.6316,0.6206,0.5979,0.6409
2025-05-09,2025-05-02,7,0.6400,0.6158,0.5949,0.6222,0.6201,0.5858,0.6315
2025-05-10,2025-05-03,7,0.6500,0.6155,0.5956,0.6196,0.6238,0.5865,0.6288
2025-05-11,2025-05-04,7,0.6400,0.6382,0.6103,0.6529,0.6333,0.6012,0.6623
2025-05-12,2025-05-05,7,0.6200,0.6404,0.6402,0.6538,0.6226,0.6309,0.6632
2025-05-13,2025-05-06,7,0.6100,0.6048,0.5966,0.6434,0.6061,0.5875,0.6528
2025-05-14,2025-05-07,7,0.5900,0.5950,0.5857,0.6423,0.6053,0.5767,0.6517
2025-05-15,2025-05-08,7,0.5800,0.5902,0.5661,0.6258,0.6048,0.5572,0.6351
2025-05-16,2025-05-09,7,0.5800,0.5505,0.5294,0.6074,0.5753,0.5207,0.6166
2025-05-17,2025-05-10,7,0.5700,0.5494,0.5474,0.6085,0.5746,0.5386,0.6177
2025-05-18,2025-05-11,7,0.5700,0.5519,0.5450,0.5955,0.5677,0.5362,0.6046
2025-05-19,2025-05-12,7,0.5700,0.5508,0.5315,0.6037,0.5577,0.5228,0.6129
2025-05-20,2025-05-13,7,0.5700,0.5640,0.5439,0.5979,0.5436,0.5351,0.6070
2025-05-21,2025-05-14,7,0.5600,0.5609,0.5535,0.5757,0.5432,0.5447,0.5847
2025-05-22,2025-05-15,7,0.6200,0.5285,0.5204,0.5290,0.5213,0.5118,0.5377
2025-05-23,2025-05-16,7,0.6000,0.5281,0.5193,0.5430,0.5203,0.5107,0.5518
2025-05-24,2025-05-17,7,0.5700,0.5356,0.5202,0.5398,0.5293,0.5116,0.5486
2025-05-25,2025-05-18,7,0.5700,0.6377,0.5635,0.6457,0.5282,0.5546,0.6551
2025-05-26,2025-05-19,7,0.6900,0.5915,0.5574,0.5958,0.5250,0.5486,0.6049
2025-05-27,2025-05-20,7,0.6600,0.5283,0.5264,0.5287,0.5265,0.5177,0.5374
2025-05-28,2025-05-21,7,0.6700,0.5490,0.5344,0.5532,0.5152,0.5257,0.5621
2025-05-29,2025-05-22,7,0.5500,0.5122,0.4929,0.5576,0.5118,0.4844,0.5665
2025-05-30,2025-05-23,7,0.5300,0.5118,0.4909,0.5528,0.5065,0.4824,0.5617
2025-05-31,2025-05-24,7,0.5200,0.5379,0.5160,0.5393,0.5106,0.5074,0.5481
2025-06-01,2025-05-25,7,0.5000,0.4798,0.4790,0.5222,0.4944,0.0000,1.7158
2025-06-02,2025-05-26,7,0.4800,0.4796,0.4420,0.5652,0.4911,0.0000,1.7926
2025-06-03,2025-05-27,7,0.5300,0.4908,0.4315,0.5539,0.4890,0.0000,1.7724
2025-06-04,2025-05-28,7,0.5500,0.4745,0.4659,0.5480,0.5216,0.0000,1.7619
2025-06-05,2025-05-29,7,0.5400,0.4642,0.4448,0.5033,0.4790,0.0000,1.6821
2025-06-06,2025-05-30,7,0.5100,0.4660,0.4458,0.5037,0.4790,0.0000,1.6828
2025-06-07,2025-05-31,7,0.4800,0.4644,0.4569,0.4859,0.4712,0.0000,1.6511
2025-06-08,2025-06-01,7,0.4700,0.4555,0.4360,0.4750,0.4577,0.0000,1.6316
2025-06-09,2025-06-02,7,0.4700,0.4714,0.4372,0.4810,0.4624,0.0000,1.6423
2025-06-10,2025-06-03,7,0.4600,0.4705,0.4459,0.4889,0.4886,0.0000,1.6564
2025-06-11,2025-06-04,7,0.4400,0.4529,0.4314,0.4736,0.4710,0.0000,1.6291
2025-06-12,2025-06-05,7,0.4400,0.4472,0.4460,0.4748,0.4557,0.0000,1.6313
2025-06-13,2025-06-06,7,0.4400,0.4891,0.4480,0.4898,0.4527,0.0000,1.6580
2025-06-14,2025-06-07,7,0.4400,0.5972,0.4986,0.6964,0.4548,0.0000,2.0266
2025-06-15,2025-06-08,7,0.4800,0.5525,0.4222,0.6064,0.4584,0.0000,1.8661
2025-06-16,2025-06-09,7,2.9200,0.4889,0.4092,0.4964,0.4599,0.0000,1.6698
2025-06-17,2025-06-10,7,1.6000,0.5181,0.4263,0.5608,0.4649,0.0000,1.7847
2025-06-18,2025-06-11,7,1.2700,0.4924,0.4352,0.5192,0.4535,0.0000,1.7105
2025-06-19,2025-06-12,7,0.6600,0.4823,0.4203,0.5550,0.4541,0.0000,1.7744
2025-06-20,2025-06-13,7,0.9900,0.5655,0.5408,1.2957,0.4417,0.0000,3.0959
2025-06-21,2025-06-14,7,1.0400,0.6988,0.6318,1.5871,0.4400,0.0000,3.6158
2025-06-22,2025-06-15,7,0.7300,0.5282,0.4228,0.8049,0.4606,0.0000,2.2202
2025-06-23,2025-06-16,7,0.7900,9.0658,5.0067,10.6430,0.5537,2.3667,19.7729
2025-06-24,2025-06-17,7,0.8000,8.7249,3.8507,11.6545,0.5537,1.7188,21.5776
2025-06-25,2025-06-18,7,0.6800,4.2943,1.7337,6.9402,0.6743,0.5322,13.1665
2025-06-26,2025-06-19,7,0.6900,3.7007,1.7785,8.3335,1.0929,0.5573,15.6524
2025-06-27,2025-06-20,7,0.9800,1.1276,0.5767,2.4713,0.9822,0.0000,5.1933
2025-06-28,2025-06-21,7,0.6300,3.5199,1.9371,7.4079,1.2197,0.6462,14.0010
2025-06-29,2025-06-22,7,3.0100,1.5851,0.9401,4.4400,1.2697,0.0874,8.7058
2025-06-30,2025-06-23,7,9.7400,6.9028,3.8417,10.5343,1.4213,1.7137,19.5790
2025-07-01,2025-06-24,7,11.0300,9.7908,5.7301,15.6255,1.4792,2.7722,28.6624
2025-07-02,2025-06-25,7,6.5200,9.5591,8.4383,20.0118,1.4339,4.2901,36.4883
2025-07-03,2025-06-26,7,2.0100,1.2053,0.7183,2.7677,1.3419,0.0000,5.7222
2025-07-04,2025-06-27,7,2.3500,0.9310,0.6557,2.2334,1.4599,0.0000,4.7689
2025-07-05,2025-06-28,7,2.3400,3.9919,1.9571,7.9500,1.4915,0.6574,14.9682
2025-07-06,2025-06-29,7,1.0800,4.8862,2.3948,9.3228,1.6476,0.9028,17.4175
2025-07-07,2025-06-30,7,0.7900,0.5980,0.5479,3.9075,2.9054,0.0000,7.7557
2025-07-08,2025-07-01,7,2.3500,0.6662,0.4582,4.4337,1.9677,0.0000,8.6946
2025-07-09,2025-07-02,7,12.7800,0.5116,0.4562,3.5624,2.0549,0.0000,7.1400
2025-07-10,2025-07-03,7,10.2600,11.5918,5.8408,13.1529,1.7757,2.8342,24.2509
2025-07-11,2025-07-04,7,6.7400,10.2934,5.3276,13.0333,2.0814,2.5466,24.0376
2025-07-12,2025-07-05,7,8.9400,2.5381,0.8917,3.5923,1.7145,0.0603,7.1934
2025-07-13,2025-07-06,7,8.6200,5.1569,2.3699,7.8643,1.5595,0.8888,14.8153
2025-07-14,2025-07-07,7,7.7300,5.6496,2.2635,8.3098,1.7830,0.8292,15.6101
2025-07-15,2025-07-08,7,5.5800,4.3184,1.7645,7.5607,2.2526,0.5495,14.2736
2025-07-16,2025-07-09,7,4.4500,4.2320,1.6490,7.7431,3.1010,0.4847,14.5990
2025-07-17,2025-07-10,7,4.4000,4.9480,2.5235,8.5928,3.1330,0.9749,16.1150
2025-07-18,2025-07-11,7,3.1500,10.4466,6.8923,17.3065,3.8095,3.4236,31.6616
2025-07-19,2025-07-12,7,0.9800,6.2251,3.4669,10.5186,4.0678,1.5037,19.5509
2025-07-20,2025-07-13,7,0.5300,0.9453,0.6271,5.0184,3.8695,0.0000,9.7377
2025-07-21,2025-07-14,7,0.5200,17.4659,8.8054,31.7843,3.7652,4.4958,57.4922
2025-07-22,2025-07-15,7,0.5300,34.6265,12.4603,66.0885,5.1973,6.5444,118.6961
2025-07-23,2025-07-16,7,0.5600,13.7778,5.5407,21.7358,5.0291,2.6660,39.5641
2025-07-24,2025-07-17,7,0.5700,11.5297,3.5935,14.0987,4.7973,1.5746,25.9384
2025-07-25,2025-07-18,7,0.5800,2.9321,1.5588,5.1444,3.3640,0.4342,9.9625
2025-07-26,2025-07-19,7,0.5600,1.5643,1.5483,4.5275,2.0769,0.4283,8.8619
2025-07-27,2025-07-20,7,0.5800,4.6578,1.8991,7.6401,1.8596,0.6249,14.4153
2025-07-28,2025-07-21,7,0.7000,3.4649,1.7288,5.8782,2.0574,0.5295,11.2718
2025-07-29,2025-07-22,7,0.6700,3.3286,1.7457,6.2947,2.0642,0.5389,12.0149
2025-07-30,2025-07-23,7,1.0800,4.2714,2.3889,8.2712,2.1359,0.8994,15.5412
2025-07-31,2025-07-24,7,8.4900,9.6323,3.9896,13.3525,2.1787,1.7966,24.6071
2025-08-01,2025-07-25,7,13.8400,7.1782,3.5734,11.3376,2.1521,1.5633,21.0122
2025-08-02,2025-07-26,7,8.4200,6.6118,3.3023,10.1073,2.5436,1.4114,18.8171
2025-08-03,2025-07-27,7,5.8600,8.8087,4.1175,12.5709,2.5028,1.8683,23.2126
2025-08-04,2025-07-28,7,13.2400,10.9336,5.8471,15.6017,2.1838,2.8377,28.6200
2025-08-05,2025-07-29,7,70.9800,14.6013,9.4676,21.5994,2.1836,4.8670,39.3208
2025-08-06,2025-07-30,7,55.6700,40.9046,24.1233,66.0321,2.1481,13.0814,118.5955
2025-08-07,2025-07-31,7,25.7200,22.5307,10.9974,42.8702,3.1159,5.7244,77.2711
2025-08-08,2025-08-01,7,17.3500,2.8026,1.4270,6.5938,3.0412,0.3603,12.5485
2025-08-09,2025-08-02,7,52.0700,72.3631,22.0849,144.2666,3.6575,11.9389,258.1778
2025-08-10,2025-08-03,7,28.4800,44.5701,10.3206,73.4120,3.2297,5.3451,131.7624
2025-08-11,2025-08-04,7,18.1400,24.5824,7.9789,34.4627,4.9676,4.0326,62.2709
2025-08-12,2025-08-05,7,11.9900,18.6203,6.7697,27.7458,6.3541,3.3548,50.2869
2025-08-13,2025-08-06,7,9.6900,14.3316,5.6901,22.6601,6.0974,2.7497,41.2132
2025-08-14,2025-08-07,7,111.4400,12.6703,5.8246,16.6440,7.2129,2.8251,30.4796
2025-08-15,2025-08-08,7,81.3700,10.0891,5.7827,15.2414,7.4248,2.8016,27.9771
2025-08-16,2025-08-09,7,48.4600,15.7721,6.9278,20.3938,9.9260,3.4435,37.1698
2025-08-17,2025-08-10,7,15.0900,15.7183,6.4421,19.3575,9.1645,3.1712,35.3209
2025-08-18,2025-08-11,7,10.9800,20.5718,9.0184,28.8591,8.5626,4.6152,52.2732
2025-08-19,2025-08-12,7,11.0000,16.7889,8.7004,28.0390,8.6088,4.4370,50.8100
2025-08-20,2025-08-13,7,11.4500,14.1113,7.2820,21.2836,6.8939,3.6420,38.7574
2025-08-21,2025-08-14,7,11.2100,15.1976,9.7942,20.7649,19.8064,5.0500,37.8319
2025-08-22,2025-08-15,7,13.2000,19.4346,11.7694,26.9907,17.3797,6.1571,48.9397
2025-08-23,2025-08-16,7,12.1700,14.4955,9.5699,21.2512,11.6270,4.9243,38.6995
2025-08-24,2025-08-17,7,10.9600,16.1073,10.0856,22.4091,10.9561,5.2134,40.7654
2025-08-25,2025-08-18,7,13.4500,16.6652,11.7716,26.7921,10.7330,6.1584,48.5854
2025-08-26,2025-08-19,7,16.4500,29.4076,12.3898,51.4022,11.3580,6.5048,92.4935
2025-08-27,2025-08-20,7,16.6900,20.6912,9.6048,34.3332,10.7918,4.9439,62.0398
2025-08-28,2025-08-21,7,14.2500,15.6341,8.9064,23.5901,11.7867,4.5524,42.8725
2025-08-29,2025-08-22,7,13.5600,12.9124,6.0471,16.9002,13.5189,2.9498,30.9367
2025-08-30,2025-08-23,7,14.0800,20.6336,10.4142,35.4465,11.3215,5.3975,64.0261
2025-08-31,2025-08-24,7,14.5100,21.4573,9.9597,32.1749,10.8901,5.1428,58.1891
2025-09-01,2025-08-25,7,30.9000,26.6014,12.0746,44.5143,15.3889,6.3282,80.2045
2025-09-02,2025-08-26,7,49.8300,54.2149,11.2914,93.9556,16.6764,5.8892,168.4153
2025-09-03,2025-08-27,7,58.6600,53.3856,11.3964,94.1913,13.3609,5.9481,168.8358
2025-09-04,2025-08-28,7,52.6700,29.9494,6.5083,54.6502,12.0406,3.2083,98.2885
2025-09-05,2025-08-29,7,39.8500,34.4752,6.6544,54.7017,13.0713,3.2902,98.3804
2025-09-06,2025-08-30,7,35.7400,29.9690,6.6544,44.5098,14.2826,3.2902,80.1964
2025-09-07,2025-08-31,7,33.0900,30.2083,6.6544,48.4581,16.4345,3.2902,87.2408
2025-09-08,2025-09-01,7,35.4000,32.5552,6.6544,42.6451,27.4602,3.2902,76.8695
2025-09-09,2025-09-02,7,31.7800,29.7424,6.2763,35.5516,35.7458,3.0783,64.2136
2025-09-10,2025-09-03,7,28.4400,30.3790,6.2763,34.9818,33.2737,3.0783,63.1970
2025-09-11,2025-09-04,7,24.6400,27.2242,6.2763,32.1191,25.8051,3.0783,58.0895
2025-09-12,2025-09-05,7,23.2600,23.1605,6.2763,27.7726,25.9125,3.0783,50.3347
2025-09-13,2025-09-06,7,22.2500,23.2193,6.2763,25.2083,26.0858,3.0783,45.7596
2025-09-14,2025-09-07,7,21.2500,21.3760,6.2763,26.9547,24.3927,3.0783,48.8755
2025-09-15,2025-09-08,7,20.3400,22.8221,6.2763,28.1384,21.8908,3.0783,50.9874
2025-09-16,2025-09-09,7,19.4800,26.0067,6.2763,28.4476,19.6413,3.0783,51.5390
2025-09-17,2025-09-10,7,19.1300,21.8488,6.2763,26.1101,18.0408,3.0783,47.3686
2025-09-18,2025-09-11,7,20.3700,17.4258,6.2763,19.6933,17.6778,3.0783,35.9200
2025-09-19,2025-09-12,7,18.4800,17.3115,6.2763,20.6988,15.9479,3.0783,37.7140
2025-09-20,2025-09-13,7,16.5900,18.2524,6.2763,23.9247,16.0782,3.0783,43.4695
2025-09-21,2025-09-14,7,15.4700,14.7645,6.2763,17.4930,14.9554,3.0783,31.9943
2025-09-22,2025-09-15,7,14.6800,13.3133,6.2763,15.5416,14.1940,3.0783,28.5127
2025-09-23,2025-09-16,7,14.0300,13.4824,6.2763,15.1943,14.4107,3.0783,27.8931
2025-09-24,2025-09-17,7,13.4300,13.3481,6.2763,15.0118,14.4610,3.0783,27.5675
2025-09-25,2025-09-18,7,12.8700,13.0493,6.2763,14.2109,13.1111,3.0783,26.1386
2025-09-26,2025-09-19,7,12.3300,12.7874,6.2763,13.3122,12.8712,3.0783,24.5352
2025-09-27,2025-09-20,7,11.8300,12.0479,6.2763,12.4742,11.8013,3.0783,23.0400
2025-09-28,2025-09-21,7,11.3400,11.3094,6.2763,11.7019,11.1058,3.0783,21.6621
2025-09-29,2025-09-22,7,10.8900,10.7858,6.2763,11.6903,10.4500,3.0783,21.6414
2025-09-30,2025-09-23,7,10.6500,11.0067,6.2763,11.8149,9.7616,3.0783,21.8637
2025-10-01,2025-09-24,7,10.1600,10.6448,6.2763,11.5133,9.5257,6.2350,11.5847
2025-10-02,2025-09-25,7,10.9200,11.0090,6.2763,13.1644,9.3439,6.2350,13.2453
2025-10-03,2025-09-26,7,10.1300,10.9096,6.2763,11.9904,9.3263,6.2350,12.0646
2025-10-04,2025-09-27,7,9.4200,9.3738,6.2763,10.0569,8.7883,6.2350,10.1200
2025-10-05,2025-09-28,7,8.7400,8.5453,6.2763,9.5974,8.0812,6.2350,9.6579
2025-10-06,2025-09-29,7,8.4400,8.4643,6.2763,9.6954,8.0700,6.2350,9.7565
2025-10-07,2025-09-30,7,8.3600,8.2376,6.2763,9.3400,8.2241,6.2350,9.3990
2025-10-08,2025-10-01,7,7.9000,7.9972,6.2763,8.5903,7.6828,6.2350,8.6451
2025-10-09,2025-10-02,7,8.4400,7.4344,6.2763,8.2799,7.8171,6.2350,8.3329
2025-10-10,2025-10-03,7,7.5200,7.0629,6.2763,8.1061,7.2908,6.2350,8.1581
2025-10-11,2025-10-04,7,7.0700,7.0338,6.2763,7.5203,7.0336,6.2350,7.5689
2025-10-12,2025-10-05,7,6.8300,6.4471,6.2763,7.4029,6.8466,6.2350,7.4509
2025-10-13,2025-10-06,7,6.6100,6.2512,6.1852,6.8164,6.6259,6.1444,6.8610
2025-10-14,2025-10-07,7,6.4100,6.2434,6.1852,6.4044,6.5412,6.1444,6.4467
2025-10-15,2025-10-08,7,6.2100,6.3109,5.9551,6.6163,6.6654,5.9156,6.6598
2025-10-16,2025-10-09,7,6.0200,5.9551,5.7633,6.7519,6.7230,5.7249,6.7962
2025-10-17,2025-10-10,7,5.8400,5.9054,5.8144,6.3374,5.8123,5.7757,6.3793
2025-10-18,2025-10-11,7,5.6700,5.7422,5.4592,6.1628,5.6580,5.4225,6.2037
2025-10-19,2025-10-12,7,5.5000,5.4734,5.4098,5.5334,5.4267,5.3734,5.5707
2025-10-20,2025-10-13,7,5.3400,5.5376,5.1780,5.6225,5.2414,5.1429,5.6603
2025-10-21,2025-10-14,7,5.1900,5.3232,5.0668,5.3759,5.1381,5.0324,5.4123
2025-10-22,2025-10-15,7,5.0400,5.0662,4.9901,5.2887,5.1461,4.9561,5.3246
2025-10-23,2025-10-16,7,4.9000,4.8590,4.7153,4.9380,4.9334,4.6829,4.9719
2025-10-24,2025-10-17,7,4.7600,4.8603,4.6950,4.9285,4.9506,4.6627,4.9624
2025-10-25,2025-10-18,7,4.6400,4.6568,4.5379,4.7600,4.5903,4.5065,4.7929
2025-10-26,2025-10-19,7,4.5100,4.5214,4.3152,4.5289,4.3863,4.2850,4.5605
2025-10-27,2025-10-20,7,4.4100,4.3762,4.3131,4.4195,4.3382,4.2829,4.4504
2025-10-28,2025-10-21,7,4.3500,4.3873,4.1792,4.3886,4.1694,4.1498,4.4194
2025-10-29,2025-10-22,7,4.2200,4.3461,4.1829,4.4036,4.1830,4.1535,4.4345
2025-10-30,2025-10-23,7,4.1800,4.2971,4.1067,4.3550,4.0241,4.0777,4.3856
2025-10-31,2025-10-24,7,4.0800,4.1244,3.8627,4.1618,3.8845,3.8351,4.1913
2025-11-01,2025-10-25,7,3.9800,3.8001,3.7552,3.9366,3.7732,3.7282,3.9648
2025-11-02,2025-10-26,7,3.8800,3.7373,3.7250,3.9744,3.7668,3.6982,4.0028
2025-11-03,2025-10-27,7,3.8000,3.7246,3.6194,3.9953,3.7637,3.5932,4.0238
2025-11-04,2025-10-28,7,3.7400,3.6898,3.6178,3.7902,3.7275,3.5916,3.8176
2025-11-05,2025-10-29,7,3.6700,3.6786,3.5309,3.7205,3.6259,3.5052,3.7475
2025-11-06,2025-10-30,7,3.6000,3.5329,3.4606,3.6091,3.5912,3.4353,3.6354
2025-11-07,2025-10-31,7,3.5200,3.4488,3.4350,3.5258,3.5289,3.4098,3.5516
2025-11-08,2025-11-01,7,3.4700,3.3931,3.2806,3.4418,3.3542,3.2563,3.4672
2025-11-09,2025-11-02,7,3.4000,3.3847,3.2699,3.4592,3.2909,3.2457,3.4847
2025-11-10,2025-11-03,7,3.3400,3.2340,3.1944,3.4609,3.2055,3.1706,3.4864
2025-11-11,2025-11-04,7,3.2800,3.2391,3.1951,3.3565,3.2070,3.1713,3.3814
2025-11-12,2025-11-05,7,3.2300,3.0837,3.0712,3.2496,3.1649,3.0481,3.2739
2025-11-13,2025-11-06,7,3.1700,3.1016,3.0720,3.1849,3.1085,3.0489,3.2088
2025-11-14,2025-11-07,7,3.1200,3.0903,2.9771,3.1847,3.1131,2.9545,3.2086
2025-11-15,2025-11-08,7,3.0700,3.0394,2.9771,3.0807,3.1166,2.9545,3.1040
2025-11-16,2025-11-09,7,3.0200,3.0375,2.9546,3.0590,3.1265,2.9321,3.0822
2025-11-17,2025-11-10,7,2.9800,3.0429,2.8408,3.0664,2.9630,2.8190,3.0896
2025-11-18,2025-11-11,7,2.9400,2.9040,2.7589,2.9066,2.9003,2.7376,2.9289
2025-11-19,2025-11-12,7,2.8900,2.8492,2.7511,2.9268,2.8585,2.7298,2.9492
2025-11-20,2025-11-13,7,2.8400,2.7866,2.7094,2.7907,2.8162,2.6883,2.8123
2025-11-21,2025-11-14,7,2.8000,2.7913,2.7094,2.8098,2.8074,2.6883,2.8316
2025-11-22,2025-11-15,7,2.7600,2.6810,2.6688,2.7715,2.6990,2.6480,2.7930
2025-11-23,2025-11-16,7,2.7100,2.7119,2.6002,2.7129,2.6738,2.5798,2.7341
2025-11-24,2025-11-17,7,2.6700,2.7050,2.5988,2.7228,2.6977,2.5784,2.7441
2025-11-25,2025-11-18,7,2.6400,2.6489,2.5417,2.7369,2.6154,2.5216,2.7582
2025-11-26,2025-11-19,7,2.6000,2.5985,2.5417,2.6041,2.6106,2.5216,2.6247
2025-11-27,2025-11-20,7,2.5700,2.5197,2.4806,2.5480,2.5970,2.4608,2.5683
2025-11-28,2025-11-21,7,2.5400,2.4805,2.4460,2.5480,2.5689,2.4264,2.5683
2025-11-29,2025-11-22,7,2.5000,2.4743,2.3924,2.4974,2.4656,2.3731,2.5174
2025-11-30,2025-11-23,7,2.4700,2.3924,2.3745,2.4963,2.4790,2.3553,2.5163
2025-12-01,2025-11-24,7,2.4400,2.3711,2.3126,2.4218,2.4437,2.2938,2.4413
2025-12-02,2025-11-25,7,2.4100,2.3715,2.3132,2.3796,2.4452,2.2944,2.3989
2025-12-03,2025-11-26,7,2.3800,2.3724,2.2925,2.3790,2.3670,2.2738,2.3983
2025-12-04,2025-11-27,7,2.3600,2.3664,2.2925,2.3829,2.2841,2.2738,2.4022
2025-12-05,2025-11-28,7,2.3300,2.3345,2.2580,2.3829,2.2591,2.2395,2.4022
2025-12-06,2025-11-29,7,2.3100,2.3220,2.2588,2.3549,2.2636,2.2403,2.3741
2025-12-07,2025-11-30,7,2.2800,2.2338,2.1948,2.3245,2.2553,2.1767,2.3435
2025-12-08,2025-12-01,7,2.2600,2.2341,2.1948,2.2453,2.2421,2.1767,2.2638
2025-12-09,2025-12-02,7,2.2400,2.2345,2.1662,2.2440,2.2554,2.1482,2.2625
2025-12-10,2025-12-03,7,2.2200,2.2094,2.1338,2.2427,2.1537,2.1160,2.2612
2025-12-11,2025-12-04,7,2.1900,2.2052,2.1367,2.2493,2.1537,2.1189,2.2679
2025-12-12,2025-12-05,7,2.1700,2.1689,2.0486,2.1729,2.1488,2.0313,2.1910
2025-12-13,2025-12-06,7,2.1600,2.1697,2.0486,2.1739,2.1478,2.0313,2.1920
2025-12-14,2025-12-07,7,2.1400,2.0624,2.0442,2.1016,2.1233,2.0269,2.1193
2025-12-15,2025-12-08,7,2.1200,2.0624,2.0310,2.1016,2.1039,2.0138,2.1193
2025-12-16,2025-12-09,7,2.0900,2.0652,2.0313,2.1016,2.1049,2.0141,2.1193
2025-12-17,2025-12-10,7,2.0800,2.0634,2.0285,2.0756,2.1049,2.0113,2.0932
2025-12-18,2025-12-11,7,2.0700,2.0551,1.9866,2.0701,2.1047,1.9696,2.0876
2025-12-19,2025-12-12,7,2.0500,1.9562,1.9528,2.0753,2.0075,1.9360,2.0929
2025-12-20,2025-12-13,7,2.0400,1.9562,1.9528,2.0083,2.0075,1.9360,2.0255
2025-12-21,2025-12-14,7,2.0300,1.9601,1.9543,2.0155,2.0092,1.9375,2.0327
2025-12-22,2025-12-15,7,2.0200,1.9687,1.9233,1.9947,2.0144,1.9067,2.0118
2025-12-23,2025-12-16,7,2.0000,1.9703,1.8767,1.9964,1.9225,1.8604,2.0135
2025-12-24,2025-12-17,7,1.9900,1.9734,1.8777,1.9993,1.9243,1.8614,2.0164
2025-12-25,2025-12-18,7,1.9800,1.9276,1.8777,1.9684,1.9248,1.8614,1.9853
2025-12-26,2025-12-19,7,1.9800,1.9276,1.8649,1.9701,1.9248,1.8486,1.9871
2025-12-27,2025-12-20,7,1.9700,1.9230,1.8653,1.9282,1.9319,1.8490,1.9449
2025-12-28,2025-12-21,7,1.9600,1.9217,1.8706,1.9282,1.9319,1.8543,1.9449
2025-12-29,2025-12-22,7,1.9400,1.8921,1.8225,1.9343,1.8305,1.8065,1.9511
2025-12-30,2025-12-23,7,1.9300,1.8979,1.8225,1.9618,1.8495,1.8065,1.9787
2025-12-31,2025-12-24,7,1.9300,1.8979,1.8089,1.9797,1.8591,1.7930,1.9967
2026-01-01,2025-12-25,7,1.9200,1.8963,1.8100,1.9840,1.8591,1.7940,2.0010
2026-01-02,2025-12-26,7,1.9100,1.8966,1.8099,1.8980,1.8488,1.7939,1.9145
2026-01-03,2025-12-27,7,1.9000,1.7990,1.7485,1.8720,1.8487,1.7329,1.8884
2026-01-04,2025-12-28,7,1.8900,1.8281,1.7671,1.9743,1.8513,1.7514,1.9913
2026-01-05,2025-12-29,7,1.8900,1.8098,1.7503,1.8973,1.8489,1.7347,1.9138
2026-01-06,2025-12-30,7,1.8800,1.8162,1.7503,1.8967,1.8498,1.7347,1.9132
2026-01-07,2025-12-31,7,1.8700,1.8266,1.7516,1.8976,1.8506,1.7360,1.9141
2026-01-08,2026-01-01,7,1.8500,1.8306,1.7262,1.8991,1.8547,1.7107,1.9157
2026-01-09,2026-01-02,7,1.8500,1.8419,1.7262,1.8998,1.8707,1.7107,1.9164
2026-01-10,2026-01-03,7,1.8400,1.8405,1.7267,1.8706,1.8738,1.7112,1.8870
2026-01-11,2026-01-04,7,1.8300,1.8347,1.7003,1.8726,1.8667,1.6850,1.8890
2026-01-12,2026-01-05,7,1.8300,1.8384,1.7598,1.8724,1.8669,1.7441,1.8888
2026-01-13,2026-01-06,7,1.8200,1.8384,1.7575,1.8724,1.8563,1.7418,1.8888
2026-01-14,2026-01-07,7,1.8100,1.8183,1.7575,1.8383,1.8524,1.7418,1.8545
2026-01-15,2026-01-08,7,1.8000,1.8193,1.7174,1.8302,1.8967,1.7020,1.8464
2026-01-16,2026-01-09,7,1.7900,1.8184,1.7166,1.8349,1.9422,1.7012,1.8511
2026-01-17,2026-01-10,7,1.7900,1.8182,1.7227,1.8346,1.9422,1.7072,1.8508
2026-01-18,2026-01-11,7,1.7800,1.7446,1.7150,1.8159,1.8574,1.6996,1.8320
2026-01-19,2026-01-12,7,1.7800,1.7472,1.7150,1.7933,1.8571,1.6996,1.8092
2026-01-20,2026-01-13,7,1.7600,1.7447,1.6953,1.7869,1.7690,1.6800,1.8028
2026-01-21,2026-01-14,7,1.7500,1.7447,1.6953,1.7881,1.7301,1.6800,1.8040
2026-01-22,2026-01-15,7,1.7400,1.6955,1.6552,1.7883,1.7301,1.6401,1.8042
2026-01-23,2026-01-16,7,1.9300,1.8034,1.7332,1.9959,1.7202,1.7177,2.0130
2026-01-24,2026-01-17,7,2.0400,1.7855,1.7351,1.9310,1.7137,1.7196,1.9477
2026-01-25,2026-01-18,7,1.9000,1.8576,1.8119,1.9918,1.6657,1.7959,2.0089
2026-01-26,2026-01-19,7,1.7600,1.6837,1.6554,1.7600,1.6657,1.6403,1.7758
2026-01-27,2026-01-20,7,1.9000,1.9600,1.7758,2.4666,1.6613,1.7600,2.4864
2026-01-28,2026-01-21,7,2.1500,1.8087,1.7758,1.9880,1.6598,1.7600,2.0051
2026-01-29,2026-01-22,7,1.9000,1.8210,1.7369,2.1408,1.6225,1.7214,2.1587
2026-01-30,2026-01-23,7,1.7300,1.7039,1.6532,2.0114,1.6395,1.6381,2.0286
2026-01-31,2026-01-24,7,1.6500,1.6581,1.6050,1.7850,1.6282,1.5902,1.8009
2026-02-01,2026-01-25,7,1.6500,1.6079,1.5747,1.9041,1.6210,1.5601,1.9207
2026-02-02,2026-01-26,7,1.6500,1.7436,1.6270,2.4047,1.6881,1.6121,2.4241
2026-02-03,2026-01-27,7,1.6400,1.6107,1.6105,1.6298,1.6852,1.5957,1.6448
2026-02-04,2026-01-28,7,1.6300,1.6827,1.6341,1.7646,1.6548,1.6191,1.7804
2026-02-05,2026-01-29,7,1.6000,1.6545,1.6102,1.8226,1.5821,1.5954,1.8387
2026-02-06,2026-01-30,7,1.6000,1.6576,1.5848,1.6837,1.6625,1.5701,1.6990
2026-02-07,2026-01-31,7,1.6000,1.5461,1.5267,1.6882,1.6670,1.5124,1.7035
2026-02-08,2026-02-01,7,1.5900,1.5400,1.5336,1.6146,1.6794,1.5192,1.6295
2026-02-09,2026-02-02,7,1.5700,1.5536,1.5266,1.5757,1.6036,1.5123,1.5904
2026-02-10,2026-02-03,7,1.5600,1.5404,1.5304,1.5689,1.5939,1.5160,1.5836
2026-02-11,2026-02-04,7,1.5500,1.5642,1.5369,1.5754,1.6026,1.5225,1.5901
2026-02-12,2026-02-05,7,1.5400,1.5316,1.4982,1.5615,1.6003,1.4840,1.5761
2026-02-13,2026-02-06,7,1.5300,1.5216,1.4977,1.5598,1.6062,1.4835,1.5744
2026-02-14,2026-02-07,7,1.5200,1.5020,1.4939,1.5610,1.5959,1.4797,1.5756
2026-02-15,2026-02-08,7,1.5100,1.4928,1.4868,1.5083,1.5095,1.4727,1.5226
2026-02-16,2026-02-09,7,1.4900,1.4830,1.4820,1.5123,1.5100,1.4679,1.5266
2026-02-17,2026-02-10,7,1.4800,1.4338,1.4199,1.4934,1.5059,1.4062,1.5076
2026-02-18,2026-02-11,7,1.4600,1.4333,1.4221,1.4543,1.5088,1.4083,1.4683
2026-02-19,2026-02-12,7,1.4400,1.4200,1.4173,1.4431,1.4196,1.4036,1.4570
2026-02-20,2026-02-13,7,1.4400,1.4128,1.4038,1.4253,1.4137,1.3902,1.4391
2026-02-21,2026-02-14,7,1.4200,1.4128,1.3887,1.4242,1.4071,1.3751,1.4380
2026-02-22,2026-02-15,7,1.4100,1.4024,1.3875,1.4224,1.4059,1.3739,1.4362
2026-02-23,2026-02-16,7,1.3900,1.3964,1.3729,1.4113,1.4001,1.3594,1.4251
2026-02-24,2026-02-17,7,1.3700,1.3954,1.3708,1.3970,1.3979,1.3573,1.4107
2026-02-25,2026-02-18,7,1.3500,1.3590,1.3396,1.3964,1.3979,1.3263,1.4101
2026-02-26,2026-02-19,7,1.3300,1.3589,1.3290,1.3847,1.3911,1.3158,1.3983
2026-02-27,2026-02-20,7,1.3200,1.3283,1.3103,1.3382,1.3249,1.2972,1.3516
2026-02-28,2026-02-21,7,1.3100,1.3158,1.3086,1.3360,1.3169,1.2955,1.3493
2026-03-01,2026-02-22,7,1.2900,1.3086,1.2941,1.3337,1.3179,1.2811,1.3470
2026-03-02,2026-02-23,7,1.2700,1.2939,1.2464,1.3046,1.3159,1.2336,1.3178
2026-03-03,2026-02-24,7,1.2600,1.2878,1.2404,1.2932,1.3095,1.2277,1.3063
2026-03-04,2026-02-25,7,1.2500,1.2691,1.2300,1.2887,1.3004,1.2173,1.3018
2026-03-05,2026-02-26,7,1.2300,1.2188,1.2139,1.2403,1.2259,1.2013,1.2531
2026-03-06,2026-02-27,7,1.2200,1.2155,1.2086,1.2328,1.2222,1.1961,1.2455
2026-03-07,2026-02-28,7,1.2100,1.2140,1.2086,1.2328,1.2221,1.1961,1.2455
2026-03-08,2026-03-01,7,1.1900,1.2119,1.1788,1.2162,1.2005,1.1664,1.2289
2026-03-09,2026-03-02,7,1.1700,1.2115,1.1688,1.2165,1.1906,1.1565,1.2292
2026-03-10,2026-03-03,7,1.1700,1.1600,1.1448,1.2114,1.1493,1.1326,1.2240
2026-03-11,2026-03-04,7,1.1600,1.1487,1.1454,1.1570,1.1465,1.1332,1.1693
2026-03-12,2026-03-05,7,1.1400,1.1447,1.1347,1.1493,1.1249,1.1226,1.1616
2026-03-13,2026-03-06,7,1.1300,1.1380,1.1100,1.1505,1.1153,1.0980,1.1628
2026-03-14,2026-03-07,7,1.1200,1.1245,1.0936,1.1351,1.0979,1.0817,1.1473
2026-03-15,2026-03-08,7,1.1000,1.0910,1.0820,1.0934,1.0909,1.0702,1.1054
2026-03-16,2026-03-09,7,1.1000,1.0510,1.0439,1.0729,1.0671,1.0323,1.0847
2026-03-17,2026-03-10,7,1.0900,1.0515,1.0432,1.0745,1.0677,1.0316,1.0863
2026-03-18,2026-03-11,7,1.0800,1.0563,1.0435,1.0776,1.0861,1.0319,1.0895
2026-03-19,2026-03-12,7,1.0600,1.0453,1.0407,1.0492,1.0508,1.0291,1.0609
2026-03-20,2026-03-13,7,1.1100,1.0433,1.0366,1.0466,1.0458,1.0250,1.0583
2026-03-21,2026-03-14,7,1.1000,1.0326,1.0266,1.0438,1.0430,1.0151,1.0555
2026-03-22,2026-03-15,7,1.0900,1.0663,1.0288,1.1462,1.0461,1.0173,1.1585
2026-03-23,2026-03-16,7,1.0500,1.0271,0.9895,1.0369,1.0459,0.9782,1.0485
2026-03-24,2026-03-17,7,1.0200,1.0242,0.9983,1.0439,1.0426,0.9870,1.0556
2026-03-25,2026-03-18,7,1.0000,0.9998,0.9778,1.0051,1.0048,0.9666,1.0165
2026-03-26,2026-03-19,7,0.9900,0.9782,0.9657,0.9935,0.9640,0.9545,1.0049
2026-03-27,2026-03-20,7,0.9900,0.9650,0.9434,0.9851,0.9694,0.9324,0.9964
2026-03-28,2026-03-21,7,0.9700,0.9582,0.9572,0.9638,0.9669,0.9461,0.9750
2026-03-29,2026-03-22,7,0.9600,0.9623,0.9460,0.9859,0.9615,0.9350,0.9972
2026-03-30,2026-03-23,7,0.9400,0.9499,0.9303,0.9687,0.9616,0.9193,0.9799
2026-03-31,2026-03-24,7,0.9300,0.9315,0.9293,0.9413,0.9245,0.9183,0.9524
2026-04-01,2026-03-25,7,0.9200,0.9047,0.8978,0.9267,0.9017,0.8870,0.9377
2026-04-02,2026-03-26,7,0.9100,0.9001,0.8995,0.9259,0.9005,0.8887,0.9369
2026-04-03,2026-03-27,7,0.8900,0.9072,0.8969,0.9223,0.9017,0.8861,0.9333
2026-04-04,2026-03-28,7,0.8900,0.8709,0.8559,0.9226,0.8834,0.8454,0.9336
2026-04-05,2026-03-29,7,0.9400,0.8693,0.8559,0.8996,0.8904,0.8454,0.9104
2026-04-06,2026-03-30,7,0.9000,0.8746,0.8349,0.8851,0.8646,0.8245,0.8959
2026-04-07,2026-03-31,7,0.8800,0.8463,0.8338,0.8771,0.8645,0.8234,0.8878
2026-04-08,2026-04-01,7,0.9200,0.9534,0.8957,1.0316,0.8376,0.8849,1.0432
2026-04-09,2026-04-02,7,0.9000,0.8996,0.8510,0.9329,0.8286,0.8405,0.9439
2026-04-10,2026-04-03,7,0.8800,0.8488,0.8093,0.8523,0.8203,0.7990,0.8629
2026-04-11,2026-04-04,7,0.8300,0.7992,0.7957,0.8324,0.8196,0.7855,0.8429
2026-04-12,2026-04-05,7,0.8100,0.8111,0.8011,0.8226,0.8018,0.7909,0.8330
2026-04-13,2026-04-06,7,0.8000,0.8040,0.7846,0.8159,0.7904,0.7745,0.8263
2026-04-14,2026-04-07,7,0.7900,0.7887,0.7849,0.7950,0.7747,0.7748,0.8052
2026-04-15,2026-04-08,7,0.7700,0.7880,0.7849,0.8106,0.7896,0.7748,0.8209
2026-04-16,2026-04-09,7,0.7600,0.7810,0.7619,0.7998,0.7457,0.7519,0.8101
2026-04-26,2026-04-19,7,0.6600,0.6544,0.6351,0.6644,0.6600,0.6258,0.6739
2026-04-27,2026-04-20,7,0.6500,0.6514,0.6262,0.6634,0.6591,0.6170,0.6729
2026-04-28,2026-04-21,7,0.6500,0.6410,0.6261,0.6624,0.6435,0.6169,0.6719
2026-04-29,2026-04-22,7,0.6400,0.6313,0.6170,0.6468,0.6460,0.6078,0.6562
2026-04-30,2026-04-23,7,0.7000,0.6131,0.6056,0.6451,0.6132,0.5965,0.6545
2026-05-01,2026-04-24,7,0.6800,0.6141,0.5993,0.6245,0.6127,0.5902,0.6338
2026-05-02,2026-04-25,7,0.6500,0.6301,0.5922,0.6524,0.5956,0.5832,0.6618
2026-05-03,2026-04-26,7,0.6500,0.6300,0.5925,0.6493,0.5937,0.5835,0.6587
2026-05-04,2026-04-27,7,2.4300,0.6294,0.5948,0.6450,0.5849,0.5857,0.6544
2026-05-05,2026-04-28,7,1.1300,0.6644,0.6112,0.6755,0.5869,0.6021,0.6851
2026-05-06,2026-04-29,7,0.9000,1.0024,0.6925,2.2993,0.5609,0.6829,2.3181
2026-05-07,2026-04-30,7,0.6300,0.6401,0.6073,0.6742,0.5591,0.5982,0.6838
2026-05-08,2026-05-01,7,0.5800,0.6567,0.5647,0.9903,0.5535,0.5558,1.0017
2026-05-09,2026-05-02,7,0.5700,0.6020,0.5917,0.6066,0.5587,0.5827,0.6158
2026-05-10,2026-05-03,7,0.5600,0.5481,0.5191,0.5750,0.5551,0.5105,0.5840
2026-05-11,2026-05-04,7,0.5600,0.5669,0.5593,1.6303,0.5580,0.5504,1.6453
2026-05-12,2026-05-05,7,0.5500,0.5858,0.5576,1.2513,0.6134,0.5488,1.2642
2026-05-13,2026-05-06,7,0.5500,0.5901,0.5812,1.0308,0.5386,0.5722,1.0424
2026-05-14,2026-05-07,7,0.5400,0.5553,0.5333,0.9379,0.5535,0.5246,0.9490
2026-05-15,2026-05-08,7,0.5400,0.5029,0.4936,0.9191,0.5343,0.4851,0.9301
2026-05-16,2026-05-09,7,0.5300,0.4903,0.4888,0.9121,0.5364,0.4803,0.9230
2026-05-17,2026-05-10,7,0.5200,0.4873,0.4693,0.9327,0.5511,0.4610,0.9437
2026-05-18,2026-05-11,7,0.5200,0.5002,0.4900,0.6836,0.5094,0.4815,0.6932
2026-05-19,2026-05-12,7,0.5200,0.4934,0.4736,0.5438,0.5038,0.4652,0.5526
2026-05-20,2026-05-13,7,0.5000,0.4918,0.4740,0.5131,0.4753,0.4656,0.5217
2026-05-21,2026-05-14,7,0.4900,0.4906,0.4658,0.5005,0.4768,0.4575,0.5091
2026-05-22,2026-05-15,7,0.5000,0.4667,0.4660,0.4912,0.4764,0.4577,0.4997
2026-05-23,2026-05-16,7,0.4800,0.4670,0.4587,0.4811,0.4672,0.4504,0.4896
2026-05-24,2026-05-17,7,0.4700,0.4661,0.4427,0.4690,0.4700,0.4345,0.4774
2026-05-25,2026-05-18,7,0.4700,0.4662,0.4418,0.4694,0.4734,0.4336,0.4778
2026-05-26,2026-05-19,7,0.4700,0.4650,0.4344,0.4675,0.4644,0.4263,0.4759
2026-05-27,2026-05-20,7,0.4600,0.4438,0.4261,0.4620,0.4642,0.4180,0.4703
2026-05-28,2026-05-21,7,0.4600,0.4449,0.4186,0.4554,0.4548,0.4105,0.4637
2026-05-29,2026-05-22,7,0.6800,0.7536,0.5598,1.3095,0.4655,0.5509,1.3227
2026-05-30,2026-05-23,7,0.6100,0.5202,0.4373,0.5666,0.4547,0.4291,0.5755
2026-05-31,2026-05-24,7,0.5300,0.8824,0.5637,1.5745,0.4446,0.5548,1.5892
2026-06-01,2026-05-25,7,0.5000,0.4880,0.4265,0.4965,0.4447,0.0000,1.6700
2026-06-02,2026-05-26,7,0.4500,0.4534,0.4060,0.4568,0.4158,0.0000,1.5992
2026-06-03,2026-05-27,7,0.4500,0.4269,0.3914,0.4351,0.4135,0.0000,1.5604
2026-06-04,2026-05-28,7,0.4300,0.4262,0.3914,0.4323,0.4243,0.0000,1.5554
2026-06-05,2026-05-29,7,0.4300,0.4160,0.3707,0.5141,0.4351,0.0000,1.7014
2026-06-06,2026-05-30,7,0.4200,0.4080,0.3792,0.4962,0.4234,0.0000,1.6694
2026-06-07,2026-05-31,7,0.4200,0.4017,0.3947,0.4633,0.3878,0.0000,1.6108
2026-06-08,2026-06-01,7,0.4100,0.3897,0.3745,0.4726,0.3888,0.0000,1.6273
2026-06-09,2026-06-02,7,0.4000,0.3809,0.3654,0.4530,0.3956,0.0000,1.5924
2026-06-10,2026-06-03,7,0.4000,0.3709,0.3645,0.4476,0.4127,0.0000,1.5827
2026-06-11,2026-06-04,7,0.4300,0.3751,0.3576,0.4455,0.4031,0.0000,1.5790
2026-06-12,2026-06-05,7,0.6800,0.3961,0.3917,0.4198,0.4026,0.0000,1.5331
2026-06-13,2026-06-06,7,0.6200,0.6990,0.4760,1.2581,0.3823,0.0000,3.0288
2026-06-14,2026-06-07,7,0.4900,0.3931,0.3627,0.3945,0.3864,0.0000,1.4880
2026-06-15,2026-06-08,7,0.3900,0.4290,0.3757,0.4468,0.3842,0.0000,1.5813
2026-06-16,2026-06-09,7,0.3800,0.3766,0.3501,0.3869,0.3720,0.0000,1.4744
2026-06-17,2026-06-10,7,0.3700,0.3759,0.3493,0.3776,0.3753,0.0000,1.4578
2026-06-18,2026-06-11,7,0.3700,0.3464,0.3421,0.3657,0.3851,0.0000,1.4366
2026-06-19,2026-06-12,7,0.3700,0.3551,0.3294,0.4952,0.5487,0.0000,1.6677
2026-06-20,2026-06-13,7,0.3600,0.3424,0.2752,0.4750,0.5618,0.0000,1.6316
2026-06-21,2026-06-14,7,0.3600,0.3472,0.3470,0.4373,0.4605,0.0000,1.5644
2026-06-22,2026-06-15,7,0.3600,0.3333,0.3022,0.4259,0.4203,0.0000,1.5440
2026-06-23,2026-06-16,7,0.3400,0.3258,0.3133,0.4265,0.3863,0.0000,1.5451
2026-06-24,2026-06-17,7,0.3300,0.3326,0.3257,0.4199,0.3973,0.0000,1.5333
2026-06-25,2026-06-18,7,0.3300,0.3206,0.3060,0.3821,0.4245,0.0000,1.4659
2026-06-26,2026-06-19,7,0.3300,0.3418,0.3121,0.3807,0.3829,0.0000,1.4634
2026-06-27,2026-06-20,7,0.3300,0.3285,0.3099,0.3341,0.3806,0.0000,1.3802
2026-06-28,2026-06-21,7,0.3300,0.3254,0.3133,0.3409,0.4066,0.0000,1.3924
2026-06-29,2026-06-22,7,0.3400,0.3402,0.3197,0.3578,0.4065,0.0000,1.4225
2026-06-30,2026-06-23,7,0.6300,0.3560,0.3178,0.4186,0.3814,0.0000,1.5310
2026-07-01,2026-06-24,7,0.8900,0.5203,0.4473,1.1532,0.4043,0.0000,2.8416
2026-07-02,2026-06-25,7,5.9600,13.9274,4.7338,17.3819,0.4157,2.2137,31.7961
2026-07-03,2026-06-26,7,2.8800,19.2737,4.9549,21.9020,0.4143,2.3377,39.8607
2026-07-04,2026-06-27,7,2.5000,22.8114,6.4046,32.1798,0.3852,3.1502,58.1978
2026-07-05,2026-06-28,7,1.2600,2.8029,0.6635,4.0992,0.3850,0.0000,8.0978
2026-07-06,2026-06-29,7,0.6600,0.4389,0.3604,1.3668,0.4439,0.0000,3.2227
2026-07-07,2026-06-30,7,0.6100,3.1985,0.8368,4.0613,0.7257,0.0295,8.0301
2026-07-08,2026-07-01,7,0.8200,0.6555,0.5112,1.3225,0.7843,0.0000,3.1437
2026-07-09,2026-07-02,7,7.6200,2.8540,1.1699,6.4417,1.6411,0.2162,12.2771
2026-07-10,2026-07-03,7,10.3900,5.5630,2.4499,10.6913,1.3399,0.9336,19.8591
2026-07-11,2026-07-04,7,9.5400,15.9933,8.8312,27.0130,1.1455,4.5103,48.9795
2026-07-12,2026-07-05,7,3.0400,5.4838,2.6938,9.2032,1.5024,1.0703,17.2041
2026-07-13,2026-07-06,7,0.8100,4.5032,2.5982,7.8655,1.4965,1.0168,14.8174
2026-07-14,2026-07-07,7,0.3900,1.2866,0.9394,3.0393,1.7009,0.0870,6.2067
2026-07-15,2026-07-08,7,0.3500,3.9690,2.0471,7.0519,1.9503,0.7079,13.3658
2026-07-16,2026-07-09,7,0.4100,2.1534,0.9231,3.5120,2.4324,0.0779,7.0501
2026-07-17,2026-07-10,7,0.5200,6.0078,2.7150,9.8641,3.3548,1.0822,18.3832
2026-07-18,2026-07-11,7,1.5800,0.8064,0.4672,3.5113,3.0801,0.0000,7.0488
2026-07-19,2026-07-12,7,5.9600,3.9392,1.2152,6.0532,2.1512,0.2416,11.5840
2026-07-20,2026-07-13,7,8.0500,24.4214,12.0415,36.0298,1.7771,6.3096,65.0668
2026-07-21,2026-07-14,7,7.3000,20.2453,10.3618,34.9820,1.5610,5.3682,63.1974
2026-07-22,2026-07-15,7,7.4900,42.9232,21.2078,64.2421,1.6055,11.4473,115.4019
2026-07-23,2026-07-16,7,1.8300,14.8560,6.8812,19.0847,1.6204,3.4173,34.8342
2026-07-24,2026-07-17,7,0.5800,4.8556,1.9052,7.6532,1.5966,0.6283,14.4386
2026-07-25,2026-07-18,7,1.6700,4.6369,2.3896,8.9150,1.9150,0.8998,16.6899
2026-07-26,2026-07-19,7,1.4300,2.5361,1.0954,4.8309,2.5645,0.1745,9.4032
2026-07-27,2026-07-20,7,2.4000,0.6706,0.6185,3.7044,2.9029,0.0000,7.3934
2026-07-28,2026-07-21,7,5.1700,1.7208,0.8335,5.2363,2.8548,0.0277,10.1265
2026-07-29,2026-07-22,7,5.7700,9.1640,4.1119,11.5075,2.6357,1.8652,21.3153
2026-07-30,2026-07-23,7,1.5400,12.6703,7.3496,14.9223,1.9650,3.6799,27.4078
2026-07-31,2026-07-24,7,1.1300,4.6706,2.0566,7.6654,1.9581,0.7132,14.4604
2026-08-01,2026-07-25,7,3.3100,3.6347,2.4816,8.4026,3.2550,0.9514,15.7757
2026-08-02,2026-07-26,7,1.8000,4.7038,3.1571,9.1509,2.1881,1.3300,17.1108
2026-08-03,2026-07-27,7,3.0100,12.6271,7.4900,15.8815,2.7786,3.7586,29.1192
2026-08-04,2026-07-28,7,13.0300,13.2590,7.0680,21.9014,3.6528,3.5220,39.8596
2026-08-05,2026-07-29,7,8.5100,11.2680,7.0528,15.2538,3.1910,3.5135,27.9993
2026-08-06,2026-07-30,7,4.7900,11.3921,6.1976,14.5787,2.5884,3.0342,26.7948
2026-08-07,2026-07-31,7,2.8100,18.4273,9.7317,28.0568,2.3920,5.0150,50.8418
2026-08-08,2026-08-01,7,4.0300,14.1879,8.2152,21.4815,2.9381,4.1650,39.1104
2026-08-09,2026-08-02,7,2.0500,4.5388,3.2069,10.1963,2.3688,1.3579,18.9759
2026-08-10,2026-08-03,7,1.0400,2.7162,1.3289,4.2486,3.4341,0.3053,8.3643
2026-08-11,2026-08-04,7,2.4300,3.2530,1.5496,5.5951,5.4661,0.4290,10.7667
2026-08-12,2026-08-05,7,1.4600,2.4250,1.1963,5.4605,4.5205,0.2310,10.5265
2026-08-13,2026-08-06,7,0.9900,2.5738,1.4395,5.0537,4.0254,0.3673,9.8007
2026-08-14,2026-08-07,7,1.4400,5.0797,2.5652,7.2138,3.3415,0.9983,13.6547
2026-08-15,2026-08-08,7,1.6600,15.3518,9.0595,21.5266,4.1668,4.6382,39.1909
2026-08-16,2026-08-09,7,5.5100,16.0544,7.6620,21.6114,2.6093,3.8550,39.3422
2026-08-17,2026-08-10,7,6.0700,17.9726,8.3166,22.5018,2.5014,4.2219,40.9308
2026-08-18,2026-08-11,7,6.5700,15.9005,8.2305,21.4774,4.0532,4.1736,39.1031
2026-08-19,2026-08-12,7,2.1800,15.5577,7.4737,18.1429,2.3466,3.7494,33.1539
2026-08-20,2026-08-13,7,4.3600,16.4482,8.8318,23.0108,2.3322,4.5106,41.8389
2026-08-21,2026-08-14,7,6.3900,6.9057,3.8691,10.8001,3.1551,1.7291,20.0532
2026-08-22,2026-08-15,7,7.1200,5.8367,3.1754,10.2027,2.6457,1.3403,18.9873
2026-08-23,2026-08-16,7,5.6900,12.1423,4.5065,17.7348,3.1816,2.0863,32.4257
2026-08-24,2026-08-17,7,8.1600,4.0427,1.9646,8.5171,2.7697,0.6616,15.9800
2026-08-25,2026-08-18,7,7.8600,4.3351,2.2364,7.9440,4.1479,0.8140,14.9575
2026-08-26,2026-08-19,7,6.6600,3.5579,1.8727,5.8821,3.2081,0.6101,11.2787
2026-08-27,2026-08-20,7,15.1200,3.6128,2.0637,5.9483,3.8955,0.7172,11.3968
2026-08-28,2026-08-21,7,7.3200,2.1265,1.5386,5.2495,3.6354,0.4229,10.1501
2026-08-29,2026-08-22,7,4.0200,7.3663,3.2235,10.5274,3.8677,1.3672,19.5666
2026-08-30,2026-08-23,7,4.0400,3.4387,1.8146,6.3023,4.4282,0.5776,12.0284
2026-08-31,2026-08-24,7,6.7400,8.8688,1.8338,13.9903,4.8390,0.5883,25.7450
2026-09-01,2026-08-25,7,7.4000,15.4776,2.2952,22.7444,5.0728,0.8469,41.3636
2026-09-02,2026-08-26,7,10.4500,16.3989,2.4294,21.7577,4.3530,0.9221,39.6032
2026-09-03,2026-08-27,7,10.9700,19.2409,3.0162,27.4877,5.2429,1.2510,49.8264
2026-09-04,2026-08-28,7,10.4100,24.0456,3.2416,41.8620,4.9257,1.3774,75.4724
2026-09-05,2026-08-29,7,8.9000,11.2906,2.3344,14.8683,4.1173,0.8689,27.3115
2026-09-06,2026-08-30,7,38.5500,12.6994,2.3435,22.1634,4.6735,0.8740,40.3270
2026-09-07,2026-08-31,7,71.5300,14.4867,2.5645,22.4877,5.0180,0.9979,40.9057
2026-09-08,2026-09-01,7,54.6300,14.1800,3.2014,22.8813,5.4257,1.3548,41.6079
2026-09-09,2026-09-02,7,32.9000,18.6732,3.8487,25.5202,5.9889,1.7176,46.3161
2026-09-10,2026-09-03,7,20.7100,12.9674,4.0731,19.3920,7.6853,1.8434,35.3824
2026-09-11,2026-09-04,7,22.9100,13.1418,3.6611,13.9035,7.4045,1.6125,25.5901
2026-09-12,2026-09-05,7,20.9600,11.3966,3.8516,14.5831,8.2409,1.7193,26.8026
2026-09-13,2026-09-06,7,19.5200,14.4525,5.7222,18.8502,14.3483,2.7677,34.4158
2026-09-14,2026-09-07,7,17.4300,16.4053,6.5014,21.5730,15.2653,3.2045,39.2737
2026-09-15,2026-09-08,7,17.4300,18.2917,6.4574,20.9868,11.8392,3.1798,38.2278
2026-09-16,2026-09-09,7,17.0500,11.7254,6.9619,14.6246,12.1027,3.4626,26.8767
2026-09-17,2026-09-10,7,15.8200,11.8239,6.9719,17.2523,13.2306,3.4682,31.5649
2026-09-18,2026-09-11,7,15.1000,10.6181,6.7193,13.6199,13.1715,3.3266,25.0841
2026-09-19,2026-09-12,7,14.6900,11.1661,5.2673,11.7470,12.0686,2.5128,21.7426
2026-09-20,2026-09-13,7,14.2300,10.0632,6.1844,12.2055,11.6629,3.0268,22.5606
2026-09-21,2026-09-14,7,13.7700,9.4517,6.3943,12.1783,12.0894,3.1444,22.5121
2026-09-22,2026-09-15,7,13.3100,9.3705,6.0455,12.1185,11.0413,2.9489,22.4054
2026-09-23,2026-09-16,7,12.8700,8.5928,6.2374,12.0952,9.5546,3.0565,22.3638
