month,year,month_number,days,complete,rain_mm,et0_mm,above_mean_m3s,above_volume_mcm,entering_mean_m3s,entering_volume_mcm,below_mean_m3s,below_volume_mcm,mouth_mean_m3s,mouth_volume_mcm,ramganga_mean_m3s,ramganga_volume_mcm
1940-01-01,1940,1,31,True,54.49,99.05,0.279355,0.748224,0.321613,0.861408,0.46871,1.25539,0.666774,1.78589,51.9781,139.218
1940-02-01,1940,2,29,True,51.58,94.38,0.221379,0.554688,0.253103,0.634176,0.369655,0.926208,0.526897,1.32019,59.5924,149.315
1940-03-01,1940,3,31,True,59.26,143.35,0.172903,0.463104,0.195806,0.524448,0.291613,0.781056,0.423548,1.13443,36.4326,97.581
1940-04-01,1940,4,30,True,0.97,244.83,0.101,0.261792,0.115333,0.298944,0.169,0.438048,0.242333,0.628128,19.4963,50.5345
1940-05-01,1940,5,31,True,12.95,255.27,0.0622581,0.166752,0.0709677,0.19008,0.104839,0.2808,0.151935,0.406944,14.8019,39.6455
1940-06-01,1940,6,30,True,108.05,236.17,0.212333,0.550368,0.214333,0.555552,0.221,0.572832,0.287667,0.745632,74.4763,193.043
1940-07-01,1940,7,31,True,219.82,125.13,0.884839,2.36995,0.995806,2.66717,1.58419,4.2431,2.32387,6.22426,454.309,1216.82
1940-08-01,1940,8,31,True,207.2,104.75,1.14355,3.06288,1.26968,3.4007,1.61419,4.32346,1.92129,5.14598,1159.95,3106.82
1940-09-01,1940,9,30,True,50.01,127.91,0.219667,0.569376,0.243667,0.631584,0.304,0.787968,0.369,0.956448,338.071,876.281
1940-10-01,1940,10,31,True,5.23,132.39,0.15129,0.405216,0.169677,0.454464,0.20871,0.559008,0.241935,0.648,92.5097,247.778
1940-11-01,1940,11,30,True,0.03,118.32,0.115667,0.299808,0.13,0.33696,0.160667,0.416448,0.188667,0.489024,43.1497,111.844
1940-12-01,1940,12,31,True,39.83,94.43,0.0983871,0.26352,0.110645,0.296352,0.140968,0.377568,0.172903,0.463104,34.7445,93.0597
1941-01-01,1941,1,31,True,22.02,110.95,0.0787097,0.210816,0.0883871,0.236736,0.112258,0.300672,0.135806,0.363744,35.7352,95.7131
1941-02-01,1941,2,28,True,1.12,151.52,0.055,0.133056,0.0610714,0.147744,0.075,0.18144,0.0896429,0.216864,13.8593,33.5284
1941-03-01,1941,3,31,True,11.19,200.87,0.0390323,0.104544,0.0422581,0.113184,0.0519355,0.139104,0.0603226,0.161568,14.6061,39.1211
1941-04-01,1941,4,30,True,9.22,241.84,0.0256667,0.066528,0.0316667,0.08208,0.0356667,0.092448,0.0433333,0.11232,19.635,50.8939
1941-05-01,1941,5,31,True,9.13,257.41,0.0212903,0.057024,0.0222581,0.059616,0.0270968,0.072576,0.03,0.080352,25.7548,68.9818
1941-06-01,1941,6,30,True,118.22,170.2,0.098,0.254016,0.109333,0.283392,0.144,0.373248,0.175333,0.454464,160.64,416.378
1941-07-01,1941,7,31,True,217.2,156.72,1.77613,4.75718,1.97774,5.29718,2.52452,6.76166,2.92161,7.82525,566.685,1517.81
1941-08-01,1941,8,31,True,201.17,107.21,0.301935,0.808704,0.336774,0.902016,0.60129,1.6105,0.963871,2.58163,596.614,1597.97
1941-09-01,1941,9,30,True,99.33,113.01,0.579667,1.5025,0.64,1.65888,0.913667,2.36822,1.233,3.19594,543.518,1408.8
1941-10-01,1941,10,31,True,27.05,113.67,0.0729032,0.195264,0.0825806,0.221184,0.1,0.26784,0.11,0.294624,171.138,458.376
1941-11-01,1941,11,30,True,0.28,111.68,0.03,0.07776,0.0303333,0.078624,0.0393333,0.101952,0.039,0.101088,61.785,160.147
1941-12-01,1941,12,31,True,0.11,109.45,0.0287097,0.076896,0.03,0.080352,0.0341935,0.091584,0.0348387,0.093312,33.5468,89.8517
1942-01-01,1942,1,31,True,75.52,98.06,0.249355,0.667872,0.270323,0.724032,0.319677,0.856224,0.365161,0.978048,59.8974,160.429
1942-02-01,1942,2,28,True,27.56,116.2,0.0314286,0.076032,0.0339286,0.08208,0.0439286,0.106272,0.0517857,0.12528,36.4604,88.2049
1942-03-01,1942,3,31,True,2.45,194.67,0.0183871,0.049248,0.02,0.053568,0.0206452,0.055296,0.0209677,0.05616,19.4426,52.075
1942-04-01,1942,4,30,True,8.35,237,0.0123333,0.031968,0.0126667,0.032832,0.0143333,0.037152,0.015,0.03888,18.2133,47.209
1942-05-01,1942,5,31,True,3.28,289.59,0.00516129,0.013824,0.00645161,0.01728,0.00774194,0.020736,0.00806452,0.0216,12.5413,33.5906
1942-06-01,1942,6,30,True,161.82,227.79,0.390667,1.01261,0.431,1.11715,0.750667,1.94573,1.28367,3.32726,216.77,561.869
1942-07-01,1942,7,31,True,364.21,104.84,4.74613,12.712,5.16452,13.8326,6.59452,17.6628,8.23613,22.0596,1374.4,3681.2
1942-08-01,1942,8,31,True,332.68,77.15,2.28645,6.12403,2.52065,6.7513,3.56548,9.54979,5.04645,13.5164,1664.52,4458.26
1942-09-01,1942,9,30,True,265.55,88.23,10.5213,27.2713,11.9497,30.9735,15.7903,40.9285,20.2663,52.5303,1445.35,3746.34
1942-10-01,1942,10,31,True,8.89,113.45,3.25065,8.70653,3.76161,10.0751,5.85484,15.6816,8.83806,23.6719,340.297,911.451
1942-11-01,1942,11,30,True,0.29,107.17,1.20767,3.13027,1.39633,3.6193,2.25967,5.85706,3.54533,9.1895,130.624,338.577
1942-12-01,1942,12,31,True,14.28,98.73,0.622903,1.66838,0.720323,1.92931,1.17871,3.15706,1.86839,5.00429,75.7855,202.984
1943-01-01,1943,1,31,True,46.55,80.98,0.398065,1.06618,0.461613,1.23638,0.763548,2.04509,1.22806,3.28925,63.8165,170.926
1943-02-01,1943,2,28,True,0.09,139.51,0.257857,0.623808,0.299286,0.724032,0.498214,1.20528,0.8025,1.94141,39.6075,95.8185
1943-03-01,1943,3,31,True,0.45,249.61,0.154194,0.412992,0.178065,0.476928,0.296129,0.793152,0.477097,1.27786,23.1468,61.9963
1943-04-01,1943,4,30,True,43.31,205.38,0.109333,0.283392,0.125,0.324,0.209333,0.542592,0.338667,0.877824,32.13,83.281
1943-05-01,1943,5,31,True,7.6,255.66,0.0619355,0.165888,0.0709677,0.19008,0.117742,0.31536,0.185806,0.497664,17.4168,46.6491
1943-06-01,1943,6,30,True,282.56,142.47,4.17733,10.8276,4.511,11.6925,5.28533,13.6996,5.874,15.2254,1155.2,2994.27
1943-07-01,1943,7,31,True,210.98,99.85,1.03645,2.77603,1.10806,2.96784,1.45097,3.88627,1.94548,5.21078,1613.93,4322.75
1943-08-01,1943,8,31,True,379.85,75.66,9.42355,25.24,10.4961,28.1128,13.3358,35.7186,16.4355,44.0208,2475.76,6631.08
1943-09-01,1943,9,30,True,358.92,83.98,14.6157,37.8838,16.814,43.5819,25.2937,65.5612,37.0597,96.0587,1981.84,5136.93
1943-10-01,1943,10,31,True,17.53,106.25,3.15677,8.4551,3.6471,9.76838,5.94968,15.9356,9.40355,25.1865,455.883,1221.04
1943-11-01,1943,11,30,True,1.73,112.91,1.264,3.27629,1.461,3.78691,2.36633,6.13354,3.72333,9.65088,164.376,426.063
1943-12-01,1943,12,31,True,0.29,100.34,0.669677,1.79366,0.773871,2.07274,1.25677,3.36614,1.98516,5.31706,84.5558,226.474
1944-01-01,1944,1,31,True,19.35,92.25,0.413226,1.10678,0.474839,1.27181,0.780968,2.09174,1.25258,3.35491,68.7935,184.257
1944-02-01,1944,2,29,True,34.94,111.8,0.267931,0.671328,0.308276,0.772416,0.510345,1.27872,0.826552,2.07101,61.8076,154.865
1944-03-01,1944,3,31,True,47.24,165.69,0.170968,0.45792,0.195484,0.523584,0.323548,0.866592,0.521613,1.39709,39.9661,107.045
1944-04-01,1944,4,30,True,20.59,206.09,0.115,0.29808,0.132,0.342144,0.217667,0.564192,0.349,0.904608,74.4137,192.88
1944-05-01,1944,5,31,True,2.81,329.57,0.0619355,0.165888,0.0719355,0.192672,0.119355,0.31968,0.192581,0.515808,14.2713,38.2242
1944-06-01,1944,6,30,True,41.38,215.31,0.045,0.11664,0.0516667,0.13392,0.085,0.22032,0.134667,0.349056,52.1817,135.255
1944-07-01,1944,7,31,True,365.03,99.74,2.61355,7.00013,2.89032,7.74144,4.07323,10.9097,5.54065,14.8401,935.545,2505.76
1944-08-01,1944,8,31,True,364.86,105.86,5.27677,14.1333,5.98806,16.0384,8.98742,24.0719,13.2777,35.5631,1599.45,4283.98
1944-09-01,1944,9,30,True,76.51,124.43,3.27967,8.5009,3.62233,9.38909,4.552,11.7988,5.609,14.5385,838.741,2174.02
1944-10-01,1944,10,31,True,17.25,136.72,1.25129,3.35146,1.42903,3.82752,1.98581,5.31878,2.68806,7.19971,189.397,507.282
1944-11-01,1944,11,30,True,0.01,139.55,0.574,1.48781,0.659,1.70813,0.964333,2.49955,1.37667,3.56832,77.3963,200.611
1944-12-01,1944,12,31,True,0.9,133.64,0.305484,0.818208,0.350323,0.938304,0.527097,1.41178,0.771935,2.06755,43.8103,117.342
1945-01-01,1945,1,31,True,28.14,100.74,0.201613,0.54,0.23129,0.619488,0.349355,0.935712,0.516774,1.38413,67.3019,180.262
1945-02-01,1945,2,28,True,0.05,154.7,0.13,0.314496,0.148571,0.359424,0.228214,0.552096,0.339286,0.8208,27.1782,65.7495
1945-03-01,1945,3,31,True,1.46,214.77,0.0790323,0.21168,0.0916129,0.245376,0.141613,0.379296,0.21129,0.56592,23.5703,63.1308
1945-04-01,1945,4,30,True,3.57,227.56,0.0496667,0.128736,0.055,0.14256,0.0873333,0.226368,0.129667,0.336096,25.922,67.1898
1945-05-01,1945,5,31,True,0.59,282.03,0.0293548,0.078624,0.0354839,0.09504,0.0545161,0.146016,0.0816129,0.218592,10.6177,28.4386
1945-06-01,1945,6,30,True,21.03,249.9,0.0263333,0.068256,0.0283333,0.07344,0.0413333,0.107136,0.062,0.160704,36.3393,94.1916
1945-07-01,1945,7,31,True,357.8,104.91,2.06226,5.52355,2.28742,6.12662,3.66548,9.81763,5.67,15.1865,1153.13,3088.55
1945-08-01,1945,8,31,True,234.78,113.69,1.70355,4.56278,1.8971,5.08118,2.64194,7.07616,3.58129,9.59213,1220.16,3268.07
1945-09-01,1945,9,30,True,299.24,88.4,5.10933,13.2434,5.60633,14.5316,7.16133,18.5622,9.19167,23.8248,1340.98,3475.83
1945-10-01,1945,10,31,True,71.32,110.17,6.42194,17.2005,7.24032,19.3925,8.97484,24.0382,10.3768,27.7932,851.689,2281.16
1945-11-01,1945,11,30,True,0,109.79,1.38433,3.58819,1.58567,4.11005,2.153,5.58058,2.81633,7.29994,186.093,482.354
1945-12-01,1945,12,31,True,0,103.2,0.696129,1.86451,0.801935,2.1479,1.14484,3.06634,1.58774,4.25261,89.8419,240.633
1946-01-01,1946,1,31,True,0,144.56,0.386129,1.03421,0.444839,1.19146,0.661613,1.77206,0.959032,2.56867,51.4987,137.934
1946-02-01,1946,2,28,True,18.28,133.42,0.218929,0.529632,0.2525,0.610848,0.383929,0.9288,0.566429,1.3703,34.3675,83.1419
1946-03-01,1946,3,31,True,0.22,213.53,0.127419,0.34128,0.147419,0.394848,0.223548,0.598752,0.330645,0.8856,37.4094,100.197
1946-04-01,1946,4,30,True,9.92,222.67,0.0773333,0.200448,0.0886667,0.229824,0.137,0.355104,0.204333,0.529632,22.571,58.504
1946-05-01,1946,5,31,True,12.72,255.22,0.0509677,0.136512,0.0580645,0.15552,0.09,0.241056,0.133871,0.35856,29.6181,79.329
1946-06-01,1946,6,30,True,8.85,221.71,0.0323333,0.083808,0.041,0.106272,0.0566667,0.14688,0.0846667,0.219456,65.7483,170.42
1946-07-01,1946,7,31,True,353.41,109.2,2.14419,5.74301,2.41387,6.46531,4.14258,11.0955,6.74871,18.0757,527.259,1412.21
1946-08-01,1946,8,31,True,291.8,95.86,2.35581,6.30979,2.63484,7.05715,3.81194,10.2099,5.28226,14.148,856.473,2293.98
1946-09-01,1946,9,30,True,68.77,128.22,1.035,2.68272,1.19867,3.10694,1.69,4.38048,2.30233,5.96765,362.862,940.538
1946-10-01,1946,10,31,True,31.27,112.37,0.744516,1.99411,0.861613,2.30774,1.23323,3.30307,1.70774,4.57402,156.213,418.4
1946-11-01,1946,11,30,True,2.48,108.85,0.465,1.20528,0.538667,1.39622,0.791667,2.052,1.13533,2.94278,64.2983,166.661
1946-12-01,1946,12,31,True,7.12,99.29,0.3,0.80352,0.346452,0.927936,0.521935,1.39795,0.769032,2.05978,41.6048,111.434
1947-01-01,1947,1,31,True,16.38,96.58,0.200968,0.538272,0.232258,0.62208,0.358065,0.95904,0.54,1.44634,39.2197,105.046
1947-02-01,1947,2,28,True,16.34,121,0.14,0.338688,0.16,0.387072,0.245357,0.593568,0.368214,0.890784,29.0004,70.1577
1947-03-01,1947,3,31,True,5.13,190.22,0.0874194,0.234144,0.100645,0.269568,0.154194,0.412992,0.23,0.616032,23.1729,62.0663
1947-04-01,1947,4,30,True,0.38,268.88,0.0513333,0.133056,0.0596667,0.154656,0.0906667,0.235008,0.134,0.347328,10.296,26.6872
1947-05-01,1947,5,31,True,4.98,271.91,0.0325806,0.087264,0.0380645,0.101952,0.0558065,0.149472,0.0864516,0.231552,13.049,34.9505
1947-06-01,1947,6,30,True,70.1,222.95,0.162,0.419904,0.155667,0.403488,0.158333,0.4104,0.178667,0.463104,49.267,127.7
1947-07-01,1947,7,31,True,317.07,120.85,5.56774,14.9126,6.09968,16.3374,7.69323,20.6055,8.92129,23.8948,1266.32,3391.72
1947-08-01,1947,8,31,True,413.65,84.82,6.5571,17.5625,7.35806,19.7078,9.65129,25.85,12.3458,33.067,1811.61,4852.21
1947-09-01,1947,9,30,True,252.68,86.11,6.419,16.638,7.08067,18.3531,8.86333,22.9738,10.878,28.1958,1428.09,3701.6
1947-10-01,1947,10,31,True,19.89,112.58,3.35161,8.97696,3.80935,10.203,5.11645,13.7039,6.65903,17.8356,494.263,1323.83
1947-11-01,1947,11,30,True,0,109,1.418,3.67546,1.63633,4.24138,2.40467,6.2329,3.43133,8.89402,153.312,397.385
1947-12-01,1947,12,31,True,7.13,108.51,0.686129,1.83773,0.793226,2.12458,1.22548,3.28234,1.84742,4.94813,77.6494,207.976
1948-01-01,1948,1,31,True,22.76,100.97,0.392258,1.05062,0.453548,1.21478,0.723226,1.93709,1.12387,3.01018,49.6935,133.099
1948-02-01,1948,2,29,True,19.39,116.74,0.237586,0.595296,0.273448,0.685152,0.445517,1.11629,0.703103,1.7617,46.0631,115.416
1948-03-01,1948,3,31,True,6.04,177.08,0.145161,0.3888,0.168065,0.450144,0.272581,0.73008,0.431613,1.15603,74.0055,198.216
1948-04-01,1948,4,30,True,8.09,239.2,0.0863333,0.223776,0.099,0.256608,0.160667,0.416448,0.253,0.655776,23.046,59.7352
1948-05-01,1948,5,31,True,5.48,262.36,0.0516129,0.13824,0.0593548,0.158976,0.0970968,0.260064,0.152258,0.407808,34.2942,91.8536
1948-06-01,1948,6,30,True,37.25,268.04,0.043,0.111456,0.0516667,0.13392,0.077,0.199584,0.114667,0.297216,21.9603,56.9212
1948-07-01,1948,7,31,True,221.99,120.94,0.891613,2.3881,0.93,2.49091,1.07,2.86589,1.23806,3.31603,467.727,1252.76
1948-08-01,1948,8,31,True,548.27,71.53,6.56387,17.5807,7.32258,19.6128,10.3319,27.6731,14.5019,38.842,2675.96,7167.3
1948-09-01,1948,9,30,True,197.13,95.02,7.18533,18.6244,8.15467,21.1369,10.6733,27.6653,13.51,35.0179,1507.83,3908.3
1948-10-01,1948,10,31,True,37.16,107.45,2.83806,7.60147,3.26419,8.74282,4.79065,12.8313,6.85226,18.3531,431.513,1155.77
1948-11-01,1948,11,30,True,0.66,101.96,1.295,3.35664,1.49,3.86208,2.348,6.08602,3.61167,9.36144,173.191,448.912
1948-12-01,1948,12,31,True,0.1,98.9,0.659032,1.76515,0.758387,2.03126,1.24419,3.33245,1.98677,5.32138,92.2832,247.171
1949-01-01,1949,1,31,True,130.16,70.94,0.355484,0.952128,0.403226,1.08,0.647742,1.73491,1.01387,2.71555,135.423,362.717
1949-02-01,1949,2,28,True,132.72,75.45,0.599286,1.44979,0.673929,1.63037,1.08107,2.61533,1.72214,4.16621,336.316,813.615
1949-03-01,1949,3,31,True,57.55,128.85,0.473871,1.26922,0.514194,1.37722,0.752903,2.01658,1.12065,3.00154,156.223,418.427
1949-04-01,1949,4,30,True,106.6,148.4,0.869667,2.25418,0.958333,2.484,1.53667,3.98304,2.35533,6.10502,137.468,356.317
1949-05-01,1949,5,31,True,9.94,203.83,0.196129,0.525312,0.219355,0.58752,0.341613,0.914976,0.530323,1.42042,89.831,240.603
1949-06-01,1949,6,30,True,42.72,221.2,0.158667,0.411264,0.177667,0.460512,0.27,0.69984,0.410333,1.06358,112.571,291.784
1949-07-01,1949,7,31,True,381.72,122.85,3.74516,10.031,4.05161,10.8518,5.05839,13.5484,6.1829,16.5603,892.133,2389.49
1949-08-01,1949,8,31,True,330.95,82.53,4.18548,11.2104,4.63839,12.4235,6.27161,16.7979,8.45935,22.6575,2103.93,5635.16
1949-09-01,1949,9,30,True,191.66,95.83,6.20867,16.0929,7.13933,18.5052,10.0287,25.9943,13.652,35.386,1573.17,4077.66
1949-10-01,1949,10,31,True,3.91,121.31,3.24032,8.67888,3.74613,10.0336,5.52516,14.7986,7.89968,21.1585,467.034,1250.9
1949-11-01,1949,11,30,True,0.3,111.57,1.33867,3.46982,1.54633,4.0081,2.415,6.25968,3.66733,9.50573,177.88,461.065
1949-12-01,1949,12,31,True,0.72,102.07,0.699032,1.87229,0.806452,2.16,1.29,3.45514,2.00903,5.38099,94.5081,253.13
1950-01-01,1950,1,31,True,49.03,92.44,0.435161,1.16554,0.5,1.3392,0.807742,2.16346,1.27,3.40157,67.7206,181.383
1950-02-01,1950,2,28,True,46.48,91.62,0.312143,0.755136,0.358929,0.86832,0.582857,1.41005,0.922857,2.23258,115.563,279.57
1950-03-01,1950,3,31,True,48.2,144.71,0.22,0.589248,0.25129,0.673056,0.406452,1.08864,0.647419,1.73405,79.3665,212.575
1950-04-01,1950,4,30,True,0.8,234.36,0.138,0.357696,0.157333,0.407808,0.253667,0.657504,0.401667,1.04112,43.5973,113.004
1950-05-01,1950,5,31,True,8.07,271.65,0.0796774,0.213408,0.0912903,0.244512,0.145484,0.389664,0.232258,0.62208,29.3697,78.6637
1950-06-01,1950,6,30,True,46.85,231.49,0.0843333,0.218592,0.089,0.230688,0.113,0.292896,0.157667,0.408672,126.027,326.662
1950-07-01,1950,7,31,True,372.93,89.54,2.58,6.91027,2.84839,7.62912,3.81581,10.2203,5.00839,13.4145,1309.66,3507.81
1950-08-01,1950,8,31,True,308.5,99.02,4.39968,11.7841,4.92226,13.1838,6.20742,16.626,7.47806,20.0292,1472.83,3944.82
1950-09-01,1950,9,30,True,112.83,108.42,3.97767,10.3101,4.479,11.6096,5.53033,14.3346,6.50667,16.8653,899.609,2331.79
1950-10-01,1950,10,31,True,308.18,83.52,6.09129,16.3149,6.83194,18.2987,8.83258,23.6572,11.2445,30.1173,842.013,2255.25
1950-11-01,1950,11,30,True,304.89,61.6,16.9943,44.0493,19.5143,50.5812,29.643,76.8347,44.149,114.434,1960.85,5082.51
1950-12-01,1950,12,31,True,157.49,57.13,5.15323,13.8024,5.8571,15.6876,8.8129,23.6045,13.109,35.1112,653.812,1751.17
1951-01-01,1951,1,31,True,92.16,60.09,3.79645,10.1684,4.31903,11.5681,6.18194,16.5577,8.94323,23.9535,496.316,1329.33
1951-02-01,1951,2,28,True,41.61,91.09,3.70714,8.96832,4.18929,10.1347,6.15821,14.898,8.71036,21.0721,423.924,1025.56
1951-03-01,1951,3,31,True,52.45,152.24,1.67613,4.48934,1.91355,5.12525,2.86903,7.68442,4.22903,11.327,229.277,614.096
1951-04-01,1951,4,30,True,21.37,184.32,0.791,2.05027,0.907667,2.35267,1.40633,3.64522,2.13767,5.54083,147.274,381.733
1951-05-01,1951,5,31,True,26.36,245.9,0.41,1.09814,0.469032,1.25626,0.728387,1.95091,1.10839,2.9687,92.8387,248.659
1951-06-01,1951,6,30,True,29.85,221.46,0.211,0.546912,0.240333,0.622944,0.378,0.979776,0.585667,1.51805,216.908,562.226
1951-07-01,1951,7,31,True,159.94,160.17,0.314194,0.841536,0.343871,0.921024,0.478065,1.28045,0.665806,1.7833,448.402,1201
1951-08-01,1951,8,31,True,275.66,102.3,1.07452,2.87798,1.18194,3.1657,1.78032,4.76842,2.62355,7.02691,1018.41,2727.7
1951-09-01,1951,9,30,True,120.38,109.15,1.087,2.8175,1.188,3.0793,1.587,4.1135,2.103,5.45098,620.835,1609.21
1951-10-01,1951,10,31,True,221.42,94.34,3.08871,8.2728,3.48677,9.33898,5.62355,15.0621,8.69323,23.2839,342.672,917.812
1951-11-01,1951,11,30,True,8.07,88.06,0.945667,2.45117,1.05733,2.74061,1.45767,3.77827,1.99933,5.18227,135.789,351.964
1951-12-01,1951,12,31,True,0,83.42,0.666129,1.78416,0.752903,2.01658,1.07387,2.87626,1.52258,4.07808,84.8994,227.394
1952-01-01,1952,1,31,True,96.39,73.88,0.621613,1.66493,0.699355,1.87315,1.0229,2.73974,1.48226,3.97008,105.555,282.72
1952-02-01,1952,2,29,True,83.76,80.9,0.483793,1.21219,0.541034,1.35562,0.775517,1.94314,1.11207,2.7864,97.2552,243.683
1952-03-01,1952,3,31,True,110.52,112.96,0.943871,2.52806,1.02613,2.74838,1.4029,3.75754,1.91032,5.11661,251.687,674.12
1952-04-01,1952,4,30,True,63.9,154.48,0.475,1.2312,0.518667,1.34438,0.684,1.77293,0.911333,2.36218,155.412,402.827
1952-05-01,1952,5,31,True,69.22,170.68,0.406452,1.08864,0.44129,1.18195,0.577097,1.5457,0.764839,2.04854,195.595,523.88
1952-06-01,1952,6,30,True,248.21,136.54,2.832,7.34054,3.141,8.14147,4.03767,10.4656,4.83367,12.5289,417.185,1081.34
1952-07-01,1952,7,31,True,240.35,125.25,1.37935,3.69446,1.51935,4.06944,2.23968,5.99875,3.25387,8.71517,752.993,2016.82
1952-08-01,1952,8,31,True,389.61,81.58,10.98,29.4088,12.291,32.9201,16.0313,42.9382,20.6013,55.1785,2159.41,5783.78
1952-09-01,1952,9,30,True,21.8,130.22,4.39567,11.3936,5.06933,13.1397,7.564,19.6059,10.957,28.4005,729.493,1890.85
1952-10-01,1952,10,31,True,31.47,124.43,1.49452,4.00291,1.72677,4.62499,2.70839,7.25414,4.12968,11.0609,198.245,530.98
1952-11-01,1952,11,30,True,0.73,105.26,0.717333,1.85933,0.83,2.15136,1.32667,3.43872,2.05767,5.33347,82.6493,214.227
1952-12-01,1952,12,31,True,16.31,84.96,0.428387,1.14739,0.496129,1.32883,0.803871,2.15309,1.26613,3.3912,53.6423,143.675
1953-01-01,1953,1,31,True,146.01,66.01,0.979032,2.62224,1.11226,2.97907,1.57323,4.21373,2.14968,5.7577,147.043,393.839
1953-02-01,1953,2,28,True,19.85,82.45,0.257857,0.623808,0.297143,0.718848,0.485,1.17331,0.772143,1.86797,115.222,278.745
1953-03-01,1953,3,31,True,42.53,133.72,0.247419,0.662688,0.282258,0.756,0.440968,1.18109,0.678065,1.81613,85.2719,228.392
1953-04-01,1953,4,30,True,14.29,197.97,0.156333,0.405216,0.179333,0.464832,0.286667,0.74304,0.448,1.16122,97.535,252.811
1953-05-01,1953,5,31,True,42.85,199.29,0.138065,0.369792,0.153548,0.411264,0.22871,0.612576,0.341613,0.914976,248.719,666.168
1953-06-01,1953,6,30,True,238.73,140.53,0.89,2.30688,0.984333,2.55139,1.474,3.82061,2.13,5.52096,601.466,1559
1953-07-01,1953,7,31,True,569.43,72.87,9.29484,24.8953,10.2623,27.4864,13.8819,37.1814,18.9584,50.7781,3437.74,9207.66
1953-08-01,1953,8,31,True,264.92,94.27,10.0132,26.8194,11.4997,30.8007,17.9458,48.066,27.4239,73.4521,2184.87,5851.95
1953-09-01,1953,9,30,True,207.8,98.14,4.533,11.7495,5.18233,13.4326,8.51433,22.0692,13.7173,35.5553,775.794,2010.86
1953-10-01,1953,10,31,True,27.84,110.92,2.76355,7.40189,3.14645,8.42746,5.3871,14.4288,8.94419,23.9561,466.009,1248.16
1953-11-01,1953,11,30,True,0,102.89,1.41767,3.67459,1.62733,4.21805,2.78933,7.22995,4.63467,12.0131,182.504,473.05
1953-12-01,1953,12,31,True,55.38,82.99,0.788065,2.11075,0.907419,2.43043,1.53871,4.12128,2.53645,6.79363,98.4326,263.642
1954-01-01,1954,1,31,True,80.83,73.48,0.599677,1.60618,0.67,1.79453,1.00129,2.68186,1.47968,3.96317,129.046,345.636
1954-02-01,1954,2,28,True,132.33,79.31,0.683571,1.6537,0.762143,1.84378,1.14679,2.7743,1.71714,4.15411,190.89,461.8
1954-03-01,1954,3,31,True,7.41,160.31,0.312258,0.836352,0.348387,0.93312,0.512581,1.3729,0.767097,2.05459,90.1535,241.467
1954-04-01,1954,4,30,True,0.3,253.08,0.213667,0.553824,0.236,0.611712,0.349333,0.905472,0.521667,1.35216,53.027,137.446
1954-05-01,1954,5,31,True,4.17,276.31,0.114194,0.305856,0.126452,0.338688,0.192258,0.514944,0.29,0.776736,28.0952,75.2501
1954-06-01,1954,6,30,True,64.47,213.58,0.131,0.339552,0.146667,0.38016,0.203,0.526176,0.277,0.717984,102.785,266.42
1954-07-01,1954,7,31,True,395.32,110.73,2.06548,5.53219,2.21774,5.94,2.94484,7.88746,3.92613,10.5157,1834.69,4914.02
1954-08-01,1954,8,31,True,462.92,95.73,10.2206,27.375,11.57,30.9891,16.66,44.6221,23.699,63.4755,2833.11,7588.2
1954-09-01,1954,9,30,True,240.88,91.83,4.28933,11.118,4.87233,12.6291,7.817,20.2617,12.265,31.7909,677.371,1755.75
1954-10-01,1954,10,31,True,70.84,121.31,5.56645,14.9092,6.26194,16.772,9.24,24.7484,13.639,36.5308,1021,2734.65
1954-11-01,1954,11,30,True,0,126.74,1.46733,3.80333,1.696,4.39603,2.75133,7.13146,4.33333,11.232,188.613,488.885
1954-12-01,1954,12,31,True,1.05,98.87,0.707742,1.89562,0.818387,2.19197,1.34032,3.58992,2.12935,5.70326,90.2977,241.853
1955-01-01,1955,1,31,True,73.12,90.56,0.430323,1.15258,0.497419,1.33229,0.82,2.19629,1.31419,3.51994,76.0494,203.691
1955-02-01,1955,2,28,True,5.01,122.59,0.275357,0.666144,0.318929,0.771552,0.529643,1.28131,0.851429,2.05978,52.3036,126.533
1955-03-01,1955,3,31,True,1.79,200.81,0.171613,0.459648,0.197419,0.528768,0.326452,0.874368,0.522903,1.40054,42.3081,113.318
1955-04-01,1955,4,30,True,1.41,238.47,0.102,0.264384,0.116333,0.301536,0.189667,0.491616,0.3,0.7776,24.8083,64.3032
1955-05-01,1955,5,31,True,1.12,285.42,0.0609677,0.163296,0.07,0.187488,0.11129,0.29808,0.177419,0.4752,16.429,44.0035
1955-06-01,1955,6,30,True,115.84,195.42,0.169667,0.439776,0.175667,0.455328,0.294333,0.762912,0.471333,1.2217,124.699,323.219
1955-07-01,1955,7,31,True,230.19,130.61,1.50065,4.01933,1.67613,4.48934,2.9671,7.94707,4.91323,13.1596,716.589,1919.31
1955-08-01,1955,8,31,True,425.69,77.49,3.53194,9.45994,3.91387,10.4829,5.85484,15.6816,8.78194,23.5215,1965.28,5263.82
1955-09-01,1955,9,30,True,291.87,92.58,6.34367,16.4428,7.08367,18.3609,9.77067,25.3256,13.5093,35.0162,1290.83,3345.84
1955-10-01,1955,10,31,True,194.03,103.57,9.44129,25.2876,10.7097,28.6848,16.4235,43.9888,24.9642,66.8641,1493.54,4000.3
1955-11-01,1955,11,30,True,0,98.45,2.663,6.9025,3.08333,7.992,4.986,12.9237,7.80233,20.2236,317.2,822.183
1955-12-01,1955,12,31,True,0,93.78,1.09323,2.9281,1.26548,3.38947,2.03065,5.43888,3.16323,8.47238,129.773,347.584
1956-01-01,1956,1,31,True,37.73,94.7,0.58871,1.5768,0.680968,1.8239,1.1029,2.95402,1.73419,4.64486,77.6303,207.925
1956-02-01,1956,2,29,True,1.18,140.25,0.337241,0.844992,0.39,0.977184,0.638966,1.60099,1.01345,2.5393,47.1028,118.021
1956-03-01,1956,3,31,True,13.15,189.63,0.194516,0.520992,0.223548,0.598752,0.366129,0.98064,0.581935,1.55866,69.2452,185.466
1956-04-01,1956,4,30,True,0.42,246.7,0.110667,0.286848,0.126333,0.327456,0.209,0.541728,0.334333,0.866592,24.1517,62.6011
1956-05-01,1956,5,31,True,17.26,245.57,0.0664516,0.177984,0.0754839,0.202176,0.126129,0.337824,0.202581,0.542592,32.1045,85.9887
1956-06-01,1956,6,30,True,50.96,204.32,0.0576667,0.149472,0.0616667,0.15984,0.094,0.243648,0.147333,0.381888,164.958,427.572
1956-07-01,1956,7,31,True,430.95,97.99,6.15258,16.4791,6.56806,17.5919,8.12323,21.7572,9.97097,26.7062,2059.1,5515.08
1956-08-01,1956,8,31,True,413.01,102.88,6.47097,17.3318,7.19065,19.2594,10.291,27.5633,14.8074,39.6602,1853.9,4965.49
1956-09-01,1956,9,30,True,130.08,109.36,4.718,12.2291,5.44233,14.1065,7.85367,20.3567,10.986,28.4757,886.939,2298.95
1956-10-01,1956,10,31,True,319.31,87.23,12.1065,32.4259,13.9458,37.3524,22.7226,60.8602,36.1197,96.7429,2495.78,6684.69
1956-11-01,1956,11,30,True,10.83,95.79,2.44333,6.33312,2.81633,7.29994,4.523,11.7236,7.065,18.3125,325.269,843.096
1956-12-01,1956,12,31,True,2.54,93.06,1.05194,2.8175,1.21097,3.24346,1.93613,5.18573,3.01645,8.07926,136.836,366.502
1957-01-01,1957,1,31,True,64.14,80.13,0.639677,1.71331,0.735806,1.97078,1.16484,3.1199,1.80355,4.83062,113.128,303.002
1957-02-01,1957,2,28,True,0.07,124.88,0.392857,0.9504,0.451786,1.09296,0.714643,1.72886,1.10643,2.67667,61.9789,149.939
1957-03-01,1957,3,31,True,16.19,166.15,0.239355,0.641088,0.273871,0.733536,0.429355,1.14998,0.657742,1.7617,51.7623,138.64
1957-04-01,1957,4,30,True,0.43,255,0.136,0.352512,0.155667,0.403488,0.245667,0.636768,0.377667,0.978912,34.0003,88.1289
1957-05-01,1957,5,31,True,2.85,289.18,0.0767742,0.205632,0.09,0.241056,0.140323,0.37584,0.218387,0.584928,32.8119,87.8835
1957-06-01,1957,6,30,True,65.49,229.33,0.0603333,0.156384,0.0693333,0.179712,0.117333,0.304128,0.195,0.50544,32.317,83.7657
1957-07-01,1957,7,31,True,433.93,101.63,1.60581,4.30099,1.78323,4.77619,4.31484,11.5569,8.56548,22.9418,479.52,1284.35
1957-08-01,1957,8,31,True,393.31,90.82,5.43065,14.5454,5.9371,15.9019,8.42516,22.566,12.2626,32.8441,1409.77,3775.94
1957-09-01,1957,9,30,True,374.64,111.28,19.3313,50.1068,22.1173,57.3281,35.2467,91.3594,55.019,142.609,2360.89,6119.43
1957-10-01,1957,10,31,True,5.12,139.05,2.21903,5.94346,2.56387,6.86707,4.14258,11.0955,6.48419,17.3673,322.136,862.809
1957-11-01,1957,11,30,True,5.23,110.14,0.857333,2.22221,0.986,2.55571,1.58633,4.11178,2.48233,6.43421,113.853,295.108
1957-12-01,1957,12,31,True,14.69,75.35,0.554516,1.48522,0.63871,1.71072,1.03323,2.76739,1.62806,4.36061,92.7761,248.492
1958-01-01,1958,1,31,True,31.66,83.39,0.407742,1.0921,0.469355,1.25712,0.768387,2.05805,1.22387,3.27802,59.1426,158.407
1958-02-01,1958,2,28,True,2.59,115.42,0.290714,0.703296,0.333214,0.806112,0.550714,1.33229,0.888571,2.14963,55.9493,135.353
1958-03-01,1958,3,31,True,4.23,196.18,0.189677,0.508032,0.217742,0.5832,0.364839,0.977184,0.593548,1.58976,38.1374,102.147
1958-04-01,1958,4,30,True,7.59,236.32,0.117333,0.304128,0.134333,0.348192,0.223,0.578016,0.365,0.94608,27.9333,72.4032
1958-05-01,1958,5,31,True,2.08,278.04,0.0719355,0.192672,0.0825806,0.221184,0.138065,0.369792,0.225161,0.603072,21.0052,56.2602
1958-06-01,1958,6,30,True,38.72,240.8,0.054,0.139968,0.057,0.147744,0.0923333,0.239328,0.152667,0.395712,24.4913,63.4815
1958-07-01,1958,7,31,True,542.53,96.51,5.11548,13.7013,5.55839,14.8876,7.76032,20.7852,11.0955,29.7181,1264.68,3387.33
1958-08-01,1958,8,31,True,557.86,86.33,24.0752,64.4829,27.1577,72.7393,36.8274,98.6386,48.8768,130.912,3572.81,9569.42
1958-09-01,1958,9,30,True,357.45,90.52,10.254,26.5784,11.5657,29.9782,17.0383,44.1634,25.021,64.8544,1206.37,3126.91
1958-10-01,1958,10,31,True,182.43,112.24,15.6503,41.9178,18.0152,48.2518,27.9758,74.9304,42.4155,113.606,1845.45,4942.86
1958-11-01,1958,11,30,True,0.01,113.12,1.65833,4.2984,1.918,4.97146,3.105,8.04816,4.87533,12.6369,235.844,611.308
1958-12-01,1958,12,31,True,4.21,88.64,0.789355,2.11421,0.912581,2.44426,1.47806,3.95885,2.32968,6.23981,117.923,315.846
1959-01-01,1959,1,31,True,35.74,78.41,0.560323,1.50077,0.645161,1.728,1.04097,2.78813,1.63742,4.38566,81.8835,219.317
1959-02-01,1959,2,28,True,12.69,107.91,0.394643,0.95472,0.454643,1.09987,0.731429,1.76947,1.15,2.78208,104.509,252.828
1959-03-01,1959,3,31,True,11.48,194.52,0.245161,0.65664,0.282258,0.756,0.455806,1.22083,0.711935,1.90685,44.8184,120.042
1959-04-01,1959,4,30,True,1.6,243.85,0.145667,0.377568,0.167667,0.434592,0.269667,0.698976,0.421333,1.0921,44.0543,114.189
1959-05-01,1959,5,31,True,67.55,253.76,0.135806,0.363744,0.153226,0.4104,0.24129,0.646272,0.36871,0.987552,22.9658,61.5116
1959-06-01,1959,6,30,True,19.52,212.68,0.06,0.15552,0.0703333,0.182304,0.115333,0.298944,0.182333,0.472608,102.497,265.671
1959-07-01,1959,7,31,True,333.28,120.71,2.3871,6.3936,2.55968,6.85584,3.12677,8.37475,3.75516,10.0578,1120.19,3000.31
1959-08-01,1959,8,31,True,390.06,96.16,6.90548,18.4956,7.74194,20.736,10.5335,28.2131,14.0858,37.7274,2930.82,7849.9
1959-09-01,1959,9,30,True,177.74,99.62,4.76167,12.3422,5.37433,13.9303,6.79467,17.6118,8.266,21.4255,1270.6,3293.4
1959-10-01,1959,10,31,True,315.53,103.63,19.1471,51.2836,21.9542,58.8021,28.8029,77.1457,36.1219,96.749,1338.44,3584.89
1959-11-01,1959,11,30,True,16.72,98.67,1.911,4.95331,2.20133,5.70586,3.41567,8.85341,5.17233,13.4067,255.13,661.296
1959-12-01,1959,12,31,True,0,93.02,0.942581,2.52461,1.08419,2.9039,1.74968,4.68634,2.7529,7.37338,124.058,332.276
1960-01-01,1960,1,31,True,33.74,85.45,0.594839,1.59322,0.684516,1.83341,1.1229,3.00758,1.79387,4.8047,91.0316,243.819
1960-02-01,1960,2,29,True,0,132.99,0.379655,0.951264,0.435517,1.09123,0.726552,1.82045,1.17793,2.95142,55.26,138.459
1960-03-01,1960,3,31,True,37.52,159.31,0.243871,0.653184,0.27871,0.746496,0.465161,1.24589,0.757742,2.02954,73.9413,198.044
1960-04-01,1960,4,30,True,2.33,256.31,0.143333,0.37152,0.163,0.422496,0.277333,0.718848,0.456,1.18195,41.2267,106.86
1960-05-01,1960,5,31,True,3.24,269.9,0.0841935,0.225504,0.0951613,0.25488,0.162581,0.435456,0.267419,0.716256,27.9577,74.882
1960-06-01,1960,6,30,True,82.63,232.48,0.216667,0.5616,0.227333,0.589248,0.284667,0.737856,0.370333,0.959904,47.0887,122.054
1960-07-01,1960,7,31,True,542.22,105.31,6.26806,16.7884,7.05871,18.906,10.5571,28.2761,15.6258,41.8522,1619.92,4338.8
1960-08-01,1960,8,31,True,369.79,83.24,10.4832,28.0783,11.7258,31.4064,15.8926,42.5667,21.4871,57.551,2886.6,7731.46
1960-09-01,1960,9,30,True,119.52,123.56,7.80467,20.2297,8.787,22.7759,12.9467,33.5578,18.9513,49.1219,1787.81,4634.01
1960-10-01,1960,10,31,True,221.78,111.6,4.5071,12.0718,5.25548,14.0763,9.77032,26.1688,17.0919,45.779,400.893,1073.75
1960-11-01,1960,11,30,True,0,110.26,1.76267,4.56883,2.05067,5.31533,3.45833,8.964,5.60233,14.5212,156.946,406.805
1960-12-01,1960,12,31,True,15.96,101.8,0.924516,2.47622,1.07355,2.87539,1.79,4.79434,2.87871,7.71034,89.9103,240.816
1961-01-01,1961,1,31,True,104.88,75.7,0.725161,1.94227,0.823548,2.20579,1.28742,3.44822,2.01323,5.39222,89.3816,239.4
1961-02-01,1961,2,28,True,84.1,96.15,1.20607,2.91773,1.35429,3.27629,2.025,4.89888,2.98464,7.22045,238.657,577.36
1961-03-01,1961,3,31,True,2.64,173.49,0.545484,1.46102,0.610323,1.63469,0.903548,2.42006,1.34387,3.59942,75.3165,201.728
1961-04-01,1961,4,30,True,6.05,226.25,0.336,0.870912,0.377667,0.978912,0.571,1.48003,0.857667,2.22307,52.181,135.253
1961-05-01,1961,5,31,True,11.55,252.2,0.198387,0.53136,0.223871,0.599616,0.346452,0.927936,0.528387,1.41523,52.4484,140.478
1961-06-01,1961,6,30,True,106.25,193.92,0.244667,0.634176,0.268667,0.696384,0.399667,1.03594,0.599,1.55261,155.192,402.258
1961-07-01,1961,7,31,True,352.81,115.86,2.82935,7.57814,3.14774,8.43091,4.14258,11.0955,5.20806,13.9493,993.831,2661.88
1961-08-01,1961,8,31,True,368.99,81.73,4.28323,11.4722,4.65452,12.4667,6.45871,17.299,9.35871,25.0664,3300.41,8839.82
1961-09-01,1961,9,30,True,224.48,103.5,9.09733,23.5803,10.4813,27.1676,14.6127,37.876,19.5263,50.6123,1268.61,3288.25
1961-10-01,1961,10,31,True,318.61,104.43,13.2919,35.6011,15.3668,41.1584,25.6584,68.7234,41.3826,110.839,1121.34,3003.39
1961-11-01,1961,11,30,True,0.55,93.92,2.567,6.65366,2.962,7.6775,4.71767,12.2282,7.29933,18.9199,285.401,739.76
1961-12-01,1961,12,31,True,25.92,78.18,1.16774,3.12768,1.34226,3.5951,2.11,5.65142,3.23968,8.67715,163.538,438.02
1962-01-01,1962,1,31,True,55.8,83.71,0.777419,2.08224,0.89,2.38378,1.38387,3.70656,2.11194,5.65661,121.488,325.394
1962-02-01,1962,2,28,True,18.68,90.93,0.531429,1.28563,0.609286,1.47398,0.947857,2.29306,1.4475,3.50179,102.733,248.532
1962-03-01,1962,3,31,True,32.49,165.56,0.446129,1.19491,0.503871,1.34957,0.748065,2.00362,1.10258,2.95315,149.752,401.096
1962-04-01,1962,4,30,True,4.28,210.75,0.240333,0.622944,0.273667,0.709344,0.420333,1.0895,0.636,1.64851,56.1427,145.522
1962-05-01,1962,5,31,True,6.86,244.59,0.146452,0.392256,0.167419,0.448416,0.257742,0.690336,0.393226,1.05322,59.2481,158.69
1962-06-01,1962,6,30,True,59.41,203.01,0.110333,0.285984,0.126333,0.327456,0.192667,0.499392,0.290667,0.753408,282.083,731.16
1962-07-01,1962,7,31,True,362.93,133.31,3.36258,9.00634,3.61452,9.68112,4.7771,12.795,6.37,17.0614,1260.28,3375.55
1962-08-01,1962,8,31,True,462.82,94.92,5.31323,14.2309,5.97839,16.0125,9.61742,25.7593,15.4045,41.2595,2107.74,5645.38
1962-09-01,1962,9,30,True,402.27,100.22,18.8687,48.9076,21.5133,55.7626,31.5727,81.8364,45.6953,118.442,2227.55,5773.82
1962-10-01,1962,10,31,True,0.72,130.94,4.19323,11.2311,4.85065,12.992,7.9029,21.1671,12.4326,33.2994,602.409,1613.49
1962-11-01,1962,11,30,True,1.5,116.72,1.257,3.25814,1.45,3.7584,2.352,6.09638,3.70433,9.60163,155.938,404.191
1962-12-01,1962,12,31,True,6.37,87,0.745484,1.9967,0.860323,2.30429,1.38968,3.72211,2.18387,5.84928,89.2594,239.072
1963-01-01,1963,1,31,True,11.73,97.13,0.508387,1.36166,0.586452,1.57075,0.945484,2.53238,1.48484,3.97699,61.4106,164.482
1963-02-01,1963,2,28,True,7.1,129.92,0.321071,0.776736,0.371429,0.89856,0.603929,1.46102,0.954286,2.30861,44.6968,108.13
1963-03-01,1963,3,31,True,20.13,183.47,0.19129,0.512352,0.220323,0.590112,0.362903,0.972,0.580645,1.5552,65.3532,175.042
1963-04-01,1963,4,30,True,5.76,210.27,0.110333,0.285984,0.126,0.326592,0.212667,0.551232,0.346667,0.89856,34.614,89.7195
1963-05-01,1963,5,31,True,10.59,248.33,0.0693548,0.18576,0.0790323,0.21168,0.134839,0.361152,0.219355,0.58752,36.9342,98.9245
1963-06-01,1963,6,30,True,117.1,179.99,0.407667,1.05667,0.432333,1.12061,0.539667,1.39882,0.611667,1.58544,229.626,595.191
1963-07-01,1963,7,31,True,298.82,133.1,2.82677,7.57123,3.18839,8.53978,5.35581,14.345,8.52484,22.8329,669.703,1793.73
1963-08-01,1963,8,31,True,431.67,76.32,4.48194,12.0044,4.9671,13.3039,7.32548,19.6206,10.7048,28.6718,1946.75,5214.18
1963-09-01,1963,9,30,True,302.17,105.36,15.2997,39.6567,17.359,44.9945,25.6613,66.5142,37.5897,97.4324,2919.44,7567.2
1963-10-01,1963,10,31,True,0.98,139.73,2.43935,6.53357,2.81839,7.54877,4.50484,12.0658,6.97484,18.6814,336.676,901.752
1963-11-01,1963,11,30,True,6.36,98.87,0.848333,2.19888,0.979,2.53757,1.54767,4.01155,2.38533,6.18278,116.307,301.468
1963-12-01,1963,12,31,True,11.31,87.26,0.490645,1.31414,0.564839,1.51286,0.892903,2.39155,1.37742,3.68928,75.65,202.621
1964-01-01,1964,1,31,True,2.94,106.63,0.286774,0.768096,0.330968,0.886464,0.544194,1.45757,0.869355,2.32848,55.0126,147.346
1964-02-01,1964,2,29,True,1.46,133.81,0.194138,0.486432,0.222759,0.558144,0.362414,0.908064,0.575517,1.44202,39.2076,98.2385
1964-03-01,1964,3,31,True,1.33,216.62,0.116129,0.31104,0.133226,0.356832,0.217419,0.582336,0.344839,0.923616,27.4939,73.6396
1964-04-01,1964,4,30,True,0.31,259.67,0.068,0.176256,0.078,0.202176,0.127333,0.330048,0.201667,0.52272,16.8713,43.7305
1964-05-01,1964,5,31,True,44.39,241.54,0.06,0.160704,0.066129,0.17712,0.103548,0.277344,0.159032,0.425952,33.1384,88.7579
1964-06-01,1964,6,30,True,42.44,240.04,0.0376667,0.097632,0.0436667,0.113184,0.0696667,0.180576,0.110333,0.285984,47.6227,123.438
1964-07-01,1964,7,31,True,777.3,89.94,10.9819,29.414,12.359,33.1024,19.3219,51.7519,29.7139,79.5856,3006.47,8052.54
1964-08-01,1964,8,31,True,255.44,101.26,7.31742,19.599,8.26161,22.1279,11.5823,31.0219,16.1371,43.2216,1786.93,4786.12
1964-09-01,1964,9,30,True,523.99,89.22,27.899,72.3142,32.419,84.03,47.3383,122.701,66.8147,173.184,2205.75,5717.3
1964-10-01,1964,10,31,True,2.81,130.58,3.35871,8.99597,3.87548,10.3801,6.29645,16.8644,9.92355,26.5792,586.485,1570.84
1964-11-01,1964,11,30,True,0.03,116.9,1.22233,3.16829,1.40933,3.65299,2.27767,5.90371,3.577,9.27158,174.04,451.111
1964-12-01,1964,12,31,True,26.96,103.39,0.59871,1.60358,0.690968,1.85069,1.13419,3.03782,1.8071,4.84013,94.0003,251.77
1965-01-01,1965,1,31,True,8.62,110.64,0.360323,0.965088,0.414839,1.1111,0.684194,1.83254,1.09452,2.93155,57.0168,152.714
1965-02-01,1965,2,28,True,18.91,124.07,0.237143,0.573696,0.2725,0.659232,0.451429,1.0921,0.721071,1.74442,67.0979,162.323
1965-03-01,1965,3,31,True,42.5,173.91,0.16129,0.432,0.183871,0.49248,0.304194,0.814752,0.488387,1.3081,55.651,149.056
1965-04-01,1965,4,30,True,44.67,221.67,0.223667,0.579744,0.249333,0.646272,0.412667,1.06963,0.671667,1.74096,65.1993,168.997
1965-05-01,1965,5,31,True,4.64,262.95,0.0709677,0.19008,0.0812903,0.217728,0.135806,0.363744,0.218065,0.584064,27.3181,73.1687
1965-06-01,1965,6,30,True,2.46,270.51,0.0443333,0.114912,0.0486667,0.126144,0.0823333,0.213408,0.135667,0.351648,59.517,154.268
1965-07-01,1965,7,31,True,379.69,150.49,2.96,7.92806,3.28774,8.80589,4.91742,13.1708,7.27032,19.4728,871.937,2335.4
1965-08-01,1965,8,31,True,204.02,125.19,1.94323,5.20474,2.1771,5.83114,3.39903,9.10397,4.88613,13.087,747.883,2003.13
1965-09-01,1965,9,30,True,69.34,122.06,0.652667,1.69171,0.723667,1.87574,1.111,2.87971,1.67967,4.3537,299.013,775.042
1965-10-01,1965,10,31,True,25.19,121.99,0.367097,0.983232,0.415806,1.1137,0.599677,1.60618,0.857419,2.29651,113.307,303.483
1965-11-01,1965,11,30,True,0.2,108.23,0.266333,0.690336,0.301333,0.781056,0.440667,1.14221,0.638667,1.65542,59.6087,154.506
1965-12-01,1965,12,31,True,0.63,99.6,0.193226,0.517536,0.21871,0.585792,0.325161,0.870912,0.481935,1.29082,37.2123,99.6693
1966-01-01,1966,1,31,True,16.99,104.81,0.147419,0.394848,0.167742,0.44928,0.253226,0.67824,0.382581,1.0247,28.7377,76.9712
1966-02-01,1966,2,28,True,22.85,119.36,0.115,0.278208,0.130714,0.316224,0.200714,0.485568,0.305714,0.739584,38.4164,92.937
1966-03-01,1966,3,31,True,0.37,206.54,0.0780645,0.209088,0.0877419,0.235008,0.137097,0.3672,0.213871,0.572832,24.3948,65.3391
1966-04-01,1966,4,30,True,0.93,247.29,0.0523333,0.135648,0.0576667,0.149472,0.0896667,0.232416,0.138,0.357696,14.722,38.1594
1966-05-01,1966,5,31,True,15.51,274.24,0.0354839,0.09504,0.0377419,0.101088,0.0612903,0.16416,0.0967742,0.2592,26.7019,71.5185
1966-06-01,1966,6,30,True,219.66,206.2,1.038,2.6905,1.186,3.07411,1.695,4.39344,2.34433,6.07651,128.69,333.564
1966-07-01,1966,7,31,True,307.68,135.79,2.68419,7.18934,2.89806,7.76218,4.06226,10.8804,5.83032,15.6159,1301.86,3486.91
1966-08-01,1966,8,31,True,349.81,103.67,8.38581,22.4605,9.32161,24.967,12.3658,33.1206,16.1535,43.2657,1942.68,5203.27
1966-09-01,1966,9,30,True,54.63,131.67,2.18033,5.65142,2.465,6.38928,3.50433,9.08323,4.91767,12.7466,480.581,1245.67
1966-10-01,1966,10,31,True,25.72,130.58,1.02452,2.74406,1.17065,3.13546,1.75484,4.70016,2.58355,6.91978,164.599,440.863
1966-11-01,1966,11,30,True,1.01,121.62,0.546333,1.4161,0.627667,1.62691,0.959667,2.48746,1.44167,3.7368,71.5387,185.428
1966-12-01,1966,12,31,True,6.62,108.57,0.345806,0.926208,0.397419,1.06445,0.617419,1.6537,0.940968,2.52029,42.6623,114.267
1967-01-01,1967,1,31,True,0,98.32,0.244516,0.654912,0.280645,0.75168,0.440968,1.18109,0.677742,1.81526,31.3387,83.9376
1967-02-01,1967,2,28,True,0,134.11,0.181786,0.439776,0.208571,0.504576,0.328214,0.794016,0.5075,1.22774,27.5046,66.5392
1967-03-01,1967,3,31,True,85.16,155.19,0.183226,0.490752,0.208065,0.55728,0.438065,1.17331,0.792903,2.12371,40.8342,109.37
1967-04-01,1967,4,30,True,7.12,235.14,0.0933333,0.24192,0.106667,0.27648,0.169667,0.439776,0.268333,0.69552,28.2077,73.1143
1967-05-01,1967,5,31,True,21.02,266.43,0.0664516,0.177984,0.076129,0.203904,0.122581,0.32832,0.193871,0.519264,20.6245,55.2407
1967-06-01,1967,6,30,True,232.37,226.91,2.9,7.5168,3.223,8.35402,5.74033,14.8789,9.74367,25.2556,215.291,558.033
1967-07-01,1967,7,31,True,339.15,115.44,2.75452,7.3777,3.12065,8.35834,4.50097,12.0554,6.29839,16.8696,1575.92,4220.95
1967-08-01,1967,8,31,True,466.69,92.13,13.1032,35.0957,14.6468,39.2299,19.0126,50.9233,24.3029,65.0929,3035.07,8129.12
1967-09-01,1967,9,30,True,218.78,107.55,9.399,24.3622,10.8103,28.0204,17.694,45.8628,28.12,72.887,1452.21,3764.14
1967-10-01,1967,10,31,True,39.63,130.95,2.68516,7.19194,3.10097,8.30563,4.93355,13.214,7.6229,20.4172,358.344,959.789
1967-11-01,1967,11,30,True,12.17,95.88,1.03267,2.67667,1.19067,3.08621,1.89367,4.90838,2.92967,7.5937,132.955,344.618
1967-12-01,1967,12,31,True,77.89,67.93,0.661935,1.77293,0.763226,2.04422,1.21129,3.24432,1.87839,5.03107,94.8913,254.157
1968-01-01,1968,1,31,True,71.27,69.15,0.507097,1.35821,0.580968,1.55606,0.937742,2.51165,1.47774,3.95798,80.1358,214.636
1968-02-01,1968,2,29,True,34.97,98.43,0.366552,0.918432,0.421379,1.05581,0.678276,1.69949,1.07034,2.68186,101.221,253.619
1968-03-01,1968,3,31,True,21.9,159.31,0.262581,0.703296,0.300323,0.804384,0.482258,1.29168,0.759677,2.03472,68.0281,182.206
1968-04-01,1968,4,30,True,4.03,206.79,0.169333,0.438912,0.193,0.500256,0.315,0.81648,0.505667,1.31069,41.3483,107.175
1968-05-01,1968,5,31,True,2.21,272.04,0.109677,0.29376,0.123871,0.331776,0.203226,0.54432,0.326129,0.873504,29.269,78.3942
1968-06-01,1968,6,30,True,120.61,167.5,0.373333,0.96768,0.411667,1.06704,0.524333,1.35907,0.641667,1.6632,201.835,523.156
1968-07-01,1968,7,31,True,293.61,108.03,1.54516,4.13856,1.67548,4.48762,2.36871,6.34435,3.30806,8.86032,1114.51,2985.11
1968-08-01,1968,8,31,True,340.93,118.89,5.67258,15.1934,6.46,17.3025,9.62419,25.7774,14.0245,37.5633,1208.09,3235.75
1968-09-01,1968,9,30,True,244.36,132.89,5.88867,15.2634,6.69933,17.3647,9.72633,25.2107,13.7873,35.7368,626.926,1624.99
1968-10-01,1968,10,31,True,7.39,123.2,1.73677,4.65178,2.00581,5.37235,2.7571,7.38461,3.63839,9.74506,156.014,417.867
1968-11-01,1968,11,30,True,0.06,100.3,0.982,2.54534,1.13367,2.93846,1.63267,4.23187,2.28233,5.91581,87.1113,225.793
1968-12-01,1968,12,31,True,8.5,86.52,0.633871,1.69776,0.730323,1.9561,1.08677,2.91082,1.58,4.23187,62.4023,167.138
1969-01-01,1969,1,31,True,12.63,93.31,0.447419,1.19837,0.512258,1.37203,0.801613,2.14704,1.23129,3.29789,68.5594,183.629
1969-02-01,1969,2,28,True,6.63,120.82,0.316786,0.766368,0.361786,0.875232,0.57,1.37894,0.880714,2.13062,53.7171,129.953
1969-03-01,1969,3,31,True,25.79,184.01,0.218065,0.584064,0.247742,0.663552,0.396774,1.06272,0.623226,1.66925,32.88,88.0658
1969-04-01,1969,4,30,True,12.16,233.48,0.135,0.34992,0.154333,0.400032,0.246,0.637632,0.385333,0.998784,33.0583,85.6872
1969-05-01,1969,5,31,True,43.2,234.51,0.123548,0.330912,0.134839,0.361152,0.202581,0.542592,0.310323,0.831168,77.4958,207.565
1969-06-01,1969,6,30,True,35.54,214.53,0.0706667,0.183168,0.078,0.202176,0.120333,0.311904,0.189,0.489888,109.047,282.651
1969-07-01,1969,7,31,True,342.09,108.49,2.79226,7.47878,3.05871,8.19245,3.91645,10.4898,4.89355,13.1069,749.452,2007.33
1969-08-01,1969,8,31,True,598.01,94.1,15.3497,41.1126,17.3429,46.4512,24.8842,66.6498,35.5294,95.1618,2704.76,7244.44
1969-09-01,1969,9,30,True,229.96,102.23,7.64033,19.8037,8.82,22.8614,13.671,35.4352,20.638,53.4937,1134.52,2940.67
1969-10-01,1969,10,31,True,1.73,129.96,3.67355,9.83923,4.24194,11.3616,6.94258,18.595,11.0094,29.4875,390.742,1046.56
1969-11-01,1969,11,30,True,0.13,112.61,1.276,3.30739,1.47433,3.82147,2.37733,6.16205,3.72967,9.6673,146.108,378.712
1969-12-01,1969,12,31,True,0.04,88.74,0.723226,1.93709,0.835161,2.2369,1.33968,3.58819,2.09387,5.60822,82.7606,221.666
1970-01-01,1970,1,31,True,87.89,79.16,0.649355,1.73923,0.748065,2.00362,1.29581,3.47069,2.13226,5.71104,68.8097,184.3
1970-02-01,1970,2,28,True,10.15,85.21,0.389286,0.94176,0.448214,1.08432,0.722143,1.74701,1.13107,2.73629,53.0957,128.449
1970-03-01,1970,3,31,True,6.61,158.24,0.290645,0.778464,0.335484,0.89856,0.543548,1.45584,0.857097,2.29565,52.7945,141.405
1970-04-01,1970,4,30,True,3.22,222.57,0.190333,0.493344,0.219,0.567648,0.357667,0.927072,0.567333,1.47053,26.8753,69.6609
1970-05-01,1970,5,31,True,16.88,251.41,0.127097,0.340416,0.146129,0.391392,0.235161,0.629856,0.368065,0.985824,42.0277,112.567
1970-06-01,1970,6,30,True,234.92,143.65,0.979,2.53757,1.07867,2.7959,1.40933,3.65299,1.74367,4.51958,308.054,798.477
1970-07-01,1970,7,31,True,185.83,140.75,1.12645,3.01709,1.24452,3.33331,1.55452,4.16362,1.84935,4.95331,681.787,1826.1
1970-08-01,1970,8,31,True,280.03,101.35,2.53323,6.78499,2.76258,7.3993,3.57581,9.57744,4.63194,12.4062,1240.64,3322.92
1970-09-01,1970,9,30,True,167.78,109.52,2.79133,7.23514,3.10367,8.0447,3.74833,9.71568,4.318,11.1923,977.448,2533.55
1970-10-01,1970,10,31,True,40.26,121.6,2.09677,5.616,2.37774,6.36854,3.04871,8.16566,3.7271,9.98266,320.634,858.787
1970-11-01,1970,11,30,True,0,103.24,1.105,2.86416,1.265,3.27888,1.639,4.24829,2.01433,5.22115,125.093,324.241
1970-12-01,1970,12,31,True,0,93.7,0.694839,1.86106,0.797419,2.13581,1.06516,2.85293,1.36613,3.65904,73.8545,197.812
1971-01-01,1971,1,31,True,20.2,82.05,0.498387,1.33488,0.571935,1.53187,0.783548,2.09866,1.03742,2.77862,57.4387,153.844
1971-02-01,1971,2,28,True,30.05,103.23,0.365357,0.883872,0.419643,1.0152,0.588214,1.42301,0.803929,1.94486,56.5436,136.79
1971-03-01,1971,3,31,True,14.94,168.81,0.265484,0.711072,0.303871,0.813888,0.43129,1.15517,0.596129,1.59667,55.3313,148.199
1971-04-01,1971,4,30,True,64.88,180.21,0.246333,0.638496,0.276333,0.716256,0.391667,1.0152,0.551667,1.42992,59.6823,154.697
1971-05-01,1971,5,31,True,74.57,180.79,0.150968,0.404352,0.172903,0.463104,0.254194,0.680832,0.368065,0.985824,93.6813,250.916
1971-06-01,1971,6,30,True,254.48,126.42,1.514,3.92429,1.67233,4.33469,2.311,5.99011,3.10733,8.05421,743.866,1928.1
1971-07-01,1971,7,31,True,351.18,109.54,4.09194,10.9598,4.52,12.1064,6.19161,16.5836,8.34774,22.3586,1401.86,3754.75
1971-08-01,1971,8,31,True,360,89.59,10.7752,28.8602,12.1055,32.4233,15.7206,42.1062,20.1955,54.0916,2858.55,7656.33
1971-09-01,1971,9,30,True,276.72,114.1,16.8677,43.721,19.2487,49.8925,28.9537,75.0479,42.6983,110.674,2222.55,5760.85
1971-10-01,1971,10,31,True,135.43,118.29,2.54032,6.804,2.92065,7.82266,4.55452,12.1988,6.93226,18.5674,389.865,1044.21
1971-11-01,1971,11,30,True,4.43,93.14,0.999333,2.59027,1.148,2.97562,1.79433,4.65091,2.74433,7.11331,122.241,316.848
1971-12-01,1971,12,31,True,0,85.22,0.687097,1.84032,0.787419,2.10902,1.22,3.26765,1.85355,4.96454,79.7994,213.735
1972-01-01,1972,1,31,True,11.85,87.51,0.497419,1.33229,0.570323,1.52755,0.888387,2.37946,1.35645,3.63312,60.8958,163.103
1972-02-01,1972,2,29,True,48.11,100.72,0.409655,1.02643,0.468966,1.17504,0.727931,1.8239,1.11138,2.78467,82.5717,206.892
1972-03-01,1972,3,31,True,15.32,171.25,0.278387,0.745632,0.31871,0.853632,0.50129,1.34266,0.775484,2.07706,51.2865,137.366
1972-04-01,1972,4,30,True,18.9,221.66,0.187333,0.485568,0.214333,0.555552,0.339667,0.880416,0.531333,1.37722,46.662,120.948
1972-05-01,1972,5,31,True,0.06,293.34,0.116129,0.31104,0.131613,0.352512,0.209355,0.560736,0.327419,0.87696,29.6935,79.5312
1972-06-01,1972,6,30,True,43.37,238.23,0.102,0.264384,0.105333,0.273024,0.145333,0.376704,0.221667,0.57456,43.6903,113.245
1972-07-01,1972,7,31,True,165.93,168.54,0.716452,1.91894,0.779032,2.08656,1.00677,2.69654,1.2571,3.36701,358.456,960.088
1972-08-01,1972,8,31,True,356.9,115.72,2.43774,6.52925,2.68,7.17811,3.9829,10.6678,5.83387,15.6254,811.109,2172.48
1972-09-01,1972,9,30,True,334.34,117.07,8.016,20.7775,9.02367,23.3893,12.9617,33.5966,18.4637,47.8578,2041.09,5290.49
1972-10-01,1972,10,31,True,14.42,125.44,1.13903,3.05078,1.27194,3.40675,1.65806,4.44096,2.12226,5.68426,214.721,575.108
1972-11-01,1972,11,30,True,16.13,99.11,0.624333,1.61827,0.710333,1.84118,0.980333,2.54102,1.32667,3.43872,90.243,233.91
1972-12-01,1972,12,31,True,2.45,89.77,0.419677,1.12406,0.47871,1.28218,0.681613,1.82563,0.951613,2.5488,62.7706,168.125
1973-01-01,1973,1,31,True,61.72,82.43,0.384516,1.02989,0.43129,1.15517,0.600645,1.60877,0.830968,2.22566,80.4365,215.441
1973-02-01,1973,2,28,True,21.65,100.83,0.262143,0.634176,0.297857,0.720576,0.420714,1.01779,0.595357,1.44029,49.9996,120.959
1973-03-01,1973,3,31,True,27.46,165.29,0.196452,0.526176,0.223871,0.599616,0.329032,0.88128,0.471935,1.26403,97.3265,260.679
1973-04-01,1973,4,30,True,2.93,245.58,0.123,0.318816,0.139,0.360288,0.2,0.5184,0.286667,0.74304,30.3477,78.6612
1973-05-01,1973,5,31,True,23.01,232,0.0854839,0.22896,0.0945161,0.253152,0.138065,0.369792,0.199032,0.533088,34.3848,92.0964
1973-06-01,1973,6,30,True,356.97,150.18,6.16133,15.9702,6.77967,17.5729,8.68333,22.5072,10.6263,27.5435,1372.98,3558.77
1973-07-01,1973,7,31,True,352.85,122.16,5.59419,14.9835,6.21065,16.6346,7.70484,20.6366,9.24419,24.7596,1633.95,4376.37
1973-08-01,1973,8,31,True,462.37,97.16,18.7452,50.207,21.469,57.5027,27.5497,73.7891,33.5029,89.7342,2424.42,6493.56
1973-09-01,1973,9,30,True,164.06,106.21,5.87167,15.2194,6.71367,17.4018,10.1213,26.2345,14.9907,38.8558,1122.2,2908.75
1973-10-01,1973,10,31,True,127.67,108.69,4.07548,10.9158,4.68484,12.5479,7.86484,21.0652,12.8306,34.3656,464.67,1244.57
1973-11-01,1973,11,30,True,0.28,101.23,1.742,4.51526,2.00433,5.19523,3.271,8.47843,5.18667,13.4438,191.213,495.625
1973-12-01,1973,12,31,True,0.36,85.36,0.919677,2.46326,1.06097,2.8417,1.72968,4.63277,2.74645,7.3561,106.449,285.113
1974-01-01,1974,1,31,True,11.87,91.88,0.61,1.63382,0.705484,1.88957,1.15581,3.09571,1.84161,4.93258,83.8084,224.472
1974-02-01,1974,2,28,True,5.69,115.07,0.408571,0.988416,0.471429,1.14048,0.776786,1.8792,1.24214,3.00499,66.015,159.703
1974-03-01,1974,3,31,True,8.32,184.35,0.255484,0.684288,0.293871,0.787104,0.487097,1.30464,0.782903,2.09693,42.759,114.526
1974-04-01,1974,4,30,True,1.24,241.24,0.156667,0.40608,0.179333,0.464832,0.300667,0.779328,0.488,1.2649,36.7567,95.2733
1974-05-01,1974,5,31,True,10.11,259.43,0.0935484,0.25056,0.109032,0.292032,0.183548,0.491616,0.301935,0.808704,29.5374,79.113
1974-06-01,1974,6,30,True,64.4,210.07,0.075,0.1944,0.0853333,0.221184,0.141333,0.366336,0.228,0.590976,89.822,232.819
1974-07-01,1974,7,31,True,417.85,114.88,4.44677,11.9102,4.97484,13.3246,7.10871,19.04,9.92742,26.5896,767.127,2054.67
1974-08-01,1974,8,31,True,320.68,109.06,4.55516,12.2005,5.01516,13.4326,6.98935,18.7203,9.83806,26.3503,1701.02,4556
1974-09-01,1974,9,30,True,15.89,139.92,1.43367,3.71606,1.61,4.17312,2.37367,6.15254,3.49533,9.0599,419.029,1086.12
1974-10-01,1974,10,31,True,40.1,134.68,0.745484,1.9967,0.848065,2.27146,1.31129,3.51216,1.99161,5.33434,140.52,376.368
1974-11-01,1974,11,30,True,0.03,114.3,0.423667,1.09814,0.482667,1.25107,0.750333,1.94486,1.14833,2.97648,64.9373,168.318
1974-12-01,1974,12,31,True,19.5,85.38,0.303548,0.813024,0.346129,0.927072,0.547419,1.46621,0.852581,2.28355,50.3126,134.757
1975-01-01,1975,1,31,True,53.09,74.54,0.247742,0.663552,0.282581,0.756864,0.452903,1.21306,0.714516,1.91376,61.6845,165.216
1975-02-01,1975,2,28,True,29.78,97.67,0.191071,0.46224,0.216071,0.52272,0.354286,0.857088,0.565357,1.36771,78.4232,189.721
1975-03-01,1975,3,31,True,34.74,162.82,0.14129,0.378432,0.160645,0.430272,0.263871,0.706752,0.42871,1.14826,86.6584,232.106
1975-04-01,1975,4,30,True,3.46,238.7,0.0913333,0.236736,0.103333,0.26784,0.171333,0.444096,0.280667,0.727488,35.7407,92.6398
1975-05-01,1975,5,31,True,7.08,267.77,0.0554839,0.148608,0.0629032,0.16848,0.106452,0.28512,0.177419,0.4752,27.4735,73.5852
1975-06-01,1975,6,30,True,351.44,183.54,4.643,12.0347,5.18967,13.4516,6.71967,17.4174,8.544,22.146,1246.55,3231.06
1975-07-01,1975,7,31,True,337.77,116.61,3.67774,9.85046,4.14774,11.1093,6.48903,17.3802,9.73419,26.0721,1029.29,2756.85
1975-08-01,1975,8,31,True,348.02,111.14,10.6284,28.4671,12.1126,32.4423,18.5077,49.5711,27.9506,74.863,2411.79,6459.75
1975-09-01,1975,9,30,True,328.83,92.98,11.205,29.0434,12.7213,32.9737,18.3557,47.5779,26.1003,67.6521,2006.2,5200.06
1975-10-01,1975,10,31,True,27.46,126.54,3.49258,9.35453,4.01065,10.7421,6.25452,16.7521,9.52226,25.5044,424.659,1137.41
1975-11-01,1975,11,30,True,0,117.99,1.211,3.13891,1.39167,3.6072,2.22333,5.76288,3.46533,8.98214,142.797,370.13
1975-12-01,1975,12,31,True,0.13,99.15,0.646129,1.73059,0.741613,1.98634,1.19194,3.19248,1.87581,5.02416,78.3742,209.917
1976-01-01,1976,1,31,True,4.99,92.16,0.416774,1.11629,0.477742,1.27958,0.772258,2.06842,1.22258,3.27456,55.2623,148.014
1976-02-01,1976,2,29,True,21.51,110.75,0.293103,0.7344,0.335862,0.841536,0.545862,1.36771,0.868276,2.17555,70.4745,176.581
1976-03-01,1976,3,31,True,5.27,173.87,0.196774,0.52704,0.225484,0.603936,0.36871,0.987552,0.590645,1.58198,50.7971,136.055
1976-04-01,1976,4,30,True,5.28,229.31,0.132333,0.343008,0.150333,0.389664,0.245667,0.636768,0.393,1.01866,44.1087,114.33
1976-05-01,1976,5,31,True,21.49,250.74,0.0893548,0.239328,0.10129,0.271296,0.166774,0.446688,0.26871,0.719712,47.3503,126.823
1976-06-01,1976,6,30,True,227.35,176.54,2.40733,6.23981,2.69133,6.97594,3.635,9.42192,4.67267,12.1116,394.18,1021.71
1976-07-01,1976,7,31,True,372.53,120.6,2.93645,7.86499,3.27452,8.77046,4.46581,11.9612,6.02032,16.1248,739.207,1979.89
1976-08-01,1976,8,31,True,537.17,92.96,16.6365,44.5591,18.9139,50.6589,27.3358,73.2162,38.7213,103.711,2771.86,7424.16
1976-09-01,1976,9,30,True,141.3,124.13,7.135,18.4939,7.95867,20.6289,11.4317,29.6309,16.4177,42.5546,1410.04,3654.83
1976-10-01,1976,10,31,True,0.71,142.27,1.9229,5.1503,2.22129,5.9495,3.52452,9.44006,5.43065,14.5454,257.039,688.454
1976-11-01,1976,11,30,True,0.16,113.99,0.856333,2.21962,0.992667,2.57299,1.57233,4.07549,2.41933,6.27091,99.926,259.008
1976-12-01,1976,12,31,True,0.06,100.79,0.549355,1.47139,0.636774,1.70554,1.01258,2.7121,1.56452,4.1904,62.0252,166.128
1977-01-01,1977,1,31,True,20.42,94.53,0.403226,1.08,0.467419,1.25194,0.744839,1.99498,1.15677,3.0983,54.1965,145.16
1977-02-01,1977,2,28,True,1.48,124.71,0.289286,0.69984,0.335,0.810432,0.533929,1.29168,0.827857,2.00275,40.7246,98.5211
1977-03-01,1977,3,31,True,2.7,193.78,0.187097,0.50112,0.216129,0.57888,0.350645,0.939168,0.549677,1.47226,24.5035,65.6303
1977-04-01,1977,4,30,True,18.78,202.47,0.126,0.326592,0.146,0.378432,0.236,0.611712,0.372,0.964224,42.796,110.927
1977-05-01,1977,5,31,True,54.67,208.24,0.104839,0.2808,0.120323,0.322272,0.192581,0.515808,0.299355,0.801792,79.6887,213.438
1977-06-01,1977,6,30,True,60.16,198.46,0.0826667,0.214272,0.096,0.248832,0.149333,0.387072,0.226333,0.586656,104.627,271.194
1977-07-01,1977,7,31,True,466.06,91.68,3.73387,10.0008,4.18774,11.2164,6.30839,16.8964,9.27484,24.8417,673.819,1804.76
1977-08-01,1977,8,31,True,195.49,119.41,2.12258,5.68512,2.39065,6.4031,3.20774,8.59162,4.16806,11.1637,951.644,2548.88
1977-09-01,1977,9,30,True,161.25,109.39,5.12633,13.2875,5.71967,14.8254,7.088,18.3721,8.43633,21.867,904.308,2343.97
1977-10-01,1977,10,31,True,17.81,117.19,2.51,6.72278,2.87839,7.70947,3.81645,10.222,4.83323,12.9453,318.054,851.876
1977-11-01,1977,11,30,True,0.35,101.98,1.08867,2.82182,1.254,3.25037,1.775,4.6008,2.43133,6.30202,121.382,314.622
1977-12-01,1977,12,31,True,26.81,84.05,0.642903,1.72195,0.741935,1.9872,1.08226,2.89872,1.5429,4.13251,73.6829,197.352
1978-01-01,1978,1,31,True,16.72,90.68,0.441613,1.18282,0.508387,1.36166,0.758065,2.0304,1.10419,2.95747,68.5826,183.692
1978-02-01,1978,2,28,True,48.1,89.78,0.366071,0.8856,0.414286,1.00224,0.608214,1.47139,0.884643,2.14013,65.2779,157.92
1978-03-01,1978,3,31,True,87.63,140.46,0.381935,1.02298,0.424839,1.13789,0.59871,1.60358,0.840968,2.25245,87.4639,234.263
1978-04-01,1978,4,30,True,9.82,209.29,0.158667,0.411264,0.181,0.469152,0.276667,0.71712,0.414,1.07309,35.9813,93.2636
1978-05-01,1978,5,31,True,3.34,260.5,0.102258,0.273888,0.115806,0.310176,0.177097,0.474336,0.264839,0.709344,27.929,74.8051
1978-06-01,1978,6,30,True,288.15,163.69,3.193,8.27626,3.55,9.2016,5.09033,13.1941,7.014,18.1803,344.405,892.698
1978-07-01,1978,7,31,True,262.41,107.47,2.5029,6.70378,2.78,7.44595,3.96129,10.6099,5.48968,14.7036,1044.12,2796.56
1978-08-01,1978,8,31,True,515.45,101.65,21.4245,57.3834,24.441,65.4627,33.2458,89.0456,43.7297,117.126,2546.98,6821.84
1978-09-01,1978,9,30,True,113.41,115.61,4.00567,10.3827,4.57533,11.8593,7.13333,18.4896,10.9253,28.3185,625.258,1620.67
1978-10-01,1978,10,31,True,1.17,138.35,1.52581,4.08672,1.74774,4.68115,2.77516,7.43299,4.31097,11.5465,211.898,567.548
1978-11-01,1978,11,30,True,3.63,114.61,0.731,1.89475,0.833667,2.16086,1.32133,3.4249,2.063,5.3473,106.667,276.48
1978-12-01,1978,12,31,True,13.83,80.27,0.480323,1.2865,0.545161,1.46016,0.874839,2.34317,1.37968,3.69533,66.341,177.688
1979-01-01,1979,1,31,True,68.64,77.97,0.384194,1.02902,0.440645,1.18022,0.669355,1.7928,0.997742,2.67235,74.5965,199.799
1979-02-01,1979,2,28,True,58.32,84.31,0.373214,0.90288,0.42,1.01606,0.620714,1.50163,0.912857,2.20838,112.407,271.935
1979-03-01,1979,3,31,True,12.2,160.61,0.234194,0.627264,0.268387,0.718848,0.415806,1.1137,0.632581,1.6943,94.389,252.812
1979-04-01,1979,4,30,True,16.05,208.37,0.164333,0.425952,0.187333,0.485568,0.292,0.756864,0.447667,1.16035,53.0947,137.621
1979-05-01,1979,5,31,True,64.26,247.79,0.32129,0.860544,0.340968,0.913248,0.453871,1.21565,0.617097,1.65283,100.192,268.354
1979-06-01,1979,6,30,True,189.42,198.97,3.16433,8.20195,3.35667,8.70048,3.69733,9.58349,3.90033,10.1097,239.772,621.488
1979-07-01,1979,7,31,True,201.28,126.27,1.26323,3.38342,1.45161,3.888,2.33065,6.2424,3.27129,8.76182,1076.74,2883.93
1979-08-01,1979,8,31,True,77.9,149.73,0.521613,1.39709,0.564194,1.51114,0.688065,1.84291,0.806452,2.16,501.983,1344.51
1979-09-01,1979,9,30,True,6.56,161.46,0.205,0.53136,0.220333,0.571104,0.259,0.671328,0.305333,0.791424,170.654,442.335
1979-10-01,1979,10,31,True,4.7,154.15,0.140968,0.377568,0.151935,0.406944,0.17871,0.478656,0.209355,0.560736,63.5206,170.134
1979-11-01,1979,11,30,True,1.77,111.54,0.0973333,0.252288,0.106,0.274752,0.128,0.331776,0.152667,0.395712,35.954,93.1928
1979-12-01,1979,12,31,True,7.43,88.82,0.0851613,0.228096,0.0912903,0.244512,0.111935,0.299808,0.139032,0.372384,26.2019,70.1793
1980-01-01,1980,1,31,True,7.24,92.72,0.0745161,0.199584,0.0829032,0.222048,0.10129,0.271296,0.127419,0.34128,33.1923,88.9021
1980-02-01,1980,2,29,True,27.13,121.61,0.0693103,0.173664,0.0751724,0.188352,0.0955172,0.239328,0.118966,0.29808,34.9321,87.5258
1980-03-01,1980,3,31,True,26.61,174.81,0.0616129,0.165024,0.0670968,0.179712,0.0864516,0.231552,0.105806,0.283392,44.8532,120.135
1980-04-01,1980,4,30,True,1.09,251.59,0.0356667,0.092448,0.0373333,0.096768,0.0473333,0.122688,0.059,0.152928,23.767,61.6041
1980-05-01,1980,5,31,True,10.65,258.49,0.0251613,0.067392,0.03,0.080352,0.0348387,0.093312,0.0409677,0.109728,17.1597,45.9605
1980-06-01,1980,6,30,True,44.89,179.06,0.0306667,0.079488,0.0346667,0.089856,0.044,0.114048,0.0583333,0.1512,156.633,405.992
1980-07-01,1980,7,31,True,389.52,110.04,2.94742,7.89437,3.24645,8.6953,4.52194,12.1116,6.09581,16.327,1180.38,3161.53
1980-08-01,1980,8,31,True,319.54,112.49,3.84452,10.2972,4.31226,11.55,7.25161,19.4227,11.85,31.739,1313.69,3518.59
1980-09-01,1980,9,30,True,220.89,124.24,2.579,6.68477,2.93767,7.61443,5.082,13.1725,8.43033,21.8514,471.829,1222.98
1980-10-01,1980,10,31,True,6.91,122.93,0.889032,2.38118,1.00323,2.68704,1.51548,4.05907,2.27097,6.08256,161.627,432.901
1980-11-01,1980,11,30,True,0.36,104.1,0.634667,1.64506,0.722667,1.87315,1.11733,2.89613,1.70333,4.41504,85.481,221.567
1980-12-01,1980,12,31,True,21.52,81.54,0.477419,1.27872,0.546452,1.46362,0.854839,2.2896,1.31484,3.52166,60.0448,160.824
1981-01-01,1981,1,31,True,36.74,72.86,0.394516,1.05667,0.452258,1.21133,0.709032,1.89907,1.09032,2.92032,68.3758,183.138
1981-02-01,1981,2,28,True,10.04,108.29,0.300714,0.727488,0.344286,0.832896,0.542143,1.31155,0.841071,2.03472,58.5568,141.661
1981-03-01,1981,3,31,True,63.15,146.33,0.255161,0.683424,0.292581,0.783648,0.45129,1.20874,0.684839,1.83427,61.8403,165.633
1981-04-01,1981,4,30,True,2.41,214,0.159667,0.413856,0.183333,0.4752,0.290333,0.752544,0.449333,1.16467,46.7983,121.301
1981-05-01,1981,5,31,True,30.76,219.29,0.116774,0.312768,0.133871,0.35856,0.210323,0.563328,0.322581,0.864,69.8474,187.079
1981-06-01,1981,6,30,True,177.63,208.1,0.587,1.5215,0.649667,1.68394,2.056,5.32915,4.492,11.6433,152.704,395.808
1981-07-01,1981,7,31,True,413.47,108.88,4.03355,10.8035,4.60581,12.3362,7.74871,20.7541,12.5971,33.7401,939.723,2516.95
1981-08-01,1981,8,31,True,124.82,134.54,4.15968,11.1413,4.74871,12.7189,6.17484,16.5387,7.64968,20.4889,1181.89,3165.59
1981-09-01,1981,9,30,True,99.57,130.94,2.178,5.64538,2.49067,6.45581,3.47633,9.01066,4.646,12.0424,274.75,712.152
1981-10-01,1981,10,31,True,0,142.31,0.945161,2.53152,1.09452,2.93155,1.56194,4.18349,2.14581,5.74733,162.405,434.987
1981-11-01,1981,11,30,True,30.58,94.53,0.592,1.53446,0.683333,1.7712,0.959667,2.48746,1.30433,3.38083,92.8857,240.76
1981-12-01,1981,12,31,True,0.32,89.09,0.395161,1.0584,0.455484,1.21997,0.656129,1.75738,0.92129,2.46758,47.0242,125.95
1982-01-01,1982,1,31,True,45.14,77,0.324516,0.869184,0.372903,0.998784,0.546129,1.46275,0.779677,2.08829,55.9819,149.942
1982-02-01,1982,2,28,True,11.59,88.92,0.244643,0.59184,0.282143,0.68256,0.420714,1.01779,0.611429,1.47917,60.8686,147.253
1982-03-01,1982,3,31,True,72.67,139.53,0.380645,1.01952,0.420323,1.12579,0.57129,1.53014,0.764194,2.04682,129.892,347.902
1982-04-01,1982,4,30,True,10.23,204.53,0.142667,0.369792,0.162,0.419904,0.243667,0.631584,0.356667,0.92448,56.8717,147.411
1982-05-01,1982,5,31,True,62.26,217.78,0.164516,0.44064,0.18129,0.485568,0.272258,0.729216,0.405161,1.08518,97.3706,260.798
1982-06-01,1982,6,30,True,74.07,193.33,0.142333,0.368928,0.159333,0.412992,0.281667,0.73008,0.455,1.17936,121.97,316.146
1982-07-01,1982,7,31,True,288.66,159.96,1.44968,3.88282,1.52516,4.08499,1.82,4.87469,2.31516,6.20093,463.346,1241.03
1982-08-01,1982,8,31,True,267.83,108.28,3.45548,9.25517,3.79065,10.1529,5.20839,13.9501,6.81129,18.2434,1109.24,2970.98
1982-09-01,1982,9,30,True,180.27,133.6,4.113,10.6609,4.69233,12.1625,7.101,18.4058,10.5143,27.2532,438.117,1135.6
1982-10-01,1982,10,31,True,0.66,129.42,1.03935,2.78381,1.17645,3.15101,1.54226,4.13078,1.96,5.24966,126.95,340.022
1982-11-01,1982,11,30,True,0.48,100.44,0.651,1.68739,0.739333,1.91635,0.998667,2.58854,1.31733,3.41453,68.5407,177.657
1982-12-01,1982,12,31,True,14.89,95.25,0.463871,1.24243,0.529032,1.41696,0.732581,1.96214,0.993871,2.66198,43.5332,116.599
1983-01-01,1983,1,31,True,64.25,73.87,0.380323,1.01866,0.433871,1.16208,0.615484,1.64851,0.859355,2.3017,44.8145,120.031
1983-02-01,1983,2,28,True,4.53,96.58,0.279286,0.675648,0.318214,0.769824,0.452857,1.09555,0.635714,1.53792,53.3657,129.102
1983-03-01,1983,3,31,True,4.84,169.96,0.205161,0.549504,0.233548,0.625536,0.335806,0.899424,0.474839,1.27181,68.7871,184.239
1983-04-01,1983,4,30,True,53.29,186.18,0.184667,0.478656,0.206667,0.53568,0.293,0.759456,0.416667,1.08,69.9393,181.283
1983-05-01,1983,5,31,True,80.85,212.9,0.112581,0.301536,0.128065,0.343008,0.194516,0.520992,0.289677,0.775872,102.063,273.365
1983-06-01,1983,6,30,True,107.89,227.19,0.141333,0.366336,0.155667,0.403488,0.296667,0.76896,0.514333,1.33315,55.3813,143.548
1983-07-01,1983,7,31,True,370.39,131.45,3.07645,8.23997,3.38903,9.07718,5.16871,13.8439,7.68355,20.5796,615.581,1648.77
1983-08-01,1983,8,31,True,360.47,103.62,3.93484,10.5391,4.37581,11.7202,6.82323,18.2753,10.3574,27.7413,1232.58,3301.34
1983-09-01,1983,9,30,True,388.04,95.02,12.8893,33.4092,14.705,38.1154,23.824,61.7518,37.7983,97.9733,2183.34,5659.22
1983-10-01,1983,10,31,True,19.22,124.19,2.84032,7.60752,3.2771,8.77738,5.25387,14.072,8.18097,21.9119,554.563,1485.34
1983-11-01,1983,11,30,True,0,102.59,1.151,2.98339,1.32467,3.43354,2.134,5.53133,3.347,8.67542,129.653,336.06
1983-12-01,1983,12,31,True,15.85,82.79,0.682581,1.82822,0.784194,2.10038,1.27871,3.4249,2.02742,5.43024,79.6984,213.464
1984-01-01,1984,1,31,True,14.8,84.58,0.465484,1.24675,0.535161,1.43338,0.880645,2.35872,1.41,3.77654,57.8284,154.888
1984-02-01,1984,2,29,True,65.18,102.93,0.43069,1.07914,0.482069,1.20787,0.739655,1.85328,1.13966,2.85552,112.085,280.841
1984-03-01,1984,3,31,True,1.82,193.62,0.216452,0.579744,0.248065,0.664416,0.415806,1.1137,0.678065,1.81613,29.1948,78.1955
1984-04-01,1984,4,30,True,11.59,221.21,0.142,0.368064,0.160667,0.416448,0.271667,0.70416,0.444667,1.15258,25.26,65.4739
1984-05-01,1984,5,31,True,5.81,283.68,0.0906452,0.242784,0.104194,0.279072,0.174516,0.467424,0.286452,0.767232,22.3494,59.8605
1984-06-01,1984,6,30,True,166.71,159.24,1.80867,4.68806,1.94967,5.05354,2.402,6.22598,2.79833,7.25328,362.229,938.898
1984-07-01,1984,7,31,True,310.34,121.43,1.68613,4.51613,1.92355,5.15203,2.84097,7.60925,3.94419,10.5641,558.078,1494.76
1984-08-01,1984,8,31,True,268.72,115.04,3.68548,9.8712,4.18774,11.2164,5.72839,15.3429,7.57355,20.285,844.19,2261.08
1984-09-01,1984,9,30,True,121.49,120.67,2.62467,6.80314,2.98167,7.72848,4.49667,11.6554,6.703,17.3742,829.667,2150.5
1984-10-01,1984,10,31,True,0,142.58,1.47194,3.94243,1.69484,4.53946,2.54581,6.81869,3.73097,9.99302,166.497,445.946
1984-11-01,1984,11,30,True,0,108.21,0.786667,2.03904,0.908667,2.35526,1.39433,3.61411,2.087,5.4095,75.3677,195.353
1984-12-01,1984,12,31,True,11.99,104.75,0.510968,1.36858,0.59,1.58026,0.920968,2.46672,1.40419,3.76099,53.0135,141.991
1985-01-01,1985,1,31,True,19.19,78.13,0.370968,0.9936,0.428065,1.14653,0.678065,1.81613,1.04645,2.80282,46.2329,123.83
1985-02-01,1985,2,28,True,0.37,132.92,0.252857,0.611712,0.291071,0.70416,0.469643,1.13616,0.735714,1.77984,30.4936,73.77
1985-03-01,1985,3,31,True,0.97,218.71,0.15871,0.425088,0.181613,0.486432,0.299355,0.801792,0.47871,1.28218,18.7174,50.1327
1985-04-01,1985,4,30,True,3.26,248.45,0.1,0.2592,0.114333,0.296352,0.189333,0.490752,0.306333,0.794016,21.9677,56.9402
1985-05-01,1985,5,31,True,7.61,257.87,0.0648387,0.173664,0.0748387,0.200448,0.122903,0.329184,0.19871,0.532224,26.9826,72.2701
1985-06-01,1985,6,30,True,47.33,222.59,0.0586667,0.152064,0.0643333,0.166752,0.0983333,0.25488,0.157,0.406944,73.004,189.226
1985-07-01,1985,7,31,True,323.77,116.67,2.18645,5.85619,2.42161,6.48605,3.43903,9.2111,4.81323,12.8917,923.783,2474.26
1985-08-01,1985,8,31,True,264.11,110.75,3.36194,9.00461,3.71323,9.9455,5.0029,13.3998,6.56968,17.5962,1314.8,3521.57
1985-09-01,1985,9,30,True,520.97,106.98,15.2533,39.5366,17.4847,45.3203,26.5973,68.9403,39.7643,103.069,1050.42,2722.69
1985-10-01,1985,10,31,True,202.17,99.64,8.46839,22.6817,9.72968,26.06,15.8535,42.4621,25.1558,67.3773,970.589,2599.62
1985-11-01,1985,11,30,True,0,105.36,2.67133,6.9241,3.08567,7.99805,4.976,12.8978,7.78,20.1658,277.755,719.94
1985-12-01,1985,12,31,True,37.69,87.11,1.18935,3.18557,1.37419,3.68064,2.18677,5.85706,3.38613,9.06941,150.146,402.152
1986-01-01,1986,1,31,True,1.52,83.46,0.722903,1.93622,0.835806,2.23862,1.32645,3.55277,2.05032,5.49158,111.999,299.979
1986-02-01,1986,2,28,True,41.63,102.92,0.4775,1.15517,0.550357,1.33142,0.8725,2.11075,1.35,3.26592,78.5136,189.94
1986-03-01,1986,3,31,True,10.14,182.94,0.277097,0.742176,0.319032,0.854496,0.505484,1.35389,0.78129,2.09261,56.0158,150.033
1986-04-01,1986,4,30,True,19.44,225.58,0.175,0.4536,0.201333,0.521856,0.333667,0.864864,0.542667,1.40659,34.2787,88.8503
1986-05-01,1986,5,31,True,49.04,224.44,0.272903,0.730944,0.30129,0.806976,0.43129,1.15517,0.6,1.60704,87.0748,233.221
1986-06-01,1986,6,30,True,132.79,202.11,1.36,3.52512,1.46067,3.78605,1.702,4.41158,1.87567,4.86173,429.107,1112.25
1986-07-01,1986,7,31,True,295.02,118.01,2.00677,5.37494,2.18355,5.84842,3.72935,9.9887,6.19097,16.5819,963.415,2580.41
1986-08-01,1986,8,31,True,155.18,134.94,1.1629,3.11472,1.26065,3.37651,1.60581,4.30099,2.03839,5.45962,960.294,2572.05
1986-09-01,1986,9,30,True,137.86,133.55,0.607,1.57334,0.656,1.70035,0.95,2.4624,1.411,3.65731,301.842,782.374
1986-10-01,1986,10,31,True,17.84,117.04,0.333548,0.893376,0.362903,0.972,0.490323,1.31328,0.674516,1.80662,136.815,366.444
1986-11-01,1986,11,30,True,2.78,98.49,0.241,0.624672,0.263667,0.683424,0.365667,0.947808,0.518667,1.34438,57.543,149.151
1986-12-01,1986,12,31,True,36.91,71.12,0.21,0.562464,0.230645,0.61776,0.333548,0.893376,0.49,1.31242,58.2416,155.994
1987-01-01,1987,1,31,True,14.58,75.02,0.163871,0.438912,0.181935,0.487296,0.27,0.723168,0.408065,1.09296,39.9926,107.116
1987-02-01,1987,2,28,True,31.71,99.51,0.159286,0.385344,0.173929,0.420768,0.255714,0.618624,0.387857,0.938304,41.8229,101.178
1987-03-01,1987,3,31,True,3.77,175.68,0.103226,0.27648,0.113226,0.303264,0.172258,0.461376,0.269032,0.720576,32.1581,86.1322
1987-04-01,1987,4,30,True,3.82,231.22,0.0733333,0.19008,0.081,0.209952,0.124667,0.323136,0.197333,0.511488,27.871,72.2416
1987-05-01,1987,5,31,True,42.98,233.33,0.154516,0.413856,0.163871,0.438912,0.229355,0.614304,0.323548,0.866592,117.656,315.13
1987-06-01,1987,6,30,True,9.47,259.26,0.04,0.10368,0.044,0.114048,0.067,0.173664,0.104333,0.270432,29.8167,77.2848
1987-07-01,1987,7,31,True,87.11,187.81,0.0619355,0.165888,0.0683871,0.183168,0.0996774,0.266976,0.143226,0.383616,211.929,567.63
1987-08-01,1987,8,31,True,174.38,146.21,0.250968,0.672192,0.280323,0.750816,0.449355,1.20355,0.680645,1.82304,263.827,706.635
1987-09-01,1987,9,30,True,105.36,122.19,0.559333,1.44979,0.624333,1.61827,1.05633,2.73802,1.65833,4.2984,428.727,1111.26
1987-10-01,1987,10,31,True,24.02,129.36,0.0948387,0.254016,0.0993548,0.266112,0.114194,0.305856,0.133548,0.357696,64.1023,171.691
1987-11-01,1987,11,30,True,0,110.44,0.0156667,0.040608,0.0183333,0.04752,0.0286667,0.074304,0.0426667,0.110592,21.2713,55.1353
1987-12-01,1987,12,31,True,9.19,82.35,0.0151613,0.040608,0.0158065,0.042336,0.0274194,0.07344,0.0422581,0.113184,20.4271,54.7119
1988-01-01,1988,1,31,True,3.15,96,0.0112903,0.03024,0.0116129,0.031104,0.0219355,0.058752,0.0332258,0.088992,15.3448,41.0996
1988-02-01,1988,2,29,True,13,115.6,0.0117241,0.029376,0.0124138,0.031104,0.0224138,0.05616,0.037931,0.09504,19.6648,49.2722
1988-03-01,1988,3,31,True,24.33,183.96,0.0116129,0.031104,0.0122581,0.032832,0.0232258,0.062208,0.0422581,0.113184,89.4152,239.49
1988-04-01,1988,4,30,True,7.25,242.33,0.008,0.020736,0.00833333,0.0216,0.0113333,0.029376,0.02,0.05184,26.865,69.6341
1988-05-01,1988,5,31,True,10.01,255.56,0.00322581,0.00864,0.00387097,0.010368,0.00677419,0.018144,0.0125806,0.033696,43.4435,116.359
1988-06-01,1988,6,30,True,52.08,191.46,0.021,0.054432,0.0233333,0.06048,0.0326667,0.084672,0.0443333,0.114912,115.868,300.329
1988-07-01,1988,7,31,True,486.65,91.32,3.95516,10.5935,4.31419,11.5551,5.70613,15.2833,7.53903,20.1925,2129.7,5704.18
1988-08-01,1988,8,31,True,433.39,99.16,11.471,30.7238,12.8516,34.4218,17.5626,47.0396,23.7223,63.5377,2984.03,7992.42
1988-09-01,1988,9,30,True,144.77,123.55,4.14367,10.7404,4.737,12.2783,6.78733,17.5928,9.48667,24.5894,605.891,1570.47
1988-10-01,1988,10,31,True,0,142.82,1.55129,4.15498,1.78323,4.77619,2.65032,7.09862,3.84516,10.2989,204.667,548.179
1988-11-01,1988,11,30,True,0,104.62,0.779,2.01917,0.893,2.31466,1.36433,3.53635,2.04433,5.29891,94.3053,244.439
1988-12-01,1988,12,31,True,31.48,82.62,0.53871,1.44288,0.615484,1.64851,0.951935,2.54966,1.4471,3.8759,73.0745,195.723
1989-01-01,1989,1,31,True,23.65,88.72,0.414839,1.1111,0.472581,1.26576,0.726774,1.94659,1.10484,2.9592,148.055,396.549
1989-02-01,1989,2,28,True,3.32,122.04,0.284286,0.687744,0.323929,0.783648,0.502143,1.21478,0.766786,1.85501,48.0668,116.283
1989-03-01,1989,3,31,True,20.67,182.95,0.193226,0.517536,0.219677,0.588384,0.339677,0.909792,0.515806,1.38154,37.7965,101.234
1989-04-01,1989,4,30,True,0.38,260.39,0.119667,0.310176,0.135667,0.351648,0.212,0.549504,0.328333,0.85104,30.398,78.7916
1989-05-01,1989,5,31,True,22.39,261.85,0.0848387,0.227232,0.0951613,0.25488,0.147419,0.394848,0.229032,0.61344,29.961,80.2475
1989-06-01,1989,6,30,True,48.02,180.98,0.0673333,0.174528,0.0763333,0.197856,0.116333,0.301536,0.177333,0.459648,103.839,269.15
1989-07-01,1989,7,31,True,243.76,133.75,0.972581,2.60496,1.04677,2.80368,1.52548,4.08586,2.30032,6.16118,837.503,2243.17
1989-08-01,1989,8,31,True,278.1,114.07,2.49516,6.68304,2.72032,7.28611,3.81968,10.2306,5.17097,13.8499,1201.09,3217
1989-09-01,1989,9,30,True,173.96,110.49,1.963,5.0881,2.15467,5.5849,3.21633,8.33674,4.849,12.5686,1482.09,3841.56
1989-10-01,1989,10,31,True,1.54,129.35,0.540323,1.4472,0.580645,1.5552,0.706129,1.8913,0.875806,2.34576,163.57,438.106
1989-11-01,1989,11,30,True,16.89,101.89,0.339667,0.880416,0.372667,0.965952,0.475,1.2312,0.601333,1.55866,78.243,202.806
1989-12-01,1989,12,31,True,41.32,71.08,0.256452,0.68688,0.286129,0.766368,0.380323,1.01866,0.504516,1.3513,60.1097,160.998
1990-01-01,1990,1,31,True,0,96.52,0.193548,0.5184,0.217097,0.581472,0.290645,0.778464,0.384194,1.02902,34.2945,91.8544
1990-02-01,1990,2,28,True,72.53,80.57,0.172143,0.416448,0.193571,0.468288,0.27,0.653184,0.376786,0.91152,52.7446,127.6
1990-03-01,1990,3,31,True,20.84,146.83,0.124516,0.333504,0.14129,0.378432,0.194839,0.521856,0.268065,0.717984,122.11,327.059
1990-04-01,1990,4,30,True,6.49,248.94,0.0796667,0.206496,0.0893333,0.231552,0.125,0.324,0.174667,0.452736,49.5237,128.365
1990-05-01,1990,5,31,True,81.69,189.77,0.125806,0.33696,0.13871,0.37152,0.210645,0.564192,0.299677,0.802656,140.345,375.899
1990-06-01,1990,6,30,True,137.26,202.03,0.568333,1.47312,0.634333,1.64419,0.834333,2.16259,1.02867,2.6663,211.181,547.381
1990-07-01,1990,7,31,True,550.67,102.75,8.60677,23.0524,9.72548,26.0487,14.4952,38.8238,21.0629,56.4149,2027.63,5430.8
1990-08-01,1990,8,31,True,259.01,115.58,5.45194,14.6025,6.04161,16.1819,7.77,20.8112,9.82581,26.3174,1940.3,5196.89
1990-09-01,1990,9,30,True,230.98,102.08,7.58267,19.6543,8.60033,22.2921,11.2853,29.2516,14.308,37.0863,1035.96,2685.22
1990-10-01,1990,10,31,True,2.35,130.77,3.29613,8.82835,3.79968,10.1771,5.37226,14.3891,7.33419,19.6439,378.946,1014.97
1990-11-01,1990,11,30,True,0.85,107.36,1.23533,3.20198,1.426,3.69619,2.20933,5.72659,3.32933,8.62963,145.693,377.636
1990-12-01,1990,12,31,True,43.18,83.46,0.707419,1.89475,0.81871,2.19283,1.3071,3.50093,2.03419,5.44838,83.0135,222.343
1991-01-01,1991,1,31,True,0.56,90.19,0.541613,1.45066,0.609677,1.63296,0.949677,2.54362,1.45903,3.90787,106.707,285.804
1991-02-01,1991,2,28,True,58.59,108.89,0.373929,0.904608,0.427143,1.03334,0.673929,1.63037,1.03893,2.51338,50.1204,121.251
1991-03-01,1991,3,31,True,39.56,150.86,0.251613,0.67392,0.287097,0.76896,0.456774,1.22342,0.717097,1.92067,63.3297,169.622
1991-04-01,1991,4,30,True,17.46,225.03,0.151,0.391392,0.172667,0.447552,0.278667,0.722304,0.443,1.14826,59.765,154.911
1991-05-01,1991,5,31,True,8.7,275.18,0.0883871,0.236736,0.1,0.26784,0.163871,0.438912,0.26129,0.69984,30.13,80.7002
1991-06-01,1991,6,30,True,70.82,200.93,0.0856667,0.222048,0.099,0.256608,0.151333,0.392256,0.228,0.590976,161.405,418.363
1991-07-01,1991,7,31,True,226.19,149.39,1.44097,3.85949,1.58935,4.25693,2.0129,5.39136,2.41839,6.47741,525.118,1406.48
1991-08-01,1991,8,31,True,279.77,104.77,2.10968,5.65056,2.3629,6.3288,3.80097,10.1805,5.84968,15.6678,583.508,1562.87
1991-09-01,1991,9,30,True,189.73,113.98,2.89067,7.49261,3.27367,8.48534,4.67733,12.1236,6.488,16.8169,871.789,2259.68
1991-10-01,1991,10,31,True,0,136.22,1.17645,3.15101,1.33645,3.57955,1.69323,4.53514,2.03839,5.45962,168.457,451.196
1991-11-01,1991,11,30,True,2.14,97.51,0.668667,1.73318,0.761,1.97251,0.996667,2.58336,1.259,3.26333,73.5433,190.624
1991-12-01,1991,12,31,True,67.15,71.22,0.559355,1.49818,0.631935,1.69258,0.841935,2.25504,1.09548,2.93414,69.1458,185.2
1992-01-01,1992,1,31,True,20.14,75.88,0.375161,1.00483,0.426129,1.14134,0.578387,1.54915,0.770968,2.06496,55.4168,148.428
1992-02-01,1992,2,29,True,21.96,93.15,0.315517,0.79056,0.357931,0.896832,0.494828,1.23984,0.672414,1.6848,84.4862,211.689
1992-03-01,1992,3,31,True,1.48,181.12,0.230968,0.618624,0.262258,0.702432,0.36129,0.96768,0.493548,1.32192,43.7635,117.216
1992-04-01,1992,4,30,True,1.59,234.69,0.158667,0.411264,0.179667,0.465696,0.252,0.653184,0.35,0.9072,24.1433,62.5795
1992-05-01,1992,5,31,True,7.28,249.37,0.103548,0.277344,0.117419,0.314496,0.166452,0.445824,0.233548,0.625536,32.9548,88.2662
1992-06-01,1992,6,30,True,22.67,217.45,0.07,0.18144,0.0803333,0.208224,0.114,0.295488,0.159667,0.413856,149.395,387.232
1992-07-01,1992,7,31,True,197.01,147.56,0.504516,1.3513,0.542903,1.45411,0.684839,1.83427,0.844839,2.26282,392.611,1051.57
1992-08-01,1992,8,31,True,424.42,104.09,7.70258,20.6306,8.69613,23.2917,11.6442,31.1878,15.0081,40.1976,1322.32,3541.7
1992-09-01,1992,9,30,True,127.38,115.42,2.337,6.0575,2.515,6.51888,3.06933,7.95571,3.77,9.77184,786.377,2038.29
1992-10-01,1992,10,31,True,124.79,115.87,3.04226,8.14838,3.43742,9.20678,4.4029,11.7927,5.39355,14.4461,283.738,759.965
1992-11-01,1992,11,30,True,6.16,91.62,0.863333,2.23776,0.978667,2.5367,1.259,3.26333,1.552,4.02278,87.2697,226.203
1992-12-01,1992,12,31,True,0.06,83.19,0.599677,1.60618,0.684839,1.83427,0.906774,2.4287,1.15516,3.09398,52.1503,139.679
1993-01-01,1993,1,31,True,17.77,91.85,0.448387,1.20096,0.514516,1.37808,0.694516,1.86019,0.912258,2.44339,50.6594,135.686
1993-02-01,1993,2,28,True,28.07,104.91,0.325714,0.787968,0.374286,0.905472,0.518929,1.25539,0.697143,1.68653,38.285,92.6191
1993-03-01,1993,3,31,True,72.97,152.86,0.443548,1.188,0.479032,1.28304,0.603226,1.61568,0.764516,2.04768,113.845,304.921
1993-04-01,1993,4,30,True,6.17,207.71,0.155667,0.403488,0.177,0.458784,0.25,0.648,0.349333,0.905472,52.7107,136.626
1993-05-01,1993,5,31,True,31.69,226.44,0.103871,0.278208,0.117742,0.31536,0.169355,0.4536,0.239355,0.641088,45.8,122.671
1993-06-01,1993,6,30,True,118.27,183.32,0.393333,1.01952,0.433667,1.12406,0.602,1.56038,0.800333,2.07446,205.013,531.393
1993-07-01,1993,7,31,True,246.31,132.6,1.34032,3.58992,1.46355,3.91997,2.92161,7.82525,5.14613,13.7834,503.148,1347.63
1993-08-01,1993,8,31,True,193.88,131.15,2.12806,5.69981,2.10806,5.64624,1.84419,4.93949,1.68613,4.51613,522.993,1400.78
1993-09-01,1993,9,30,True,373.42,91.13,16.6263,43.0955,18.8593,48.8834,23.7373,61.5272,27.8993,72.3151,3046.36,7896.15
1993-10-01,1993,10,31,True,0.18,136.11,2.01613,5.4,2.30581,6.17587,3.06419,8.20714,3.89871,10.4423,230.711,617.935
1993-11-01,1993,11,30,True,0.16,104.36,0.892,2.31206,1.02667,2.66112,1.45933,3.78259,2.01367,5.21942,92.2467,239.103
1993-12-01,1993,12,31,True,0,87.59,0.549677,1.47226,0.633871,1.69776,0.932258,2.49696,1.33871,3.5856,54.9735,147.241
1994-01-01,1994,1,31,True,29.24,86.52,0.396774,1.06272,0.456774,1.22342,0.688065,1.84291,1.01323,2.71382,58.47,156.606
1994-02-01,1994,2,28,True,68.88,97.25,0.346429,0.83808,0.396071,0.958176,0.651429,1.57594,1.03143,2.49523,66.6232,161.175
1994-03-01,1994,3,31,True,2.55,196.03,0.189355,0.507168,0.218387,0.584928,0.338065,0.905472,0.514194,1.37722,32.8345,87.944
1994-04-01,1994,4,30,True,9.9,206.04,0.122333,0.317088,0.142,0.368064,0.224333,0.581472,0.347,0.899424,45.2793,117.364
1994-05-01,1994,5,31,True,9.72,253.68,0.0783871,0.209952,0.0887097,0.2376,0.145484,0.389664,0.227097,0.608256,61.301,164.189
1994-06-01,1994,6,30,True,101.67,195.24,0.916333,2.37514,0.931,2.41315,0.992667,2.57299,1.057,2.73974,250.13,648.337
1994-07-01,1994,7,31,True,363.35,116.34,4.62323,12.3828,4.98161,13.3428,5.82581,15.6038,6.44871,17.2722,1103.11,2954.57
1994-08-01,1994,8,31,True,317.31,99.27,4.42452,11.8506,4.83677,12.9548,6.31613,16.9171,8.29516,22.2178,1917.1,5134.75
1994-09-01,1994,9,30,True,37.69,144.36,2.517,6.52406,2.84133,7.36474,3.53067,9.15149,4.15067,10.7585,627.127,1625.51
1994-10-01,1994,10,31,True,0,142.71,1.07581,2.88144,1.23419,3.30566,1.6271,4.35802,2.04548,5.47862,158.985,425.826
1994-11-01,1994,11,30,True,0,101.47,0.585333,1.51718,0.671667,1.74096,0.919333,2.38291,1.21333,3.14496,75.1333,194.746
1994-12-01,1994,12,31,True,0.02,89.79,0.41,1.09814,0.471613,1.26317,0.66,1.76774,0.897742,2.40451,51.8516,138.879
1995-01-01,1995,1,31,True,80.63,79.24,0.447419,1.19837,0.513226,1.37462,0.768387,2.05805,1.1171,2.99203,69.7,186.684
1995-02-01,1995,2,28,True,26.78,95.58,0.263571,0.637632,0.302143,0.730944,0.439286,1.06272,0.622857,1.50682,60.8221,147.141
1995-03-01,1995,3,31,True,32.69,162.53,0.198387,0.53136,0.226452,0.606528,0.333871,0.89424,0.481935,1.29082,45.8448,122.791
1995-04-01,1995,4,30,True,4.78,233.39,0.126,0.326592,0.143667,0.372384,0.216333,0.560736,0.319333,0.827712,48.5567,125.859
1995-05-01,1995,5,31,True,2.22,268.7,0.0812903,0.217728,0.0925806,0.247968,0.139032,0.372384,0.207419,0.555552,72.8219,195.046
1995-06-01,1995,6,30,True,84.14,205.09,0.099,0.256608,0.112,0.290304,0.174333,0.451872,0.262333,0.679968,240.619,623.684
1995-07-01,1995,7,31,True,229.5,119.74,1.05161,2.81664,1.11355,2.98253,1.36968,3.66854,1.66355,4.45565,1203.56,3223.61
1995-08-01,1995,8,31,True,331.53,92.54,3.40935,9.13162,3.67742,9.8496,4.49516,12.0398,5.55645,14.8824,1224.21,3278.93
1995-09-01,1995,9,30,True,157.7,115.56,5.202,13.4836,5.75533,14.9178,7.842,20.3265,10.6037,27.4847,1462.88,3791.78
1995-10-01,1995,10,31,True,0.31,134.88,1.2271,3.28666,1.39,3.72298,1.88387,5.04576,2.49,6.66922,219.128,586.912
1995-11-01,1995,11,30,True,0.14,103.11,0.635667,1.64765,0.725,1.8792,1.03567,2.68445,1.45033,3.75926,93.599,242.609
1995-12-01,1995,12,31,True,0.25,92.92,0.439677,1.17763,0.502903,1.34698,0.738387,1.9777,1.06355,2.84861,59.9955,160.692
1996-01-01,1996,1,31,True,38.45,83.37,0.360968,0.966816,0.412258,1.10419,0.615161,1.64765,0.902903,2.41834,72.1629,193.281
1996-02-01,1996,2,29,True,114.72,92.69,0.457586,1.14653,0.51,1.27786,0.762759,1.91117,1.14414,2.86675,78.4152,196.477
1996-03-01,1996,3,31,True,7.93,166.52,0.20871,0.559008,0.237097,0.63504,0.361935,0.969408,0.542903,1.45411,66.411,177.875
1996-04-01,1996,4,30,True,9.54,215.87,0.143667,0.372384,0.163667,0.424224,0.250333,0.648864,0.376333,0.975456,45.0787,116.844
1996-05-01,1996,5,31,True,8.12,257.34,0.0935484,0.25056,0.105806,0.283392,0.162903,0.43632,0.247419,0.662688,32.4923,87.0273
1996-06-01,1996,6,30,True,337.73,160.64,2.96,7.67232,3.33733,8.65037,5.17267,13.4076,7.72633,20.0267,319.4,827.885
1996-07-01,1996,7,31,True,337.78,111.9,4.70258,12.5954,5.36097,14.3588,7.63806,20.4578,10.6329,28.4792,1349.54,3614.61
1996-08-01,1996,8,31,True,399.34,85.97,13.3174,35.6694,15.07,40.3635,20.7184,55.4921,28.0523,75.1352,2463.6,6598.5
1996-09-01,1996,9,30,True,212.99,102.1,12.6853,32.8804,14.551,37.7162,22.7063,58.8548,34.7093,89.9666,1519.04,3937.36
1996-10-01,1996,10,31,True,12.12,121.64,2.08968,5.59699,2.41839,6.47741,3.89452,10.4311,6.07452,16.27,297.469,796.741
1996-11-01,1996,11,30,True,0,113.79,0.865,2.24208,0.999,2.58941,1.61333,4.18176,2.53133,6.56122,117.05,303.394
1996-12-01,1996,12,31,True,0,90.97,0.562903,1.50768,0.65,1.74096,1.05032,2.81318,1.65581,4.43491,73.4281,196.67
1997-01-01,1997,1,31,True,20.23,84.87,0.426452,1.14221,0.49129,1.31587,0.799032,2.14013,1.26613,3.3912,68.8426,184.388
1997-02-01,1997,2,28,True,3.79,118.18,0.311429,0.753408,0.358929,0.86832,0.587857,1.42214,0.9325,2.2559,51.8418,125.416
1997-03-01,1997,3,31,True,16.12,157.48,0.208065,0.55728,0.238387,0.638496,0.392581,1.05149,0.629355,1.68566,46.0242,123.271
1997-04-01,1997,4,30,True,63.05,179.15,0.19,0.49248,0.213667,0.553824,0.344667,0.893376,0.547,1.41782,94.1407,244.013
1997-05-01,1997,5,31,True,42.16,227.39,0.114839,0.307584,0.129677,0.347328,0.204516,0.547776,0.319032,0.854496,70.9642,190.07
1997-06-01,1997,6,30,True,91.89,190.79,0.212333,0.550368,0.237,0.614304,0.336333,0.871776,0.469333,1.21651,202.179,524.047
1997-07-01,1997,7,31,True,370.88,112.55,2.63129,7.04765,2.97258,7.96176,4.54452,12.172,6.71323,17.9807,866.247,2320.16
1997-08-01,1997,8,31,True,232.64,121.67,2.69129,7.20835,2.97968,7.98077,4.28355,11.4731,6.05258,16.2112,1172.76,3141.13
1997-09-01,1997,9,30,True,93.84,106.25,1.696,4.39603,1.89333,4.90752,2.718,7.04506,3.87567,10.0457,665.121,1723.99
1997-10-01,1997,10,31,True,23.15,109.15,1.12742,3.01968,1.27323,3.41021,1.87323,5.01725,2.73516,7.32586,218.038,583.992
1997-11-01,1997,11,30,True,34.64,84.94,0.720667,1.86797,0.822333,2.13149,1.258,3.26074,1.89867,4.92134,112.601,291.861
1997-12-01,1997,12,31,True,85.6,57.33,0.856452,2.29392,0.972581,2.60496,1.55613,4.16794,2.4271,6.50074,116.498,312.028
1998-01-01,1998,1,31,True,11.57,74.18,0.495806,1.32797,0.566452,1.51718,0.906129,2.42698,1.42323,3.81197,62.3961,167.122
1998-02-01,1998,2,28,True,36.37,88.88,0.4225,1.02211,0.484286,1.17158,0.779643,1.88611,1.22929,2.97389,65.2589,157.874
1998-03-01,1998,3,31,True,91.95,128.4,0.493548,1.32192,0.554194,1.48435,0.93,2.49091,1.51903,4.06858,96.8855,259.498
1998-04-01,1998,4,30,True,49.7,177.7,0.300667,0.779328,0.339333,0.879552,0.567333,1.47053,0.924667,2.39674,66.7097,172.911
1998-05-01,1998,5,31,True,62.99,208.77,0.608065,1.62864,0.675484,1.80922,0.973226,2.60669,1.34806,3.61066,65.6603,175.865
1998-06-01,1998,6,30,True,161.06,187.89,0.592,1.53446,0.614667,1.59322,0.753667,1.9535,1.04333,2.70432,222.974,577.949
1998-07-01,1998,7,31,True,366.31,108.4,7.15903,19.1748,7.89452,21.1447,10.1187,27.102,12.3619,33.1102,1206.74,3232.12
1998-08-01,1998,8,31,True,372.12,89.4,12.5242,33.5448,14.1752,37.9668,18.9955,50.8775,24.7597,66.3163,1602.52,4292.19
1998-09-01,1998,9,30,True,116.99,114.18,4.285,11.1067,4.90867,12.7233,7.56367,19.605,11.3913,29.5263,572.738,1484.54
1998-10-01,1998,10,31,True,75.16,111.57,2.30871,6.18365,2.60548,6.97853,4.00839,10.7361,6.07161,16.2622,520.653,1394.52
1998-11-01,1998,11,30,True,0.97,94.19,1.11933,2.90131,1.27467,3.30394,2.03667,5.27904,3.20167,8.29872,159.554,413.564
1998-12-01,1998,12,31,True,0,76.71,0.767742,2.05632,0.875484,2.3449,1.39903,3.74717,2.19355,5.8752,102.792,275.317
1999-01-01,1999,1,31,True,50.2,65.81,0.665484,1.78243,0.763226,2.04422,1.20613,3.2305,1.87258,5.01552,92.8026,248.562
1999-02-01,1999,2,28,True,0.68,100.92,0.473571,1.14566,0.542143,1.31155,0.860357,2.08138,1.34036,3.24259,68.7986,166.438
1999-03-01,1999,3,31,True,0.25,199.38,0.327742,0.877824,0.376129,1.00742,0.598387,1.60272,0.929677,2.49005,46.7355,125.176
1999-04-01,1999,4,30,True,1.92,260.05,0.195,0.50544,0.224,0.580608,0.360333,0.933984,0.566,1.46707,26.1647,67.8188
1999-05-01,1999,5,31,True,34,226.67,0.122581,0.32832,0.14,0.374976,0.227419,0.60912,0.359355,0.962496,73.7074,197.418
1999-06-01,1999,6,30,True,84.41,182.14,0.118333,0.30672,0.131,0.339552,0.190333,0.493344,0.286,0.741312,140.771,364.878
1999-07-01,1999,7,31,True,305.51,122.64,3.73613,10.0068,4.14968,11.1145,5.56516,14.9057,7.13839,19.1195,629.684,1686.54
1999-08-01,1999,8,31,True,247.46,113.94,1.96645,5.26694,2.24581,6.01517,3.53903,9.47894,5.34742,14.3225,1572.32,4211.29
1999-09-01,1999,9,30,True,200.5,96.84,3.18133,8.24602,3.57467,9.26554,4.43,11.4826,5.248,13.6028,724.114,1876.9
1999-10-01,1999,10,31,True,108.39,110.72,4.43548,11.88,4.92645,13.195,6.56516,17.5841,8.70355,23.3116,599.045,1604.48
1999-11-01,1999,11,30,True,0,104.06,1.661,4.30531,1.91,4.95072,2.744,7.11245,3.83467,9.93946,189.997,492.471
1999-12-01,1999,12,31,True,4.36,76.16,0.995806,2.66717,1.15129,3.08362,1.73452,4.64573,2.54968,6.82906,108.756,291.293
2000-01-01,2000,1,31,True,25.25,78.69,0.433871,1.16208,0.49129,1.31587,0.656452,1.75824,0.84871,2.27318,72.8297,195.067
2000-02-01,2000,2,29,True,47.45,93.92,0.39,0.977184,0.441034,1.10506,0.577931,1.44806,0.741034,1.85674,122.733,307.519
2000-03-01,2000,3,31,True,16.18,168.55,0.255484,0.684288,0.28871,0.77328,0.387742,1.03853,0.507097,1.35821,71.9061,192.593
2000-04-01,2000,4,30,True,7.89,220.53,0.166667,0.432,0.188667,0.489024,0.256667,0.66528,0.342333,0.887328,42.696,110.668
2000-05-01,2000,5,31,True,30.69,205.92,0.11871,0.317952,0.133226,0.356832,0.183226,0.490752,0.246774,0.66096,78.3019,209.724
2000-06-01,2000,6,30,True,251.17,132.96,1.95733,5.07341,2.15433,5.58403,2.76033,7.15478,3.38933,8.78515,738.494,1914.18
2000-07-01,2000,7,31,True,294.58,103.42,2.56871,6.88003,2.8171,7.54531,3.67129,9.83318,4.85484,13.0032,1064.66,2851.6
2000-08-01,2000,8,31,True,186.29,110.27,3.7229,9.97142,4.16419,11.1534,5.26226,14.0944,6.33581,16.9698,1501.45,4021.49
2000-09-01,2000,9,30,True,64.15,121.39,3.44867,8.93894,3.99833,10.3637,5.08967,13.1924,6.021,15.6064,808.05,2094.46
2000-10-01,2000,10,31,True,0,129.02,1.90161,5.09328,2.19548,5.88038,3.18516,8.53114,4.48129,12.0027,222.084,594.83
2000-11-01,2000,11,30,True,0.19,103.13,0.978,2.53498,1.12833,2.92464,1.72133,4.4617,2.55867,6.63206,117.056,303.41
2000-12-01,2000,12,31,True,0,86.13,0.660323,1.76861,0.76129,2.03904,1.18387,3.17088,1.79516,4.80816,78.4558,210.136
2001-01-01,2001,1,31,True,5.56,83.9,0.506129,1.35562,0.582581,1.56038,0.916452,2.45462,1.40774,3.7705,64.7852,173.521
2001-02-01,2001,2,28,True,8.99,113.26,0.386071,0.933984,0.444643,1.07568,0.705357,1.7064,1.09286,2.64384,49.2161,119.064
2001-03-01,2001,3,31,True,17.54,166.61,0.276129,0.739584,0.317742,0.85104,0.506452,1.35648,0.790968,2.11853,43.9277,117.656
2001-04-01,2001,4,30,True,33.71,200.91,0.21,0.54432,0.236667,0.61344,0.371333,0.962496,0.575667,1.49213,63.031,163.376
2001-05-01,2001,5,31,True,67.02,203.27,0.143548,0.38448,0.162903,0.43632,0.261613,0.700704,0.410968,1.10074,94.6965,253.635
2001-06-01,2001,6,30,True,182.94,139.87,0.668333,1.73232,0.716667,1.8576,1.01133,2.62138,1.43233,3.71261,354.666,919.294
2001-07-01,2001,7,31,True,286.87,117.49,2.40903,6.45235,2.66226,7.13059,3.45548,9.25517,4.34548,11.6389,1121.97,3005.07
2001-08-01,2001,8,31,True,140.1,125.99,1.00613,2.69482,1.12774,3.02054,1.39419,3.73421,1.65355,4.42886,561.226,1503.19
2001-09-01,2001,9,30,True,23.27,137.81,0.854667,2.2153,0.959,2.48573,1.192,3.08966,1.40833,3.6504,295.01,764.665
2001-10-01,2001,10,31,True,12.57,125.81,1.02323,2.74061,1.17968,3.15965,1.53419,4.10918,1.88742,5.05526,117.765,315.421
2001-11-01,2001,11,30,True,0.12,97.59,0.649333,1.68307,0.749,1.94141,1.00067,2.59373,1.27333,3.30048,63.4207,164.386
2001-12-01,2001,12,31,True,0.01,78.68,0.49,1.31242,0.564516,1.512,0.765484,2.05027,0.99871,2.67494,46.1274,123.548
2002-01-01,2002,1,31,True,63.27,72.47,0.450968,1.20787,0.519032,1.39018,0.717742,1.9224,0.957419,2.56435,52.6761,141.088
2002-02-01,2002,2,28,True,74.18,90.1,0.691071,1.67184,0.776071,1.87747,1.08357,2.62138,1.47964,3.57955,111.521,269.792
2002-03-01,2002,3,31,True,21.47,155.08,0.326774,0.875232,0.372903,0.998784,0.514516,1.37808,0.695484,1.86278,63.3697,169.729
2002-04-01,2002,4,30,True,49.07,204.25,0.385,0.99792,0.431,1.11715,0.570667,1.47917,0.721,1.86883,38.1267,98.8243
2002-05-01,2002,5,31,True,15.24,208.87,0.166452,0.445824,0.190323,0.50976,0.263548,0.705888,0.359355,0.962496,44.4048,118.934
2002-06-01,2002,6,30,True,53.61,174.89,0.141333,0.366336,0.160667,0.416448,0.221333,0.573696,0.3,0.7776,212.786,551.542
2002-07-01,2002,7,31,True,115.29,174.56,0.469677,1.25798,0.506774,1.35734,0.615161,1.64765,0.718065,1.92326,479.741,1284.94
2002-08-01,2002,8,31,True,391.52,107.13,3.01613,8.0784,3.44258,9.22061,6.31548,16.9154,10.8719,29.1194,1174.3,3145.25
2002-09-01,2002,9,30,True,282.02,98.22,7.61367,19.7346,8.69267,22.5314,11.3567,29.4365,14.274,36.9982,1147.25,2973.68
2002-10-01,2002,10,31,True,2.71,123.19,1.83903,4.92566,2.09613,5.61427,2.70387,7.24205,3.29839,8.8344,216.683,580.363
2002-11-01,2002,11,30,True,0,98.84,0.899333,2.33107,1.02467,2.65594,1.36867,3.54758,1.76767,4.58179,84.547,219.146
2002-12-01,2002,12,31,True,44.06,80.68,0.620968,1.6632,0.708387,1.89734,0.973548,2.60755,1.31387,3.51907,53.7758,144.033
2003-01-01,2003,1,31,True,38.98,59.26,0.532258,1.4256,0.611935,1.63901,0.868065,2.32502,1.19742,3.20717,53.8948,144.352
2003-02-01,2003,2,28,True,70.86,83.43,0.786429,1.90253,0.879286,2.12717,1.24107,3.0024,1.71464,4.14806,189.452,458.323
2003-03-01,2003,3,31,True,5.44,146.81,0.355484,0.952128,0.407742,1.0921,0.588065,1.57507,0.831935,2.22826,60.3052,161.521
2003-04-01,2003,4,30,True,13.19,219.16,0.245,0.63504,0.280333,0.726624,0.411,1.06531,0.593,1.53706,45.833,118.799
2003-05-01,2003,5,31,True,5.66,247.36,0.151613,0.40608,0.173871,0.465696,0.26129,0.69984,0.383548,1.0273,47.9065,128.313
2003-06-01,2003,6,30,True,95.79,179.78,0.169333,0.438912,0.185333,0.480384,0.276333,0.716256,0.416,1.07827,172.902,448.161
2003-07-01,2003,7,31,True,495.02,106.51,7.8329,20.9796,8.68516,23.2623,11.1403,29.8382,13.9968,37.489,1523.87,4081.54
2003-08-01,2003,8,31,True,259.65,106.47,6.7071,17.9643,7.54194,20.2003,10.8765,29.1315,15.5345,41.6076,1212.22,3246.8
2003-09-01,2003,9,30,True,434.33,76.01,16.5057,42.7827,18.8453,48.8471,29.2,75.6864,44.6573,115.752,1521.98,3944.96
2003-10-01,2003,10,31,True,0,131.97,4.33419,11.6087,5.01516,13.4326,8.01194,21.4592,12.3632,33.1137,472.744,1266.2
2003-11-01,2003,11,30,True,0.04,102.53,1.29533,3.3575,1.49767,3.88195,2.44933,6.34867,3.889,10.0803,151.534,392.775
2003-12-01,2003,12,31,True,20.68,74.13,0.78871,2.11248,0.91129,2.4408,1.49387,4.00118,2.37903,6.372,91.36,244.699
2004-01-01,2004,1,31,True,41.94,63.62,0.62129,1.66406,0.714194,1.9129,1.17742,3.1536,1.89032,5.06304,89.3855,239.41
2004-02-01,2004,2,29,True,1.58,104.47,0.483103,1.21046,0.557241,1.39622,0.912414,2.28614,1.4531,3.6409,70.8614,177.55
2004-03-01,2004,3,31,True,0,190.05,0.327742,0.877824,0.376452,1.00829,0.617419,1.6537,0.984839,2.63779,40.5487,108.606
2004-04-01,2004,4,30,True,25.34,212.27,0.211,0.546912,0.242667,0.628992,0.397,1.02902,0.637333,1.65197,35.8807,93.0027
2004-05-01,2004,5,31,True,25.73,241.21,0.143226,0.383616,0.164839,0.441504,0.271935,0.728352,0.43871,1.17504,59.6516,159.771
2004-06-01,2004,6,30,True,180.18,173.34,0.753333,1.95264,0.854667,2.2153,1.93533,5.01638,3.70333,9.59904,140.491,364.153
2004-07-01,2004,7,31,True,197.65,135.47,1.04258,2.79245,1.14258,3.06029,1.58097,4.23446,2.15968,5.78448,371.121,994.011
2004-08-01,2004,8,31,True,169.07,121.06,0.976774,2.61619,1.06129,2.84256,1.51065,4.04611,2.10677,5.64278,620.734,1662.57
2004-09-01,2004,9,30,True,164.47,124.01,2.35667,6.10848,2.63267,6.82387,3.59733,9.32429,4.74567,12.3008,661.275,1714.03
2004-10-01,2004,10,31,True,81.07,111.46,1.20161,3.2184,1.36226,3.64867,1.84677,4.9464,2.44935,6.56035,238.382,638.482
2004-11-01,2004,11,30,True,8.32,91.41,0.758333,1.9656,0.858333,2.2248,1.02833,2.66544,1.14033,2.95574,103.49,268.245
2004-12-01,2004,12,31,True,0.09,75.49,0.560645,1.50163,0.637097,1.7064,0.771613,2.06669,0.869032,2.32762,69.7752,186.886
2005-01-01,2005,1,31,True,32.32,71.84,0.456774,1.22342,0.517097,1.38499,0.63871,1.71072,0.739032,1.97942,64.6235,173.088
2005-02-01,2005,2,28,True,36.8,95.09,0.376429,0.910656,0.427143,1.03334,0.531429,1.28563,0.625,1.512,94.9693,229.75
2005-03-01,2005,3,31,True,19.97,158.83,0.27,0.723168,0.306452,0.8208,0.384516,1.02989,0.458065,1.22688,60.8523,162.987
2005-04-01,2005,4,30,True,4.38,226.24,0.168,0.435456,0.190667,0.494208,0.243,0.629856,0.295,0.76464,34.8783,90.4046
2005-05-01,2005,5,31,True,20.15,244.86,0.108387,0.290304,0.123226,0.330048,0.161935,0.433728,0.203548,0.545184,49.5235,132.644
2005-06-01,2005,6,30,True,82.94,242.87,0.372333,0.965088,0.401333,1.04026,0.453667,1.1759,0.487333,1.26317,77.67,201.321
2005-07-01,2005,7,31,True,461.29,111.12,6.0929,16.3192,6.80226,18.2192,9.67484,25.9131,13.3923,35.8698,919.335,2462.35
2005-08-01,2005,8,31,True,111.97,135.19,2.55258,6.83683,2.83516,7.5937,3.36258,9.00634,3.70484,9.92304,1235.46,3309.05
2005-09-01,2005,9,30,True,201.07,109.26,2.98567,7.73885,3.36167,8.71344,4.05967,10.5227,4.599,11.9206,778.976,2019.11
2005-10-01,2005,10,31,True,8.8,117.28,2.37742,6.36768,2.68613,7.19453,3.21419,8.6089,3.56258,9.54202,656.611,1758.67
2005-11-01,2005,11,30,True,0,108.5,1.18533,3.07238,1.357,3.51734,1.7,4.4064,1.988,5.1529,142.5,369.359
2005-12-01,2005,12,31,True,0.73,82.73,0.760323,2.03645,0.872903,2.33798,1.12226,3.00586,1.36387,3.65299,85.7165,229.583
2006-01-01,2006,1,31,True,0.19,94.21,0.557097,1.49213,0.640968,1.71677,0.841613,2.25418,1.05419,2.82355,63.9058,171.165
2006-02-01,2006,2,28,True,0.18,124.23,0.401071,0.970272,0.461071,1.11542,0.62,1.4999,0.801071,1.93795,44.4968,107.647
2006-03-01,2006,3,31,True,30.07,155.77,0.287742,0.770688,0.328387,0.879552,0.451613,1.2096,0.600645,1.60877,54.7377,146.61
2006-04-01,2006,4,30,True,10.22,206.83,0.179333,0.464832,0.204667,0.530496,0.288,0.746496,0.393333,1.01952,51.7157,134.047
2006-05-01,2006,5,31,True,42.54,199.26,0.133226,0.356832,0.151935,0.406944,0.216129,0.57888,0.300968,0.806112,100.305,268.656
2006-06-01,2006,6,30,True,242.65,163.63,3.01133,7.80538,3.39833,8.80848,4.929,12.776,6.84833,17.7509,337.633,875.146
2006-07-01,2006,7,31,True,216.34,116.55,1.47613,3.95366,1.62516,4.35283,2.0771,5.5633,2.57065,6.88522,645.035,1727.66
2006-08-01,2006,8,31,True,128.61,133.73,0.718065,1.92326,0.769355,2.06064,0.91,2.43734,1.05871,2.83565,622.88,1668.32
2006-09-01,2006,9,30,True,113.08,128.79,2.412,6.2519,2.67733,6.93965,3.95467,10.2505,5.71133,14.8038,761.492,1973.79
2006-10-01,2006,10,31,True,0.68,131.25,0.479032,1.28304,0.522581,1.39968,0.607742,1.62778,0.671935,1.79971,132.783,355.646
2006-11-01,2006,11,30,True,0.25,102.32,0.344,0.891648,0.380333,0.985824,0.447667,1.16035,0.5,1.296,72.1083,186.905
2006-12-01,2006,12,31,True,3.57,84.35,0.283548,0.759456,0.315161,0.844128,0.377097,1.01002,0.429032,1.14912,54.3032,145.446
2007-01-01,2007,1,31,True,0.09,95.93,0.241935,0.648,0.270323,0.724032,0.327742,0.877824,0.375161,1.00483,37.6629,100.876
2007-02-01,2007,2,28,True,121.99,80.76,0.516786,1.25021,0.576071,1.39363,0.809286,1.95782,1.11357,2.69395,88.7404,214.681
2007-03-01,2007,3,31,True,67.16,145.08,0.383548,1.0273,0.417419,1.11802,0.501935,1.34438,0.572258,1.53274,135.504,362.934
2007-04-01,2007,4,30,True,4,216.59,0.148333,0.38448,0.165333,0.428544,0.203333,0.52704,0.238333,0.61776,34.6103,89.71
2007-05-01,2007,5,31,True,9.42,217.82,0.109677,0.29376,0.124194,0.33264,0.154194,0.412992,0.186774,0.500256,73.7974,197.659
2007-06-01,2007,6,30,True,171.22,179.54,0.507,1.31414,0.576333,1.49386,0.772333,2.00189,0.962667,2.49523,143.338,371.531
2007-07-01,2007,7,31,True,262.79,120.26,1.41839,3.79901,1.58194,4.23706,2.17903,5.83632,2.90548,7.78205,676.048,1810.73
2007-08-01,2007,8,31,True,237.28,114.22,2.27613,6.09638,2.51677,6.74093,3.67097,9.83232,5.34097,14.3052,1427.56,3823.58
2007-09-01,2007,9,30,True,108.81,113.07,2.44233,6.33053,2.679,6.94397,3.17533,8.23046,3.61133,9.36058,562.157,1457.11
2007-10-01,2007,10,31,True,10.16,127.13,1.32968,3.56141,1.49194,3.996,1.77065,4.7425,1.95903,5.24707,197.301,528.451
2007-11-01,2007,11,30,True,0.18,93.37,0.813333,2.10816,0.918667,2.38118,1.11067,2.87885,1.252,3.24518,84.3213,218.561
2007-12-01,2007,12,31,True,9.32,84.22,0.586129,1.56989,0.662258,1.77379,0.813871,2.17987,0.93871,2.51424,61.7258,165.326
2008-01-01,2008,1,31,True,12.57,84.93,0.400645,1.07309,0.453226,1.21392,0.565484,1.51459,0.672903,1.8023,61.6261,165.059
2008-02-01,2008,2,29,True,6.78,104.57,0.318621,0.798336,0.36069,0.903744,0.455517,1.14134,0.554828,1.39018,49.4469,123.894
2008-03-01,2008,3,31,True,5.06,164.92,0.244516,0.654912,0.275484,0.737856,0.354194,0.948672,0.437419,1.17158,32.9326,88.2066
2008-04-01,2008,4,30,True,21.44,218.22,0.185333,0.480384,0.211,0.546912,0.277,0.717984,0.354333,0.918432,36.4467,94.4698
2008-05-01,2008,5,31,True,27.82,209.6,0.133226,0.356832,0.151613,0.40608,0.199032,0.533088,0.256452,0.68688,71.1623,190.601
2008-06-01,2008,6,30,True,333.56,110.68,1.77233,4.59389,1.95367,5.0639,2.644,6.85325,3.48333,9.0288,640.137,1659.24
2008-07-01,2008,7,31,True,335.43,104.15,5.38452,14.4219,6.03806,16.1724,8.07323,21.6233,10.6226,28.4515,1191.08,3190.19
2008-08-01,2008,8,31,True,339.7,93.8,16.0984,43.1179,18.2665,48.9249,24.8739,66.6222,33.1835,88.8788,2731.72,7316.65
2008-09-01,2008,9,30,True,163.17,121.56,6.23833,16.1698,7.02567,18.2105,10.3187,26.746,15.0407,38.9854,1389.82,3602.41
2008-10-01,2008,10,31,True,27.82,118.07,2.32161,6.21821,2.63677,7.06234,3.93774,10.5468,5.81387,15.5719,322.7,864.319
2008-11-01,2008,11,30,True,0.06,94.1,1.194,3.09485,1.37333,3.55968,2.08733,5.41037,3.10267,8.04211,132.496,343.43
2008-12-01,2008,12,31,True,0,77.24,0.803871,2.15309,0.925161,2.47795,1.41581,3.7921,2.11613,5.66784,83.4248,223.445
2009-01-01,2009,1,31,True,0.53,84.97,0.62,1.66061,0.715806,1.91722,1.10355,2.95574,1.66194,4.45133,67.8261,181.666
2009-02-01,2009,2,28,True,14.27,118.63,0.496786,1.20182,0.574286,1.38931,0.89,2.15309,1.35036,3.26678,57.2825,138.578
2009-03-01,2009,3,31,True,5.06,168.48,0.347742,0.931392,0.40129,1.07482,0.62871,1.68394,0.961935,2.57645,40.7203,109.065
2009-04-01,2009,4,30,True,16.17,254.68,0.224667,0.582336,0.258333,0.6696,0.414,1.07309,0.647,1.67702,34.898,90.4556
2009-05-01,2009,5,31,True,27.85,224.81,0.152258,0.407808,0.172258,0.461376,0.275806,0.73872,0.428387,1.14739,57.3055,153.487
2009-06-01,2009,6,30,True,24.81,239.6,0.102667,0.266112,0.117333,0.304128,0.190667,0.494208,0.307,0.795744,37.483,97.1559
2009-07-01,2009,7,31,True,252.55,144.67,3.19097,8.54669,3.55419,9.51955,4.54387,12.1703,5.25226,14.0676,295.89,792.513
2009-08-01,2009,8,31,True,300.92,121.06,3.37806,9.04781,3.73806,10.012,5.72452,15.3325,8.66581,23.2105,1247.41,3341.06
2009-09-01,2009,9,30,True,198.37,109.74,3.15033,8.16566,3.58567,9.29405,5.56033,14.4124,8.211,21.2829,756.753,1961.5
2009-10-01,2009,10,31,True,133.68,119.78,2.86323,7.66886,3.21871,8.62099,4.28452,11.4756,5.61968,15.0517,1312.44,3515.24
2009-11-01,2009,11,30,True,15.36,90.26,1.18667,3.07584,1.352,3.50438,1.81467,4.70362,2.359,6.11453,154.376,400.142
2009-12-01,2009,12,31,True,0.18,82.76,0.795161,2.12976,0.91,2.43734,1.26581,3.39034,1.71484,4.59302,84.7745,227.06
2010-01-01,2010,1,31,True,10.61,67.06,0.386129,1.03421,0.437097,1.17072,0.551935,1.4783,0.663871,1.77811,54.6623,146.407
2010-02-01,2010,2,28,True,25.89,100.24,0.326786,0.79056,0.367857,0.88992,0.465714,1.12666,0.5625,1.3608,66.9889,162.06
2010-03-01,2010,3,31,True,0.14,180.12,0.237097,0.63504,0.267097,0.715392,0.342581,0.917568,0.419677,1.12406,35.6026,95.358
2010-04-01,2010,4,30,True,2.61,238.53,0.158,0.409536,0.179,0.463968,0.231,0.598752,0.285333,0.739584,22.0737,57.2149
2010-05-01,2010,5,31,True,36.71,223.43,0.115484,0.309312,0.130968,0.350784,0.172258,0.461376,0.221613,0.593568,29.2277,78.2836
2010-06-01,2010,6,30,True,46.29,213.3,0.082,0.212544,0.0916667,0.2376,0.131333,0.340416,0.184,0.476928,77.9043,201.928
2010-07-01,2010,7,31,True,566.56,112.52,8.84355,23.6866,9.80129,26.2518,13.0026,34.8261,16.9494,45.3972,1765.53,4728.79
2010-08-01,2010,8,31,True,306.23,95.42,8.14677,21.8203,9.03452,24.198,11.5903,31.0435,14.6752,39.306,2262.82,6060.75
2010-09-01,2010,9,30,True,398.99,81.25,19.7927,51.3026,22.396,58.0504,32.6727,84.6876,47.311,122.63,2876.54,7455.99
2010-10-01,2010,10,31,True,7.14,129.31,3.60839,9.6647,4.17645,11.1862,6.77742,18.1526,10.63,28.4714,490.571,1313.95
2010-11-01,2010,11,30,True,14.49,93.26,1.18967,3.08362,1.37067,3.55277,2.208,5.72314,3.45967,8.96746,143.792,372.708
2010-12-01,2010,12,31,True,45.13,80.19,0.771935,2.06755,0.886774,2.37514,1.41645,3.79382,2.22548,5.96074,86.9832,232.976
2011-01-01,2011,1,31,True,5.37,76.5,0.603226,1.61568,0.697742,1.86883,1.12419,3.01104,1.75065,4.68893,87.6319,234.713
2011-02-01,2011,2,28,True,20.47,96.17,0.449286,1.08691,0.516786,1.25021,0.8325,2.01398,1.31071,3.17088,75.47,182.577
2011-03-01,2011,3,31,True,8.78,163.66,0.317742,0.85104,0.364839,0.977184,0.593548,1.58976,0.94129,2.52115,50.8026,136.07
2011-04-01,2011,4,30,True,4.72,200.45,0.207333,0.537408,0.237333,0.615168,0.391667,1.0152,0.629,1.63037,40.7857,105.716
2011-05-01,2011,5,31,True,20.01,211.87,0.142258,0.381024,0.162581,0.435456,0.267742,0.71712,0.432903,1.15949,44.0168,117.895
2011-06-01,2011,6,30,True,166.27,159.83,0.413,1.0705,0.451333,1.16986,0.659333,1.70899,1.12133,2.9065,192.495,498.946
2011-07-01,2011,7,31,True,461.28,103.04,4.25387,11.3936,4.87548,13.0585,8.19613,21.9525,13.0984,35.0827,903.61,2420.23
2011-08-01,2011,8,31,True,360.13,105.22,11.791,31.5809,13.5803,36.3735,21.5358,57.6815,33.4429,89.5735,2043.97,5474.57
2011-09-01,2011,9,30,True,105.48,123.86,4.32,11.1974,4.99233,12.9401,7.74167,20.0664,11.6687,30.2452,788.125,2042.82
2011-10-01,2011,10,31,True,2.24,138.8,1.65806,4.44096,1.90935,5.11402,2.88839,7.73626,4.25871,11.4065,269.431,721.644
2011-11-01,2011,11,30,True,0,95.42,0.83,2.15136,0.953333,2.47104,1.42267,3.68755,2.07233,5.37149,117.744,305.192
2011-12-01,2011,12,31,True,1.17,77.49,0.583226,1.56211,0.67129,1.79798,1.00516,2.69222,1.47258,3.94416,75.7335,202.845
2012-01-01,2012,1,31,True,29.53,74.73,0.485484,1.30032,0.559677,1.49904,0.844516,2.26195,1.24613,3.33763,73.1142,195.829
2012-02-01,2012,2,29,True,1.83,120.58,0.361379,0.905472,0.416897,1.04458,0.633103,1.5863,0.935862,2.3449,49.4434,123.886
2012-03-01,2012,3,31,True,13.04,182.82,0.240968,0.645408,0.278065,0.744768,0.423871,1.1353,0.633548,1.6969,45.8013,122.674
2012-04-01,2012,4,30,True,11.63,213.71,0.156,0.404352,0.179333,0.464832,0.279,0.723168,0.423,1.09642,38.0493,98.6239
2012-05-01,2012,5,31,True,0.35,266.67,0.100323,0.268704,0.115161,0.308448,0.179032,0.47952,0.273226,0.731808,27.4855,73.6171
2012-06-01,2012,6,30,True,2.28,265.01,0.0646667,0.167616,0.0723333,0.187488,0.114,0.295488,0.178667,0.463104,51.58,133.695
2012-07-01,2012,7,31,True,267.06,116.6,2.31129,6.19056,2.51806,6.74438,3.18226,8.52336,3.77226,10.1036,691.043,1850.89
2012-08-01,2012,8,31,True,465.08,95.72,6.8071,18.2321,7.76065,20.7861,11.4494,30.666,16.4361,44.0225,1267.37,3394.51
2012-09-01,2012,9,30,True,103.35,116.48,3.562,9.2327,4.04433,10.4829,5.47533,14.1921,7.287,18.8879,758.54,1966.14
2012-10-01,2012,10,31,True,0.81,132.87,2.02,5.41037,2.33065,6.2424,3.39258,9.08669,4.79548,12.8442,249.844,669.182
2012-11-01,2012,11,30,True,1.52,99.03,1.04933,2.71987,1.215,3.14928,1.835,4.75632,2.69433,6.98371,112.623,291.919
2012-12-01,2012,12,31,True,5.12,83.19,0.70871,1.89821,0.822258,2.20234,1.2629,3.38256,1.88548,5.05008,77.0423,206.35
2013-01-01,2013,1,31,True,45.67,72.75,0.599677,1.60618,0.692903,1.85587,1.08161,2.89699,1.64581,4.40813,88.6794,237.519
2013-02-01,2013,2,28,True,140.59,80.86,1.52321,3.68496,1.72857,4.18176,2.73464,6.61565,4.22964,10.2324,179.302,433.768
2013-03-01,2013,3,31,True,9.66,157.97,0.429032,1.14912,0.493871,1.32278,0.775161,2.07619,1.19065,3.18902,52.0613,139.441
2013-04-01,2013,4,30,True,6.05,226.19,0.292,0.756864,0.335667,0.870048,0.537667,1.39363,0.842333,2.18333,43.5937,112.995
2013-05-01,2013,5,31,True,2.17,247.33,0.16871,0.451872,0.192903,0.516672,0.315484,0.844992,0.503548,1.3487,24.729,66.2342
2013-06-01,2013,6,30,True,289.01,125.82,2.837,7.3535,3.13533,8.12678,4.40233,11.4108,6.03867,15.6522,1159.17,3004.56
2013-07-01,2013,7,31,True,421.34,94.5,9.45065,25.3126,10.5023,28.1292,13.53,36.2388,16.9884,45.5017,2073.22,5552.92
2013-08-01,2013,8,31,True,277.53,102.98,9.31548,24.9506,10.5271,28.1958,13.9555,37.3784,18.0587,48.3684,1688.46,4522.36
2013-09-01,2013,9,30,True,125.09,125.03,5.19333,13.4611,5.99867,15.5485,9.107,23.6053,13.3393,34.5756,710.784,1842.35
2013-10-01,2013,10,31,True,31.86,108.93,1.89258,5.06909,2.18839,5.86138,3.49484,9.36058,5.42323,14.5256,313.726,840.285
2013-11-01,2013,11,30,True,0.61,96.77,1.044,2.70605,1.204,3.12077,1.94,5.02848,3.04167,7.884,140.46,364.071
2013-12-01,2013,12,31,True,14.67,76.68,0.704839,1.88784,0.813548,2.17901,1.30935,3.50698,2.05516,5.50454,90.1848,241.551
2014-01-01,2014,1,31,True,68.15,63.7,0.639032,1.71158,0.735806,1.97078,1.26,3.37478,2.0771,5.5633,100.609,269.472
2014-02-01,2014,2,28,True,48.1,83.03,0.487857,1.18022,0.562857,1.36166,0.92,2.22566,1.465,3.54413,87.5775,211.867
2014-03-01,2014,3,31,True,14.53,153.29,0.386129,1.03421,0.442581,1.18541,0.717419,1.92154,1.13226,3.03264,76.6865,205.397
2014-04-01,2014,4,30,True,2.75,226.13,0.231333,0.599616,0.266,0.689472,0.435333,1.12838,0.693333,1.79712,42.8593,111.091
2014-05-01,2014,5,31,True,15.04,254.99,0.142903,0.382752,0.164839,0.441504,0.270645,0.724896,0.434194,1.16294,42.161,112.924
2014-06-01,2014,6,30,True,19.49,216.83,0.092,0.238464,0.105,0.27216,0.176,0.456192,0.284667,0.737856,81.5433,211.36
2014-07-01,2014,7,31,True,290.6,118.9,1.46323,3.9191,1.59968,4.28458,2.1171,5.67043,2.86161,7.66454,800.638,2144.43
2014-08-01,2014,8,31,True,105.25,139.43,0.819032,2.1937,0.905484,2.42525,1.24484,3.33418,1.61516,4.32605,678.93,1818.45
2014-09-01,2014,9,30,True,102.02,125.17,0.446333,1.1569,0.49,1.27008,0.635333,1.64678,0.816667,2.1168,258.158,669.146
2014-10-01,2014,10,31,True,56.5,115.2,0.306774,0.821664,0.344516,0.922752,0.473548,1.26835,0.64,1.71418,120.623,323.076
2014-11-01,2014,11,30,True,0,108.16,0.21,0.54432,0.235,0.60912,0.303,0.785376,0.382667,0.991872,52.916,137.158
2014-12-01,2014,12,31,True,29.56,68.97,0.203548,0.545184,0.228387,0.611712,0.300323,0.804384,0.384516,1.02989,55.601,148.922
2015-01-01,2015,1,31,True,53.24,57.93,0.402258,1.07741,0.44871,1.20182,0.612903,1.6416,0.833871,2.23344,83.3116,223.142
2015-02-01,2015,2,28,True,65.29,89.9,0.354286,0.857088,0.401786,0.972,0.660714,1.5984,1.05357,2.5488,62.3179,150.759
2015-03-01,2015,3,31,True,117.31,127.35,0.613226,1.64246,0.66871,1.79107,0.932903,2.49869,1.30161,3.48624,149.192,399.597
2015-04-01,2015,4,30,True,17.35,170.66,0.252667,0.654912,0.281,0.728352,0.385667,0.999648,0.528333,1.36944,104.278,270.288
2015-05-01,2015,5,31,True,4.06,225.43,0.183548,0.491616,0.204194,0.546912,0.276452,0.740448,0.375484,1.0057,56.4758,151.265
2015-06-01,2015,6,30,True,135.11,192.96,1.13233,2.93501,1.172,3.03782,1.328,3.44218,1.598,4.14202,316.699,820.885
2015-07-01,2015,7,31,True,353.56,122.34,4.52548,12.1211,5.04032,13.5,7.51839,20.1372,11.0494,29.5946,900.964,2413.14
2015-08-01,2015,8,31,True,237.44,112.74,3.33903,8.94326,3.72387,9.97402,5.07806,13.6011,6.91935,18.5328,905.134,2424.31
2015-09-01,2015,9,30,True,50.24,140.85,2.181,5.65315,2.48067,6.42989,3.24867,8.42054,4.088,10.5961,351.568,911.264
2015-10-01,2015,10,31,True,17.59,125.21,0.987097,2.64384,1.13226,3.03264,1.57581,4.22064,2.13194,5.71018,126.158,337.902
2015-11-01,2015,11,30,True,2.34,95.55,0.588667,1.52582,0.674667,1.74874,0.971667,2.51856,1.36833,3.54672,67.8497,175.866
2015-12-01,2015,12,31,True,5.11,77.22,0.449032,1.20269,0.514516,1.37808,0.751613,2.01312,1.0771,2.8849,52.4977,140.61
2016-01-01,2016,1,31,True,0.76,77.33,0.368387,0.986688,0.422903,1.1327,0.625484,1.6753,0.907097,2.42957,40.91,109.573
2016-02-01,2016,2,29,True,11.07,106.65,0.297586,0.745632,0.342759,0.858816,0.512414,1.2839,0.75069,1.88093,40.3214,101.029
2016-03-01,2016,3,31,True,47.42,160.87,0.224839,0.602208,0.25871,0.692928,0.398387,1.06704,0.599677,1.60618,39.2684,105.176
2016-04-01,2016,4,30,True,5.34,228.3,0.147667,0.382752,0.168333,0.43632,0.262,0.679104,0.400333,1.03766,27.2487,70.6285
2016-05-01,2016,5,31,True,50.85,201.46,0.111613,0.298944,0.129032,0.3456,0.205484,0.550368,0.324516,0.869184,55.2055,147.862
2016-06-01,2016,6,30,True,108.13,162.29,0.214,0.554688,0.239,0.619488,0.364667,0.945216,0.534667,1.38586,226.59,587.322
2016-07-01,2016,7,31,True,541.08,88.25,9.37968,25.1225,10.4671,28.0351,14.7174,39.4191,19.7855,52.9934,1356.8,3634.05
2016-08-01,2016,8,31,True,231.38,115.47,5.41,14.4901,6.0971,16.3305,8.80065,23.5716,12.7848,34.2429,1714.71,4592.67
2016-09-01,2016,9,30,True,75.08,122.29,2.83,7.33536,3.232,8.37734,4.96767,12.8762,7.49367,19.4236,470.717,1220.1
2016-10-01,2016,10,31,True,22.7,126.2,1.36742,3.6625,1.56548,4.19299,2.52839,6.77203,3.99806,10.7084,177.997,476.747
2016-11-01,2016,11,30,True,0,101.6,0.762667,1.97683,0.872333,2.26109,1.415,3.66768,2.24533,5.8199,84.8513,219.935
2016-12-01,2016,12,31,True,2.64,75.69,0.549355,1.47139,0.629032,1.6848,1.02129,2.73542,1.62677,4.35715,58.8981,157.753
2017-01-01,2017,1,31,True,42.47,73.61,0.490323,1.31328,0.557742,1.49386,0.901613,2.41488,1.43323,3.83875,70.6042,189.106
2017-02-01,2017,2,28,True,2.48,107.29,0.381071,0.921888,0.435357,1.05322,0.711429,1.72109,1.13821,2.75357,57.0246,137.954
2017-03-01,2017,3,31,True,20.43,165.7,0.284194,0.761184,0.323871,0.867456,0.528065,1.41437,0.844194,2.26109,49.0745,131.441
2017-04-01,2017,4,30,True,10.11,221.01,0.194667,0.504576,0.222333,0.576288,0.360333,0.933984,0.578,1.49818,52.3543,135.702
2017-05-01,2017,5,31,True,20.12,214.92,0.135806,0.363744,0.154516,0.413856,0.247097,0.661824,0.395806,1.06013,68.2661,182.844
2017-06-01,2017,6,30,True,88.82,179.72,0.121333,0.314496,0.133333,0.3456,0.229,0.593568,0.373,0.966816,148.979,386.154
2017-07-01,2017,7,31,True,269.14,106.77,1.31226,3.51475,1.41581,3.7921,2.02097,5.41296,2.94548,7.88918,705.351,1889.21
2017-08-01,2017,8,31,True,255.19,103.66,2.28968,6.13267,2.51258,6.7297,3.37968,9.05213,4.53871,12.1565,1101.27,2949.63
2017-09-01,2017,9,30,True,207.7,115.8,6.32333,16.3901,7.093,18.3851,9.412,24.3959,12.1303,31.4418,1448.27,3753.92
2017-10-01,2017,10,31,True,0.41,124.71,2.55581,6.84547,2.92194,7.82611,3.87935,10.3905,4.94226,13.2373,414.785,1110.96
2017-11-01,2017,11,30,True,0.13,93.3,1.26733,3.28493,1.45667,3.77568,2.05533,5.32742,2.815,7.29648,153.202,397.1
2017-12-01,2017,12,31,True,3.03,72.82,0.832581,2.22998,0.958065,2.56608,1.39548,3.73766,1.97742,5.29632,95.9365,256.956
2018-01-01,2018,1,31,True,6.46,78.93,0.64871,1.7375,0.746452,1.9993,1.10871,2.96957,1.60581,4.30099,70.9029,189.906
2018-02-01,2018,2,28,True,5.53,101.74,0.520714,1.25971,0.599286,1.44979,0.901071,2.17987,1.3225,3.19939,58.9357,142.577
2018-03-01,2018,3,31,True,8.12,171.42,0.369032,0.988416,0.424194,1.13616,0.647419,1.73405,0.964194,2.5825,47.1874,126.387
2018-04-01,2018,4,30,True,20.03,200.41,0.246667,0.63936,0.284,0.736128,0.438333,1.13616,0.658667,1.70726,50.855,131.816
2018-05-01,2018,5,31,True,16.66,219.76,0.162258,0.434592,0.187742,0.502848,0.292258,0.782784,0.444839,1.19146,50.6316,135.612
2018-06-01,2018,6,30,True,57.24,185.33,0.137667,0.356832,0.159,0.412128,0.239667,0.621216,0.360667,0.934848,172.67,447.562
2018-07-01,2018,7,31,True,328.22,112.57,2.83258,7.58678,3.14097,8.41277,4.26097,11.4126,5.6,14.999,676.738,1812.57
2018-08-01,2018,8,31,True,390.06,83.54,8.70581,23.3176,9.94677,26.6414,12.64,33.855,15.3355,41.0746,2932.69,7854.92
2018-09-01,2018,9,30,True,144.85,112.3,7.64233,19.8089,8.75267,22.6869,12.0613,31.263,16.0027,41.4789,1420.51,3681.96
2018-10-01,2018,10,31,True,0.44,130.21,1.97065,5.27818,2.26968,6.0791,3.51226,9.40723,5.29774,14.1895,390.271,1045.3
2018-11-01,2018,11,30,True,5.76,94.64,0.912333,2.36477,1.04833,2.71728,1.672,4.33382,2.60233,6.74525,148.68,385.379
2018-12-01,2018,12,31,True,0.22,76.97,0.603226,1.61568,0.693548,1.8576,1.11903,2.99722,1.76161,4.7183,89.4726,239.643
2019-01-01,2019,1,31,True,36.99,76.33,0.478065,1.28045,0.548065,1.46794,0.89129,2.38723,1.41355,3.78605,92.3342,247.308
2019-02-01,2019,2,28,True,62,75.85,0.431786,1.04458,0.4925,1.19146,0.786429,1.90253,1.24214,3.00499,125.836,304.423
2019-03-01,2019,3,31,True,10.78,151.71,0.302903,0.811296,0.349032,0.934848,0.56871,1.52323,0.908387,2.43302,89.6784,240.195
2019-04-01,2019,4,30,True,30.35,204.67,0.212,0.549504,0.242333,0.628128,0.399,1.03421,0.642667,1.66579,76.3207,197.823
2019-05-01,2019,5,31,True,7.71,253.75,0.133548,0.357696,0.151935,0.406944,0.249032,0.667008,0.406774,1.0895,49.2539,131.922
2019-06-01,2019,6,30,True,29.59,209.41,0.0923333,0.239328,0.105333,0.273024,0.178667,0.463104,0.290667,0.753408,111.983,290.261
2019-07-01,2019,7,31,True,396.19,120.48,2.4429,6.54307,2.73387,7.3224,4.61581,12.363,7.34645,19.6767,696.741,1866.15
2019-08-01,2019,8,31,True,226.47,115.2,2.25161,6.03072,2.47452,6.62774,3.73774,10.0112,5.64097,15.1088,948.803,2541.27
2019-09-01,2019,9,30,True,143.3,100.22,2.21133,5.73178,2.433,6.30634,3.527,9.14198,5.13633,13.3134,545.829,1414.79
2019-10-01,2019,10,31,True,6.04,113.75,1.28065,3.43008,1.44226,3.86294,2.18226,5.84496,3.28645,8.80243,271.985,728.485
2019-11-01,2019,11,30,True,9.79,95.45,0.878333,2.27664,0.997667,2.58595,1.54467,4.00378,2.36733,6.13613,113.265,293.583
2019-12-01,2019,12,31,True,66.05,57.79,0.80129,2.14618,0.908065,2.43216,1.4,3.74976,2.13032,5.70586,129.377,346.523
2020-01-01,2020,1,31,True,79.87,61.34,0.682903,1.82909,0.770968,2.06496,1.18065,3.16224,1.80323,4.82976,174.47,467.301
2020-02-01,2020,2,29,True,33.21,90.13,0.603793,1.51286,0.677241,1.6969,1.02241,2.56176,1.54828,3.87936,105.645,264.704
2020-03-01,2020,3,31,True,114.32,130.01,0.932903,2.49869,1.03452,2.77085,1.51452,4.05648,2.21903,5.94346,152.25,407.786
2020-04-01,2020,4,30,True,30.45,177.53,0.428333,1.11024,0.479,1.24157,0.702667,1.82131,1.038,2.6905,95.9037,248.582
2020-05-01,2020,5,31,True,26.47,199.15,0.305161,0.817344,0.343226,0.919296,0.509032,1.36339,0.76129,2.03904,108.259,289.96
2020-06-01,2020,6,30,True,69.84,152.34,0.245667,0.636768,0.276,0.715392,0.416667,1.08,0.624,1.61741,210.77,546.317
2020-07-01,2020,7,31,True,199.83,119.78,0.514839,1.37894,0.569355,1.52496,0.897097,2.40278,1.36516,3.65645,400.307,1072.18
2020-08-01,2020,8,31,True,264.68,108.11,2.29032,6.1344,2.56548,6.87139,3.78355,10.1339,5.40323,14.472,821.048,2199.1
2020-09-01,2020,9,30,True,37.8,126.36,0.992,2.57126,1.10233,2.85725,1.45933,3.78259,1.92167,4.98096,382.599,991.696
2020-10-01,2020,10,31,True,0,133.05,0.678065,1.81613,0.760645,2.03731,1.03548,2.77344,1.39677,3.74112,121.845,326.348
2020-11-01,2020,11,30,True,5.21,94.39,0.478667,1.2407,0.539,1.39709,0.747,1.93622,1.029,2.66717,65.8683,170.731
2020-12-01,2020,12,31,True,0.72,73.42,0.386129,1.03421,0.435484,1.1664,0.610968,1.63642,0.848065,2.27146,47.7571,127.913
2021-01-01,2021,1,31,True,10.62,68.99,0.350645,0.939168,0.398065,1.06618,0.56129,1.50336,0.785161,2.10298,42.581,114.049
2021-02-01,2021,2,28,True,6.66,100.16,0.311429,0.753408,0.352143,0.851904,0.504643,1.22083,0.7125,1.72368,38.3518,92.7806
2021-03-01,2021,3,31,True,2.42,168.52,0.248387,0.66528,0.282903,0.757728,0.406452,1.08864,0.579032,1.55088,30.9552,82.9103
2021-04-01,2021,4,30,True,6.09,218.37,0.183,0.474336,0.206333,0.534816,0.301,0.780192,0.432667,1.12147,33.8903,87.8437
2021-05-01,2021,5,31,True,109.49,174.54,0.667419,1.78762,0.727097,1.94746,0.924516,2.47622,1.13742,3.04646,445.05,1192.02
2021-06-01,2021,6,30,True,81.9,146.91,0.187667,0.486432,0.205667,0.533088,0.287667,0.745632,0.407,1.05494,749.022,1941.47
2021-07-01,2021,7,31,True,335.05,121.95,2.49516,6.68304,2.8071,7.51853,5.57161,14.923,9.95097,26.6527,793.292,2124.75
2021-08-01,2021,8,31,True,224.32,113.78,1.97129,5.2799,2.19645,5.88298,3.13419,8.39462,4.32839,11.5932,1019.97,2731.89
2021-09-01,2021,9,30,True,189.78,106.72,1.86567,4.83581,2.10633,5.45962,3.588,9.3001,5.928,15.3654,715.689,1855.07
2021-10-01,2021,10,31,True,146.64,114.6,4.1129,11.016,4.62452,12.3863,6.62258,17.7379,9.33806,25.0111,1219.83,3267.2
2021-11-01,2021,11,30,True,0,88.41,1.41367,3.66422,1.60933,4.17139,2.35333,6.09984,3.395,8.79984,230.989,598.724
2021-12-01,2021,12,31,True,2.74,68.4,1,2.6784,1.14484,3.06634,1.72581,4.6224,2.55355,6.83942,113.398,303.726
2022-01-01,2022,1,31,True,103.17,53.68,1.01323,2.71382,1.1571,3.09917,1.76097,4.71658,2.63839,7.06666,145.72,390.296
2022-02-01,2022,2,28,True,75,83.8,1.2875,3.11472,1.465,3.54413,2.11214,5.1097,2.99429,7.24378,163.317,395.096
2022-03-01,2022,3,31,True,0.06,155.64,0.815806,2.18506,0.928387,2.48659,1.38484,3.70915,2.04032,5.4648,108.316,290.115
2022-04-01,2022,4,30,True,3.17,213.42,0.534333,1.38499,0.608333,1.5768,0.928,2.40538,1.39267,3.60979,61.804,160.196
2022-05-01,2022,5,31,True,20.31,200.26,0.333548,0.893376,0.380645,1.01952,0.598387,1.60272,0.926774,2.48227,128.118,343.151
2022-06-01,2022,6,30,True,96.16,195.54,0.588,1.5241,0.602333,1.56125,0.904,2.34317,1.417,3.67286,91.802,237.951
2022-07-01,2022,7,31,True,179.67,130.76,1.09935,2.94451,1.25806,3.3696,1.94226,5.20214,2.75194,7.37078,601.542,1611.17
2022-08-01,2022,8,31,True,186.51,124.62,1.98129,5.30669,2.15903,5.78275,2.61677,7.00877,3.06613,8.21232,692.197,1853.98
2022-09-01,2022,9,30,True,253.42,102.12,4.76367,12.3474,5.252,13.6132,6.70867,17.3889,8.232,21.3373,840.079,2177.49
2022-10-01,2022,10,31,True,211.09,99.51,8.31258,22.2644,9.23129,24.7251,11.3406,30.3748,13.5042,36.1696,1796.88,4812.75
2022-11-01,2022,11,30,True,0,95.19,2.114,5.47949,2.43967,6.32362,3.10133,8.03866,3.66833,9.50832,234.488,607.792
2022-12-01,2022,12,31,True,0.08,77.45,1.13839,3.04906,1.31323,3.51734,1.74,4.66042,2.18742,5.85878,113.291,303.439
2023-01-01,2023,1,31,True,36.54,65.21,0.867742,2.32416,1.00161,2.68272,1.36645,3.6599,1.79161,4.79866,87.3258,233.893
2023-02-01,2023,2,28,True,0.57,103.03,0.6725,1.62691,0.775,1.87488,1.07679,2.60496,1.44643,3.4992,70.47,170.481
2023-03-01,2023,3,31,True,75.2,141.34,0.492581,1.31933,0.565161,1.51373,0.822581,2.2032,1.16387,3.11731,71.1719,190.627
2023-04-01,2023,4,30,True,23.26,184.02,0.344333,0.892512,0.396333,1.0273,0.579667,1.5025,0.839333,2.17555,63.8617,165.529
2023-05-01,2023,5,31,True,73.62,192.61,0.287097,0.76896,0.324839,0.870048,0.506452,1.35648,0.772581,2.06928,84.6323,226.679
2023-06-01,2023,6,30,True,126.48,185.32,0.337,0.873504,0.363667,0.942624,0.832333,2.15741,1.53733,3.98477,96.668,250.563
2023-07-01,2023,7,31,True,332.56,104.84,3.03484,8.12851,3.30968,8.86464,4.68871,12.5582,6.71419,17.9833,623.1,1668.91
2023-08-01,2023,8,31,True,255.88,118.17,4.59774,12.3146,5.22097,13.9838,8.07742,21.6346,12.3452,33.0653,1163.32,3115.85
2023-09-01,2023,9,30,True,138.79,112.58,3.011,7.80451,3.43533,8.90438,5.35933,13.8914,8.19067,21.2302,649.631,1683.84
2023-10-01,2023,10,31,True,1.41,124.45,1.53,4.09795,1.75581,4.70275,2.82516,7.56691,4.44194,11.8973,218.164,584.331
2023-11-01,2023,11,30,True,0.69,87.89,0.943,2.44426,1.08267,2.80627,1.752,4.54118,2.765,7.16688,110.01,285.146
2023-12-01,2023,12,31,True,2.25,75.52,0.685806,1.83686,0.789032,2.11334,1.27677,3.41971,2.0129,5.39136,74.5368,199.639
2024-01-01,2024,1,31,True,1.77,60.76,0.553548,1.48262,0.636129,1.70381,1.03,2.75875,1.62613,4.35542,57.929,155.157
2024-02-01,2024,2,29,True,29.08,97.17,0.494828,1.23984,0.56931,1.42646,0.917931,2.29997,1.44552,3.62189,73.1186,183.206
2024-03-01,2024,3,31,True,44.78,149.19,0.530323,1.42042,0.588387,1.57594,0.856129,2.29306,1.25548,3.36269,105.077,281.438
2024-04-01,2024,4,30,True,1.12,226.46,0.258,0.668736,0.296667,0.76896,0.467667,1.21219,0.721333,1.8697,33.4547,86.7145
2024-05-01,2024,5,31,True,2.73,228.6,0.180645,0.48384,0.207097,0.554688,0.323548,0.866592,0.493226,1.32106,45.159,120.954
2024-06-01,2024,6,30,True,94.48,204.82,0.166333,0.431136,0.188667,0.489024,0.294,0.762048,0.457,1.18454,55.1703,143.002
2024-07-01,2024,7,31,True,322.06,112.63,4.14548,11.1033,4.4471,11.9111,5.41548,14.5048,6.63581,17.7733,1306.56,3499.49
2024-08-01,2024,8,31,True,270.1,101.61,3.79323,10.1598,4.17419,11.1802,5.78935,15.5062,7.92419,21.2242,1068.71,2862.43
2024-09-01,2024,9,30,True,337.01,91.82,9.91967,25.7118,11.331,29.37,17.4763,45.2987,26.5153,68.7277,1571.38,4073.01
2024-10-01,2024,10,31,True,2.27,119.8,3.09871,8.29958,3.59742,9.63533,5.92645,15.8734,9.41226,25.2098,351.611,941.755
2024-11-01,2024,11,30,True,0.83,88.03,1.29133,3.34714,1.49833,3.88368,2.53767,6.57763,4.13833,10.7266,136.181,352.981
2024-12-01,2024,12,31,True,23.73,77.26,0.828065,2.21789,0.960323,2.57213,1.62645,4.35629,2.65516,7.11158,88.1823,236.187
2025-01-01,2025,1,31,True,6.37,70.5,0.632258,1.69344,0.732903,1.96301,1.23645,3.31171,2.01548,5.39827,81.2242,217.551
2025-02-01,2025,2,28,True,8.78,102.95,0.510357,1.23466,0.591786,1.43165,0.996071,2.4097,1.61857,3.91565,56.7432,137.273
2025-03-01,2025,3,31,True,17.63,169.42,0.39129,1.04803,0.452581,1.21219,0.755161,2.02262,1.21516,3.25469,78.5448,210.374
2025-04-01,2025,4,30,True,18.14,196.62,0.26,0.67392,0.302,0.782784,0.507667,1.31587,0.824,2.13581,42.7837,110.895
2025-05-01,2025,5,31,True,49.96,192.18,0.197419,0.528768,0.227419,0.60912,0.382903,1.02557,0.623548,1.67011,99.5097,266.527
2025-06-01,2025,6,30,True,167.24,143.15,0.723,1.87402,0.752667,1.95091,0.924,2.39501,1.12533,2.91686,173.996,450.997
2025-07-01,2025,7,31,True,210.94,119.72,1.51935,4.06944,1.68742,4.51958,2.55065,6.83165,3.78935,10.1494,1169.93,3133.54
2025-08-01,2025,8,31,True,476.45,95.03,9.61871,25.7628,10.8894,29.166,16.6342,44.553,24.8958,66.6809,1622.67,4346.17
2025-09-01,2025,9,30,True,192.75,110.45,9.55067,24.7553,10.92,28.3046,16.4463,42.6289,24.3223,63.0435,1599.56,4146.06
2025-10-01,2025,10,31,True,42.6,105.86,2.22806,5.96765,2.56323,6.86534,4.13839,11.0843,6.51,17.4364,328.687,880.355
2025-11-01,2025,11,30,True,1.2,96.86,1.049,2.71901,1.20733,3.12941,1.96233,5.08637,3.10667,8.05248,131.194,340.056
2025-12-01,2025,12,31,True,0.03,65.82,0.719032,1.92586,0.828387,2.21875,1.34548,3.60374,2.13129,5.70845,87.1419,233.401
2026-01-01,2026,1,31,True,38.31,68.45,0.614194,1.64506,0.70871,1.89821,1.15903,3.10435,1.84645,4.94554,82.5635,221.138
2026-02-01,2026,2,28,True,1.26,97.2,0.495357,1.19837,0.572143,1.38413,0.939643,2.27318,1.49821,3.62448,71.0029,171.77
2026-03-01,2026,3,31,True,14.38,145.99,0.360968,0.966816,0.417097,1.11715,0.689355,1.84637,1.10935,2.9713,71.8926,192.557
2026-04-01,2026,4,30,True,27.24,203.46,0.249667,0.647136,0.287,0.743904,0.481333,1.24762,0.783,2.02954,57.693,149.54
2026-05-01,2026,5,31,True,48.93,198.22,0.188065,0.503712,0.215161,0.576288,0.37871,1.01434,0.636452,1.70467,64.8668,173.739
2026-06-01,2026,6,30,True,65.23,189.35,0.127,0.329184,0.146,0.378432,0.25,0.648,0.415,1.07568,97.0947,251.669
2026-07-01,2026,7,31,True,274.65,114.55,1.56355,4.18781,1.70839,4.57574,2.39613,6.41779,3.24355,8.68752,905.706,2425.84
2026-08-01,2026,8,31,True,267.22,99.43,2.00516,5.37062,2.19871,5.88902,3.35226,8.97869,5.03774,13.4931,800.771,2144.79
2026-09-01,2026,9,24,False,223.34,78.09,8.46292,17.5487,9.56417,19.8323,14.0921,29.2213,20.5833,42.6816,1615.87,3350.67
